5,1,0,1
1,1,0,1
-4,1,1,1
-3,1,1,1
-4,1,0,1
5,1,1,1
-3,1,1,1
4,1,1,1
1,1,1,1
5,1,1,1
4,1,1,1
5,1,1,1
3,1,1,1
-2,1,1,1
-2,1,0,1
-4,1,1,1
1,1,1,1
5,1,1,1
4,1,1,1
5,1,1,1
3,1,1,1
3,1,1,1
5,1,1,1
5,1,1,1
4,1,1,1
5,1,1,1
5,1,1,1
5,1,1,1
-4,1,1,1
5,1,0,2
0,1,1,2
4,1,1,2
-2,1,0,2
5,1,1,2
-4,1,1,2
4,1,1,2
-4,1,1,2
5,1,1,2
4,1,0,2
4,1,1,2
4,1,1,2
-4,1,1,2
-4,1,1,2
-2,1,1,2
3,1,1,2
5,1,1,2
-4,1,1,2
5,1,1,2
5,1,1,2
-3,1,0,2
-3,1,0,2
-3,1,1,2
4,1,1,2
3,1,1,2
5,1,1,2
-4,1,0,2
5,1,1,5
0,1,1,5
-2,1,0,5
5,1,1,5
5,1,1,5
5,1,0,5
-2,1,0,5
5,1,1,5
-4,1,1,5
5,1,0,5
5,1,1,5
4,1,1,5
-4,1,0,5
4,1,1,5
4,1,1,5
5,1,1,5
3,1,0,5
5,1,1,5
4,1,0,5
-2,1,1,5
-3,1,1,5
-2,1,0,5
-4,1,1,5
3,1,0,5
-3,1,0,5
-4,1,0,5
-4,1,0,5
-4,1,1,5
3,1,0,5
5,1,1,12
5,1,1,12
5,1,1,12
5,1,1,12
5,1,1,12
5,1,1,12
-3,1,0,12
-3,1,0,12
3,1,1,12
-4,1,1,12
5,1,1,12
5,1,1,12
5,1,1,12
5,1,1,12
4,1,1,12
2,1,1,12
4,1,1,12
4,1,1,12
5,1,1,12
3,1,1,12
5,1,1,12
-4,1,0,12
4,1,1,12
-2,1,0,12
4,1,1,12
-4,1,0,12
-4,1,0,12
4,1,1,12
-1,1,1,14
-3,1,1,14
5,1,1,14
5,1,1,14
-2,1,1,14
5,1,1,14
4,1,1,14
5,1,0,14
3,1,1,14
-3,1,1,14
-4,1,1,14
-4,1,1,14
-2,1,1,14
5,1,1,14
-4,1,1,14
-3,1,1,14
-4,1,1,14
5,1,1,14
4,1,1,14
5,1,1,14
5,1,1,14
3,1,1,14
5,1,1,14
5,1,1,14
4,1,1,14
-3,1,0,14
5,1,1,14
5,1,0,17
5,1,0,17
4,1,0,17
-4,1,1,17
-3,1,0,17
4,1,1,17
-4,1,1,17
4,1,1,17
3,1,0,17
-3,1,0,17
5,1,0,17
-2,1,0,17
5,1,0,17
4,1,0,17
-4,1,1,17
-4,1,1,17
3,1,0,17
-4,1,1,17
5,1,1,17
5,1,0,17
4,1,1,17
-4,1,0,17
-2,1,0,17
5,1,1,17
-3,1,1,17
3,1,1,17
-4,1,0,18
-4,1,1,18
3,1,0,18
-4,1,1,18
-4,1,1,18
4,1,1,18
5,1,1,18
-4,1,0,18
-3,1,1,18
-2,1,1,18
-4,1,1,18
-3,1,0,18
3,1,1,18
4,1,0,18
5,1,1,18
-2,1,1,18
-4,1,1,18
-4,1,1,18
3,1,1,18
-2,1,0,18
3,1,1,18
-4,1,0,18
-4,1,1,18
5,1,1,18
5,1,1,18
5,1,1,18
3,1,1,18
5,1,1,18
5,1,1,21
-2,1,1,21
-4,1,1,21
5,1,1,21
-4,1,0,21
-3,1,1,21
3,1,1,21
-3,1,1,21
3,1,1,21
3,1,1,21
3,1,1,21
-2,1,1,21
3,1,1,21
-3,1,1,21
-2,1,1,21
-4,1,1,21
-2,1,1,21
-2,1,1,21
-3,1,0,21
-4,1,1,21
1,1,1,21
3,1,1,21
4,1,1,21
-3,1,1,21
-4,1,1,21
4,1,1,21
5,1,1,21
5,1,1,21
-4,1,1,21
-3,1,0,21
-3,1,0,23
-2,1,1,23
1,1,1,23
5,1,1,23
-4,1,0,23
5,1,0,23
-3,1,1,23
3,1,0,23
5,1,1,23
4,1,1,23
-4,1,1,23
-4,1,1,23
5,1,1,23
3,1,1,23
-1,1,1,23
4,1,1,23
5,1,1,23
5,1,1,23
1,1,1,23
-2,1,1,23
5,1,1,23
5,1,1,23
5,1,1,23
-2,1,1,23
4,1,1,23
-4,1,1,23
5,1,1,23
5,1,1,23
5,1,1,23
4,1,1,23
-4,1,1,23
-4,1,1,24
-4,1,0,24
5,1,0,24
4,1,1,24
-4,1,0,24
-2,1,0,24
5,1,1,24
5,1,1,24
4,1,0,24
5,1,0,24
4,1,1,24
-4,1,1,24
4,1,0,24
-4,1,1,24
-4,1,1,24
-4,1,0,24
3,1,1,24
-2,1,1,24
3,1,0,24
5,1,0,24
-4,1,0,24
-2,1,1,24
-3,1,0,24
-4,1,0,24
5,1,1,24
-3,1,1,24
-4,1,1,25
3,1,1,25
-4,1,1,25
3,1,1,25
-4,1,1,25
-2,1,0,25
-4,1,0,25
-4,1,0,25
4,1,1,25
-2,1,0,25
4,1,1,25
4,1,1,25
3,1,1,25
3,1,1,25
4,1,1,25
4,1,1,25
-4,1,0,25
-4,1,1,25
4,1,1,25
3,1,1,25
5,1,1,25
4,1,1,25
5,1,1,25
3,1,1,25
-4,1,0,25
-4,1,1,25
5,1,1,25
-3,1,0,26
-4,1,0,26
-2,1,1,26
-3,1,0,26
-2,1,0,26
3,1,1,26
3,1,1,26
5,1,1,26
-4,1,1,26
-4,1,1,26
-2,1,0,26
3,1,1,26
-4,1,0,26
-3,1,1,26
2,1,1,26
3,1,0,26
5,1,1,26
5,1,1,26
5,1,1,26
5,1,1,26
5,1,1,26
-4,1,0,26
-3,1,1,26
5,1,1,26
4,1,0,26
5,1,1,26
-3,1,0,26
-4,1,0,26
4,1,1,26
5,1,0,27
-3,1,1,27
-4,1,1,27
5,1,1,27
3,1,1,27
-3,1,1,27
-2,1,1,27
-2,1,1,27
3,1,1,27
5,1,1,27
-4,1,0,27
3,1,1,27
5,1,1,27
5,1,1,27
-4,1,0,27
4,1,1,27
5,1,1,27
-2,1,1,27
5,1,1,27
5,1,1,27
3,1,1,27
3,1,1,27
4,1,1,27
4,1,1,27
4,1,1,27
5,1,1,27
5,1,1,27
5,1,1,27
4,1,1,28
-2,1,1,28
-2,1,1,28
-4,1,1,28
-2,1,1,28
2,1,1,28
4,1,1,28
-4,1,1,28
-3,1,1,28
-3,1,1,28
5,1,1,28
5,1,1,28
-2,1,1,28
3,1,1,28
4,1,1,28
-2,1,1,28
-4,1,1,28
-2,1,1,28
-4,1,1,28
-3,1,1,28
-3,1,1,28
-2,1,1,28
5,1,1,28
5,1,1,28
4,1,1,28
2,1,1,28
5,1,1,28
3,1,1,28
-2,1,0,28
5,1,1,28
-4,1,1,29
4,1,0,29
5,1,1,29
-4,1,1,29
-4,1,1,29
3,1,1,29
-3,1,0,29
5,1,1,29
-4,1,0,29
5,1,1,29
-2,1,0,29
-4,1,0,29
5,1,1,29
4,1,1,29
-3,1,1,29
4,1,1,29
4,1,1,29
5,1,1,29
3,1,1,29
5,1,0,29
5,1,1,29
-4,1,1,29
3,1,1,29
4,1,1,29
5,1,0,29
5,1,0,29
5,1,1,32
-4,1,1,32
-4,1,1,32
-2,1,1,32
-2,1,1,32
-4,1,1,32
-3,1,1,32
3,1,1,32
3,1,1,32
3,1,1,32
-4,1,1,32
-4,1,1,32
-4,1,1,32
-4,1,1,32
-4,1,1,32
3,1,1,32
3,1,1,32
5,1,1,32
-4,1,1,32
5,1,1,32
5,1,1,32
-3,1,1,32
-4,1,1,32
5,1,1,32
-2,1,1,32
-4,1,1,32
4,1,1,32
-4,1,0,35
-4,1,1,35
-4,1,0,35
-2,1,1,35
-2,1,1,35
-3,1,0,35
-4,1,1,35
3,1,0,35
5,1,0,35
-2,1,1,35
-2,1,0,35
-2,1,1,35
5,1,1,35
-2,1,0,35
3,1,1,35
4,1,1,35
5,1,0,35
-3,1,0,35
-4,1,0,35
4,1,1,35
4,1,1,35
5,1,0,35
4,1,1,35
5,1,1,35
-2,1,1,35
5,1,0,35
5,1,0,35
-4,1,1,36
-2,1,0,36
-4,1,1,36
-4,1,1,36
5,1,0,36
5,1,1,36
3,1,1,36
4,1,1,36
-4,1,0,36
4,1,1,36
-2,1,0,36
-4,1,0,36
3,1,1,36
-2,1,0,36
-4,1,0,36
-4,1,0,36
-2,1,0,36
4,1,1,36
3,1,1,36
-4,1,0,36
-4,1,0,36
-3,1,0,36
3,1,1,36
-4,1,0,36
-4,1,1,36
-4,1,0,36
-3,1,1,36
-2,1,0,36
-4,1,0,36
-1,1,1,36
5,1,1,37
5,1,1,37
-2,1,1,37
4,1,0,37
3,1,1,37
4,1,1,37
-2,1,1,37
-4,1,1,37
-4,1,1,37
5,1,0,37
5,1,0,37
4,1,1,37
5,1,1,37
3,1,1,37
3,1,1,37
-2,1,0,37
-2,1,0,37
-4,1,0,37
-4,1,0,37
5,1,1,37
-3,1,1,37
-2,1,1,37
-3,1,1,37
-3,1,1,37
5,1,1,37
3,1,1,37
-4,1,1,37
5,1,1,37
-2,1,0,38
5,1,1,38
5,1,1,38
-3,1,1,38
-2,1,1,38
5,1,1,38
4,1,1,38
5,1,1,38
5,1,1,38
-4,1,1,38
5,1,1,38
-3,1,1,38
-4,1,1,38
-2,1,1,38
-3,1,0,38
5,1,1,38
5,1,1,38
4,1,1,38
4,1,1,38
-4,1,0,38
-3,1,1,38
-4,1,0,38
5,1,1,38
-4,1,0,38
-2,1,0,38
5,1,1,38
-3,1,1,43
4,1,1,43
5,1,1,43
4,1,1,43
-4,1,1,43
-4,1,1,43
-4,1,1,43
5,1,1,43
3,1,1,43
3,1,1,43
4,1,1,43
4,1,1,43
-3,1,1,43
-2,1,1,43
3,1,1,43
-4,1,1,43
-4,1,1,43
1,1,1,43
4,1,1,43
-4,1,1,43
3,1,1,43
0,1,1,43
-2,1,1,43
5,1,1,43
5,1,1,43
-4,1,1,43
3,1,1,43
-4,1,1,43
-2,1,1,46
-4,1,1,46
5,1,1,46
4,1,1,46
5,1,1,46
-2,1,0,46
-4,1,1,46
4,1,1,46
-4,1,1,46
3,1,1,46
-3,1,0,46
5,1,1,46
-4,1,1,46
-2,1,1,46
5,1,1,46
5,1,0,46
5,1,1,46
3,1,0,46
3,1,1,46
4,1,1,46
5,1,1,46
3,1,1,46
5,1,1,46
3,1,1,46
5,1,1,46
5,1,1,46
-4,1,0,46
-2,1,1,49
4,1,1,49
4,1,1,49
-4,1,0,49
4,1,1,49
-2,1,1,49
-2,1,0,49
-3,1,0,49
4,1,0,49
-4,1,0,49
5,1,1,49
3,1,1,49
5,1,0,49
-4,1,1,49
5,1,1,49
-4,1,1,49
4,1,1,49
-2,1,1,49
-2,1,1,49
5,1,1,49
5,1,1,49
5,1,1,49
5,1,1,49
5,1,1,49
-4,1,1,49
1,1,1,50
-3,1,1,50
-4,1,0,50
-3,1,0,50
-2,1,1,50
-3,1,1,50
3,1,1,50
3,1,1,50
5,1,1,50
4,1,1,50
-4,1,0,50
-4,1,0,50
-2,1,0,50
3,1,1,50
-4,1,1,50
-3,1,1,50
2,1,1,50
3,1,1,50
5,1,1,50
5,1,1,50
5,1,1,50
5,1,1,50
5,1,1,50
-4,1,1,50
-3,1,1,50
5,1,1,50
4,1,1,50
5,1,1,50
-3,1,0,50
-4,1,1,50
4,1,1,50
-2,1,1,51
-4,1,1,51
5,1,1,51
4,1,1,51
-4,1,1,51
-3,1,0,51
-3,1,1,51
5,1,0,51
5,1,1,51
5,1,1,51
5,1,1,51
5,1,1,51
3,1,1,51
4,1,1,51
-2,1,1,51
3,1,1,51
4,1,0,51
-4,1,1,51
-4,1,1,51
5,1,1,51
5,1,0,51
5,1,1,51
-4,1,1,51
-4,1,1,51
5,1,1,52
-2,1,1,52
-4,1,1,52
0,1,1,52
3,1,1,52
5,1,1,52
-3,1,1,52
-4,1,1,52
-4,1,0,52
-4,1,1,52
-4,1,1,52
-4,1,1,52
-4,1,0,52
-4,1,1,52
-4,1,1,52
-2,1,1,52
5,1,1,52
4,1,1,52
4,1,1,52
5,1,1,52
3,1,1,52
4,1,1,52
5,1,1,52
-4,1,1,52
-2,1,1,52
-3,1,1,52
-3,1,0,52
4,1,1,52
5,1,1,52
5,1,0,53
5,1,1,53
5,1,1,53
5,1,1,53
-4,1,1,53
-2,1,1,53
5,1,1,53
-4,1,0,53
4,1,1,53
-2,1,1,53
3,1,1,53
5,1,1,53
-4,1,1,53
4,1,1,53
-4,1,1,53
-4,1,0,53
3,1,1,53
5,1,1,53
4,1,1,53
-4,1,1,53
-4,1,1,53
3,1,0,53
-2,1,0,53
3,1,1,53
-2,1,0,53
4,1,1,53
5,1,1,55
3,1,1,55
5,1,1,55
-3,1,1,55
5,1,1,55
-4,1,1,55
-2,1,1,55
-4,1,1,55
-4,1,1,55
-3,1,0,55
-4,1,1,55
3,1,1,55
5,1,1,55
-3,1,0,55
5,1,1,55
5,1,0,55
3,1,1,55
-4,1,1,55
-4,1,1,55
-3,1,1,55
5,1,1,55
5,1,1,55
-2,1,1,55
-3,1,1,55
-4,1,1,55
4,1,1,55
2,1,1,55
-4,1,0,55
5,1,1,56
5,1,1,56
5,1,0,56
4,1,0,56
4,1,0,56
-4,1,1,56
-4,1,1,56
4,1,1,56
-3,1,1,56
-2,1,1,56
-4,1,1,56
3,1,1,56
-3,1,1,56
-3,1,1,56
3,1,1,56
5,1,1,56
-4,1,0,56
-2,1,1,56
-4,1,1,56
-2,1,1,56
3,1,1,56
-3,1,1,56
5,1,1,56
-4,1,1,56
-2,1,1,56
3,1,1,56
5,1,1,56
4,1,1,56
-2,1,1,57
-4,1,1,57
-4,1,1,57
3,1,1,57
5,1,1,57
5,1,1,57
5,1,1,57
5,1,1,57
4,1,1,57
4,1,0,57
1,1,1,57
-4,1,1,57
-4,1,1,57
4,1,1,57
5,1,1,57
5,1,0,57
-4,1,1,57
3,1,1,57
5,1,1,57
-4,1,1,57
5,1,1,57
4,1,0,57
5,1,1,57
3,1,1,57
4,1,1,57
-4,1,1,57
2,1,1,57
4,1,1,57
-4,1,1,58
-4,1,1,58
5,1,1,58
-4,1,1,58
4,1,1,58
5,1,1,58
5,1,1,58
5,1,1,58
5,1,1,58
4,1,1,58
5,1,1,58
5,1,1,58
-3,1,1,58
5,1,1,58
4,1,1,58
3,1,1,58
-2,1,1,58
4,1,1,58
-2,1,1,58
1,1,1,58
-4,1,1,58
5,1,1,58
-3,1,1,58
-2,1,1,58
-3,1,1,58
1,1,1,58
-4,1,1,58
-3,1,1,58
-4,1,0,60
3,1,1,60
-4,1,0,60
-4,1,1,60
5,1,1,60
3,1,1,60
5,1,1,60
5,1,0,60
4,1,1,60
3,1,1,60
3,1,1,60
5,1,1,60
5,1,1,60
5,1,1,60
-3,1,0,60
-2,1,1,60
-3,1,1,60
5,1,1,60
5,1,1,60
5,1,1,60
4,1,1,60
-4,1,1,60
4,1,1,60
5,1,1,60
3,1,1,60
-2,1,1,60
-4,1,0,63
5,1,0,63
5,1,1,63
5,1,1,63
-3,1,1,63
-3,1,1,63
-4,1,1,63
5,1,1,63
-2,1,1,63
1,1,1,63
-3,1,1,63
4,1,0,63
5,1,1,63
5,1,1,63
-2,1,0,63
-4,1,0,63
-2,1,1,63
5,1,1,63
5,1,1,63
-4,1,1,63
-4,1,1,63
-3,1,1,63
-4,1,1,63
-2,1,1,63
-4,1,1,63
-3,1,1,63
-4,1,1,63
-1,1,1,63
3,1,1,63
5,1,1,68
-3,1,1,68
5,1,0,68
5,1,1,68
1,1,0,68
3,1,0,68
5,1,0,68
5,1,1,68
-4,1,0,68
4,1,1,68
5,1,0,68
3,1,1,68
5,1,0,68
-2,1,1,68
-4,1,1,68
4,1,1,68
-3,1,0,68
-4,1,0,68
5,1,1,68
5,1,0,68
5,1,1,68
-2,1,0,68
4,1,1,68
5,1,1,68
5,1,0,68
-3,1,1,68
1,1,1,68
5,1,0,68
-4,1,1,69
-3,1,1,69
-4,1,0,69
5,1,1,69
-4,1,1,69
-4,1,0,69
-4,1,1,69
4,1,1,69
5,1,1,69
5,1,1,69
5,1,1,69
5,1,1,69
4,1,1,69
5,1,1,69
3,1,0,69
-3,1,1,69
-4,1,1,69
-4,1,1,69
5,1,0,69
5,1,0,69
3,1,0,69
3,1,1,69
2,1,0,69
5,1,1,69
4,1,1,69
-4,1,0,69
-4,1,1,69
-4,1,0,69
2,1,1,70
-2,1,1,70
-3,1,1,70
4,1,1,70
4,1,1,70
2,1,1,70
5,1,1,70
5,1,1,70
4,1,1,70
4,1,1,70
5,1,1,70
3,1,1,70
-4,1,1,70
3,1,1,70
-1,1,0,70
-1,1,1,70
4,1,1,70
-2,1,1,70
5,1,1,70
4,1,1,70
5,1,0,70
3,1,0,70
-3,1,0,70
-4,1,0,70
-3,1,1,70
-4,1,0,70
3,1,0,70
-3,1,0,70
4,1,1,70
5,1,1,70
5,1,1,70
4,1,1,70
3,1,1,71
-3,1,1,71
5,1,1,71
-3,1,0,71
5,1,1,71
5,1,0,71
5,1,0,71
5,1,1,71
5,1,0,71
5,1,1,71
4,1,1,71
5,1,1,71
5,1,1,71
5,1,1,71
5,1,1,71
5,1,1,71
-2,1,1,71
-4,1,0,71
-4,1,0,71
5,1,1,71
-4,1,0,71
3,1,1,71
-3,1,0,71
-4,1,1,71
-3,1,1,71
4,1,1,71
0,1,1,74
-4,1,1,74
5,1,1,74
5,1,1,74
-4,1,1,74
-4,1,1,74
-4,1,1,74
-4,1,0,74
5,1,0,74
4,1,1,74
-3,1,0,74
5,1,1,74
-2,1,1,74
5,1,1,74
5,1,1,74
4,1,1,74
5,1,1,74
-3,1,1,74
-3,1,1,74
5,1,1,74
5,1,1,74
-3,1,1,74
-2,1,1,74
5,1,1,74
4,1,1,74
5,1,1,74
-3,1,0,74
-4,1,0,76
-2,1,1,76
5,1,1,76
2,1,1,76
4,1,1,76
5,1,0,76
5,1,0,76
-4,1,1,76
-4,1,1,76
5,1,1,76
3,1,1,76
3,1,1,76
3,1,0,76
-4,1,0,76
-3,1,1,76
-2,1,1,76
-2,1,1,76
-3,1,1,76
3,1,1,76
4,1,1,76
-4,1,1,76
-4,1,0,76
5,1,1,76
3,1,1,76
4,1,1,76
5,1,1,76
3,1,0,76
3,1,1,77
-4,1,0,77
-4,1,1,77
-3,1,1,77
3,1,1,77
4,1,1,77
5,1,1,77
4,1,1,77
3,1,1,77
-4,1,1,77
-4,1,1,77
5,1,1,77
3,1,1,77
-4,1,0,77
5,1,1,77
5,1,1,77
5,1,1,77
-3,1,0,77
5,1,1,77
5,1,1,77
-3,1,1,77
3,1,1,77
-4,1,1,77
-4,1,0,77
-4,1,0,77
5,1,0,77
0,1,1,78
5,1,0,78
3,1,0,78
-2,1,1,78
4,1,0,78
-2,1,0,78
-4,1,0,78
3,1,0,78
-3,1,0,78
-3,1,1,78
5,1,1,78
-4,1,0,78
-3,1,1,78
-4,1,0,78
-4,1,0,78
-2,1,1,78
5,1,1,78
5,1,1,78
5,1,1,78
-4,1,0,78
4,1,1,78
5,1,1,78
-3,1,1,78
-2,1,0,78
4,1,1,78
2,1,1,78
-4,1,0,78
-2,1,1,78
-3,1,0,78
5,1,1,78
-2,1,0,80
-4,1,1,80
-4,1,1,80
5,1,0,80
-4,1,0,80
5,1,1,80
4,1,1,80
-4,1,0,80
-4,1,1,80
-4,1,1,80
-4,1,1,80
-2,1,0,80
-1,1,1,80
4,1,0,80
4,1,1,80
-2,1,0,80
3,1,1,80
2,1,1,80
4,1,1,80
3,1,1,80
-3,1,1,80
5,1,1,80
4,1,1,80
3,1,1,80
3,1,1,80
2,1,1,80
-2,1,0,80
3,1,0,80
-4,1,0,80
-4,1,1,80
-3,1,1,81
-4,1,0,81
5,1,1,81
3,1,1,81
5,1,1,81
-3,1,0,81
5,1,1,81
-4,1,0,81
-2,1,0,81
-4,1,1,81
3,1,1,81
3,1,1,81
-4,1,1,81
-4,1,0,81
-3,1,0,81
-2,1,1,81
-4,1,1,81
-4,1,0,81
-4,1,1,81
4,1,1,81
-4,1,1,81
3,1,1,81
5,1,1,81
5,1,1,81
-2,1,1,81
5,1,1,81
-4,1,0,81
-3,1,1,81
4,1,1,83
5,1,0,83
5,1,1,83
3,1,0,83
-2,1,1,83
-2,1,1,83
-2,1,1,83
0,1,1,83
-4,1,1,83
-3,1,1,83
-4,1,1,83
4,1,0,83
-2,1,0,83
5,1,1,83
5,1,0,83
-3,1,1,83
-4,1,1,83
-4,1,1,83
4,1,0,83
-3,1,1,83
5,1,0,83
-4,1,1,83
4,1,1,83
5,1,1,83
5,1,0,83
-1,1,0,83
5,1,0,83
-4,1,1,86
-2,1,1,86
-2,1,1,86
3,1,1,86
3,1,0,86
3,1,1,86
5,1,1,86
3,1,1,86
5,1,1,86
-2,1,0,86
-2,1,0,86
4,1,1,86
5,1,1,86
-4,1,0,86
-3,1,0,86
-4,1,1,86
3,1,1,86
-4,1,1,86
-3,1,1,86
5,1,1,86
-4,1,0,86
-4,1,0,86
5,1,1,86
3,1,1,86
-3,1,0,86
-2,1,1,86
-4,1,0,86
-2,1,1,90
-4,1,0,90
-3,1,1,90
-3,1,1,90
-3,1,1,90
-2,1,1,90
5,1,1,90
-2,1,1,90
-4,1,1,90
-4,1,1,90
3,1,1,90
-3,1,1,90
-3,1,1,90
5,1,1,90
-4,1,1,90
-3,1,1,90
-3,1,1,90
5,1,1,90
5,1,1,90
5,1,1,90
5,1,1,90
4,1,1,90
3,1,1,90
5,1,1,90
-2,1,1,90
3,1,1,90
5,1,0,93
5,1,0,93
4,1,0,93
-3,1,1,93
2,1,1,93
5,1,0,93
3,1,0,93
5,1,0,93
-3,1,1,93
-3,1,0,93
-2,1,0,93
-4,1,1,93
-3,1,0,93
-2,1,1,93
-4,1,1,93
-4,1,0,93
-4,1,1,93
5,1,0,93
5,1,0,93
-4,1,0,93
5,1,1,94
-2,1,0,94
-2,1,1,94
3,1,1,94
-2,1,1,94
5,1,1,94
5,1,0,94
-2,1,1,94
-4,1,1,94
-3,1,0,94
5,1,1,94
3,1,1,94
5,1,1,94
5,1,1,94
5,1,1,94
3,1,1,94
-4,1,1,94
-4,1,0,94
-4,1,0,94
-3,1,1,94
-2,1,1,94
3,1,1,94
-2,1,1,94
5,1,1,94
5,1,1,94
4,1,1,94
-4,1,0,97
-3,1,0,97
5,1,1,97
5,1,1,97
3,1,1,97
5,1,1,97
-4,1,1,97
-4,1,1,97
-3,1,1,97
-4,1,1,97
4,1,1,97
-4,1,0,97
5,1,1,97
5,1,1,97
5,1,1,97
-2,1,1,97
-4,1,0,97
5,1,1,97
-3,1,0,97
3,1,1,97
-4,1,1,97
-3,1,0,97
3,1,1,97
4,1,1,97
3,1,1,97
5,1,1,97
3,1,1,97
2,1,1,97
5,1,1,97
4,1,1,97
3,1,1,98
4,1,1,98
-4,1,1,98
-4,1,1,98
-4,1,1,98
-4,1,1,98
-3,1,0,98
-3,1,1,98
-3,1,1,98
-2,1,1,98
4,1,1,98
5,1,1,98
5,1,1,98
5,1,1,98
5,1,1,98
-3,1,1,98
5,1,1,98
5,1,1,98
-4,1,0,98
-4,1,1,98
-4,1,0,98
-3,1,0,98
-3,1,1,98
-2,1,0,98
5,1,1,98
5,1,1,98
5,1,1,98
5,1,1,99
-4,1,1,99
-3,1,0,99
0,1,1,99
4,1,1,99
-2,1,1,99
-1,1,1,99
-3,1,1,99
5,1,1,99
4,1,1,99
4,1,1,99
5,1,0,99
3,1,1,99
4,1,1,99
3,1,1,99
-4,1,1,99
-4,1,0,99
2,1,1,99
-4,1,0,99
3,1,1,99
4,1,1,99
5,1,1,99
-3,1,1,99
5,1,1,99
-4,1,1,99
3,1,1,99
-3,1,1,99
5,1,0,101
5,1,1,101
5,1,1,101
5,1,1,101
5,1,1,101
-2,1,1,101
-4,1,1,101
5,1,1,101
5,1,1,101
3,1,1,101
5,1,1,101
-2,1,1,101
5,1,1,101
4,1,1,101
3,1,1,101
-4,1,1,101
-2,1,1,101
4,1,1,101
5,1,1,101
5,1,1,101
5,1,1,101
-4,1,1,101
-4,1,1,101
3,1,1,101
5,1,1,101
-4,1,1,102
-4,1,1,102
-4,1,1,102
3,1,1,102
3,1,1,102
-2,1,1,102
3,1,1,102
-4,1,0,102
-4,1,1,102
-4,1,1,102
5,1,1,102
5,1,1,102
5,1,1,102
4,1,1,102
5,1,1,102
5,1,1,102
5,1,1,102
3,1,1,102
5,1,1,102
-3,1,1,102
-4,1,1,102
-4,1,0,102
-4,1,1,102
-1,1,1,102
-4,1,1,102
-2,1,1,102
-4,1,1,102
3,1,1,102
1,1,1,102
3,1,1,103
-4,1,1,103
5,1,1,103
5,1,1,103
-4,1,1,103
-4,1,1,103
4,1,1,103
-3,1,1,103
5,1,1,103
5,1,1,103
5,1,1,103
3,1,1,103
-4,1,1,103
-4,1,1,103
-4,1,0,103
-3,1,1,103
-3,1,1,103
-4,1,1,103
3,1,1,103
-4,1,1,103
-4,1,1,103
-3,1,1,103
-4,1,0,103
5,1,1,103
5,1,1,103
5,1,1,103
-3,1,1,103
-4,1,1,104
-3,1,1,104
-3,1,1,104
-3,1,1,104
-4,1,1,104
-3,1,0,104
4,1,1,104
5,1,1,104
5,1,1,104
5,1,1,104
5,1,1,104
-4,1,1,104
-4,1,0,104
-2,1,1,104
-4,1,0,104
-4,1,1,104
4,1,1,104
-3,1,1,104
3,1,1,104
-4,1,1,104
-3,1,1,104
-2,1,1,104
-4,1,1,104
-2,1,1,104
5,1,1,104
5,1,1,104
5,1,1,104
-3,1,0,104
1,1,1,104
-2,1,1,104
-4,1,1,105
-3,1,1,105
5,1,1,105
4,1,1,105
5,1,1,105
5,1,1,105
-2,1,1,105
-4,1,1,105
-4,1,1,105
5,1,1,105
-3,1,1,105
5,1,1,105
-2,1,1,105
-4,1,1,105
4,1,1,105
4,1,1,105
3,1,1,105
5,1,1,105
1,1,1,105
-4,1,1,105
-4,1,1,105
-3,1,1,105
-2,1,1,105
-2,1,1,105
-2,1,1,105
4,1,1,105
4,1,1,105
-2,1,0,106
3,1,1,106
5,1,1,106
5,1,1,106
-4,1,0,106
-3,1,1,106
-4,1,0,106
-4,1,1,106
5,1,0,106
5,1,0,106
4,1,0,106
5,1,0,106
5,1,0,106
5,1,1,106
5,1,1,106
4,1,1,106
5,1,0,106
5,1,1,106
3,1,1,106
5,1,0,106
5,1,0,106
5,1,0,106
-4,1,1,106
-4,1,1,106
5,1,1,106
5,1,1,106
-3,1,0,106
5,1,1,109
5,1,1,109
3,1,1,109
5,1,1,109
5,1,1,109
-4,1,1,109
-2,1,1,109
-4,1,1,109
3,1,1,109
-3,1,1,109
-4,1,1,109
3,1,1,109
3,1,1,109
-4,1,0,109
-4,1,0,109
-2,1,1,109
5,1,1,109
-2,1,1,109
-2,1,1,109
-3,1,1,109
0,1,0,109
-2,1,0,109
4,1,1,109
3,1,1,109
5,1,1,109
-4,1,0,109
5,1,1,109
4,1,1,109
-3,1,0,109
-4,1,1,110
4,1,1,110
3,1,1,110
3,1,1,110
-4,1,1,110
-4,1,1,110
-3,1,1,110
-3,1,1,110
-4,1,0,110
-2,1,1,110
3,1,1,110
5,1,1,110
-3,1,1,110
5,1,1,110
5,1,1,110
5,1,1,110
5,1,1,110
-3,1,1,110
4,1,1,110
-2,1,0,110
3,1,1,110
3,1,1,110
-2,1,1,110
-4,1,0,110
-4,1,1,110
3,1,1,110
-2,1,1,112
4,1,1,112
4,1,1,112
-4,1,0,112
-4,1,0,112
4,1,1,112
3,1,1,112
4,1,1,112
3,1,0,112
-4,1,1,112
5,1,1,112
4,1,1,112
4,1,1,112
5,1,1,112
5,1,1,112
5,1,1,112
-4,1,1,112
-4,1,1,112
5,1,1,112
4,1,1,112
5,1,0,112
5,1,1,112
-4,1,0,112
4,1,1,112
5,1,1,112
5,1,1,112
-2,1,1,112
-4,1,1,117
4,1,1,117
5,1,1,117
5,1,1,117
5,1,1,117
5,1,1,117
5,1,1,117
5,1,1,117
5,1,1,117
-4,1,1,117
3,1,1,117
5,1,1,117
5,1,1,117
-4,1,1,117
3,1,1,117
5,1,1,117
-3,1,1,117
-2,1,1,117
-4,1,1,117
5,1,1,117
5,1,1,117
-3,1,1,117
-4,1,1,117
4,1,1,117
5,1,0,117
5,1,1,117
3,1,1,119
-4,1,1,119
-3,1,1,119
-4,1,1,119
4,1,1,119
5,1,1,119
-4,1,1,119
4,1,1,119
-3,1,1,119
5,1,1,119
4,1,1,119
-2,1,1,119
-4,1,0,119
-4,1,1,119
-4,1,0,119
-3,1,1,119
3,1,1,119
4,1,1,119
3,1,1,119
5,1,1,119
-4,1,1,119
-3,1,1,122
3,1,1,122
-4,1,1,122
-2,1,1,122
-4,1,1,122
-4,1,1,122
3,1,1,122
4,1,1,122
-3,1,1,122
5,1,1,122
5,1,1,122
-3,1,0,122
3,1,1,122
-4,1,1,122
-4,1,1,122
5,1,1,122
-3,1,1,122
-3,1,1,122
-2,1,0,122
4,1,0,122
4,1,1,122
5,1,1,122
-4,1,0,122
-4,1,1,122
-4,1,1,122
-4,1,1,122
-2,1,0,122
-4,1,0,124
-3,1,0,124
5,1,0,124
-3,1,0,124
5,1,1,124
5,1,1,124
-2,1,0,124
-2,1,0,124
-2,1,1,124
-4,1,1,124
-4,1,1,124
-4,1,1,124
5,1,1,124
5,1,1,124
3,1,1,124
-4,1,1,124
3,1,0,124
4,1,1,124
5,1,1,124
4,1,1,124
-2,1,1,124
5,1,1,124
-3,1,0,124
4,1,1,124
1,1,1,124
3,1,1,124
-4,1,1,124
3,1,1,127
-3,1,1,127
-4,1,1,127
-4,1,1,127
-3,1,1,127
-4,1,1,127
5,1,1,127
5,1,1,127
4,1,1,127
4,1,1,127
5,1,1,127
5,1,1,127
5,1,1,127
5,1,1,127
-2,1,1,127
-4,1,1,127
-4,1,1,127
-4,1,0,127
5,1,1,127
-4,1,0,127
-2,1,1,127
5,1,1,127
4,1,0,127
3,1,1,127
5,1,1,127
4,1,1,127
5,1,1,128
-2,1,1,128
-3,1,0,128
5,1,1,128
-3,1,1,128
3,1,1,128
4,1,1,128
-4,1,1,128
5,1,1,128
5,1,1,128
5,1,1,128
3,1,1,128
-4,1,0,128
5,1,1,128
5,1,1,128
-4,1,0,128
5,1,1,128
5,1,0,128
-3,1,1,128
-4,1,1,128
4,1,1,128
4,1,1,128
5,1,0,128
4,1,1,128
-3,1,1,128
-2,1,0,128
3,1,1,128
5,1,1,129
4,1,1,129
-3,1,1,129
-3,1,1,129
5,1,1,129
3,1,1,129
-2,1,1,129
5,1,1,129
3,1,1,129
5,1,0,129
-4,1,0,129
-4,1,0,129
-4,1,0,129
-4,1,1,129
-3,1,1,129
-2,1,1,129
-3,1,1,129
-3,1,1,129
3,1,1,129
-4,1,0,129
-2,1,1,129
5,1,1,129
-4,1,1,129
5,1,1,129
-3,1,1,129
5,1,0,129
-4,1,1,129
5,1,1,132
5,1,1,132
5,1,1,132
3,1,0,132
3,1,0,132
-4,1,0,132
-3,1,1,132
-4,1,1,132
-3,1,1,132
-2,1,0,132
-4,1,1,132
-3,1,0,132
-4,1,1,132
-3,1,0,132
5,1,1,132
-3,1,0,132
-3,1,1,132
5,1,1,132
-2,1,0,132
-2,1,0,132
-2,1,1,132
3,1,0,132
5,1,0,132
-3,1,1,132
5,1,1,132
-3,1,0,132
-2,1,1,133
-2,1,1,133
-4,1,1,133
-2,1,1,133
4,1,0,133
5,1,1,133
5,1,1,133
-2,1,1,133
-4,1,1,133
5,1,1,133
5,1,1,133
5,1,1,133
5,1,1,133
5,1,1,133
5,1,1,133
5,1,1,133
3,1,1,133
-3,1,1,133
2,1,0,133
-4,1,1,133
4,1,1,133
-2,1,1,133
5,1,1,133
-2,1,1,133
5,1,1,133
5,1,1,133
5,1,1,133
4,1,1,133
4,1,0,134
-3,1,1,134
3,1,1,134
-3,1,1,134
5,1,1,134
5,1,1,134
4,1,1,134
5,1,1,134
5,1,1,134
5,1,1,134
-4,1,0,134
4,1,1,134
-4,1,1,134
5,1,1,134
-3,1,1,134
-4,1,1,134
3,1,1,134
-4,1,1,134
5,1,1,134
-2,1,1,134
4,1,1,134
-4,1,1,134
3,1,1,134
3,1,1,134
-2,1,1,134
1,1,1,135
5,1,1,135
3,1,1,135
-2,1,1,135
3,1,1,135
-2,1,1,135
-4,1,1,135
4,1,1,135
5,1,1,135
-2,1,1,135
3,1,1,135
4,1,1,135
5,1,1,135
5,1,1,135
-2,1,1,135
3,1,1,135
5,1,1,135
5,1,1,135
-4,1,1,135
-4,1,0,135
-4,1,1,135
5,1,1,135
-4,1,1,135
-4,1,1,135
-4,1,1,135
-4,1,0,135
-4,1,0,135
-3,1,1,135
5,1,1,135
0,1,1,136
5,1,1,136
5,1,1,136
4,1,1,136
-3,1,1,136
-2,1,1,136
3,1,1,136
-3,1,1,136
-3,1,0,136
-4,1,0,136
-2,1,1,136
4,1,1,136
5,1,1,136
-4,1,1,136
-4,1,1,136
-4,1,1,136
-3,1,1,136
-4,1,1,136
-4,1,1,136
3,1,1,136
-4,1,1,136
-4,1,1,136
-4,1,1,136
-2,1,1,136
-4,1,1,136
5,1,1,136
4,1,1,136
4,1,1,138
3,1,1,138
-4,1,0,138
5,1,1,138
3,1,1,138
3,1,1,138
5,1,0,138
-3,1,1,138
-4,1,0,138
3,1,1,138
5,1,1,138
2,1,1,138
-3,1,1,138
5,1,1,138
5,1,1,138
2,1,1,138
4,1,1,138
4,1,1,138
5,1,1,138
-3,1,1,138
4,1,1,138
3,1,1,138
-3,1,1,138
-4,1,1,138
3,1,1,138
5,1,1,138
-2,1,1,138
-3,1,0,140
-2,1,1,140
5,1,1,140
-2,1,1,140
-4,1,0,140
4,1,1,140
-4,1,0,140
5,1,1,140
5,1,1,140
-3,1,1,140
5,1,0,140
3,1,1,140
-3,1,0,140
-4,1,1,140
-2,1,1,140
4,1,1,140
-4,1,0,140
-4,1,0,140
5,1,0,140
5,1,0,140
5,1,1,140
-2,1,0,140
-3,1,0,140
5,1,1,140
5,1,1,140
-2,1,0,140
-4,1,1,140
5,1,1,140
5,1,1,140
4,1,1,143
3,1,1,143
-3,1,1,143
5,1,1,143
-1,1,1,143
-4,1,1,143
-4,1,1,143
-3,1,1,143
-2,1,1,143
-4,1,1,143
5,1,1,143
5,1,1,143
3,1,1,143
-4,1,1,143
-2,1,1,143
5,1,1,143
5,1,1,143
5,1,1,143
3,1,1,143
-3,1,1,143
-4,1,1,143
5,1,1,143
5,1,1,143
-4,1,1,143
3,1,1,143
4,1,1,143
5,1,1,143
-4,1,0,146
3,1,0,146
4,1,1,146
4,1,1,146
5,1,1,146
5,1,0,146
5,1,1,146
5,1,1,146
-2,1,0,146
3,1,1,146
5,1,1,146
-4,1,1,146
-4,1,1,146
-4,1,0,146
-3,1,1,146
5,1,1,146
5,1,1,146
3,1,1,146
5,1,1,146
-2,1,0,146
3,1,1,146
-3,1,1,146
5,1,1,146
-4,1,1,146
-4,1,1,146
5,1,1,146
-4,1,0,146
5,1,1,147
5,1,0,147
5,1,1,147
5,1,1,147
-4,1,1,147
-4,1,1,147
-4,1,1,147
-4,1,1,147
-4,1,1,147
5,1,1,147
-4,1,1,147
-3,1,1,147
-4,1,1,147
-3,1,1,147
-4,1,1,147
-4,1,1,147
3,1,0,147
5,1,0,147
5,1,1,147
5,1,0,147
4,1,1,147
5,1,1,147
5,1,1,147
5,1,1,147
-4,1,1,147
-4,1,1,147
-4,1,0,147
-4,1,1,148
5,1,1,148
5,1,1,148
5,1,1,148
1,1,1,148
-4,1,0,148
-4,1,0,148
5,1,1,148
-4,1,1,148
5,1,1,148
-2,1,0,148
5,1,1,148
-3,1,1,148
-3,1,0,148
-3,1,0,148
5,1,1,148
-3,1,0,148
-1,1,0,148
0,1,1,148
3,1,0,148
5,1,1,148
5,1,1,148
5,1,1,148
4,1,1,148
5,1,1,148
4,1,1,148
4,1,1,148
-3,1,0,148
-2,1,0,148
-4,1,1,148
-4,1,1,150
-3,1,1,150
5,1,1,150
-2,1,1,150
-2,1,1,150
3,1,1,150
3,1,1,150
-4,1,1,150
-4,1,1,150
5,1,1,150
-4,1,1,150
3,1,1,150
-4,1,1,150
-4,1,1,150
-3,1,1,150
-4,1,0,150
-4,1,1,150
-4,1,0,150
-2,1,1,150
4,1,1,150
5,1,1,150
5,1,1,150
5,1,1,150
5,1,1,150
-1,1,1,150
3,1,1,150
-2,1,0,150
-4,1,1,152
3,1,1,152
-4,1,1,152
-2,1,1,152
-4,1,1,152
-4,1,1,152
-2,1,1,152
3,1,1,152
3,1,1,152
4,1,1,152
-4,1,1,152
-3,1,1,152
3,1,1,152
4,1,0,152
-3,1,1,152
3,1,0,152
-4,1,1,152
-4,1,1,152
3,1,1,152
5,1,1,152
3,1,1,152
-3,1,1,152
-4,1,1,152
-3,1,1,152
-4,1,1,152
3,1,1,152
5,1,1,152
5,1,1,156
-3,1,1,156
-2,1,0,156
-3,1,0,156
-3,1,0,156
-3,1,1,156
-4,1,0,156
4,1,1,156
5,1,1,156
-3,1,0,156
5,1,1,156
5,1,0,156
5,1,0,156
-4,1,1,156
5,1,1,156
-4,1,1,156
4,1,1,156
4,1,1,156
-4,1,1,156
3,1,1,156
5,1,1,156
-3,1,1,156
5,1,0,156
-3,1,1,156
5,1,1,156
-2,1,1,156
3,1,1,156
5,1,1,156
5,1,1,156
4,1,1,158
-2,1,1,158
3,1,1,158
3,1,1,158
4,1,1,158
-2,1,1,158
-4,1,0,158
-4,1,1,158
3,1,1,158
-3,1,1,158
3,1,1,158
5,1,1,158
-4,1,1,158
-2,1,1,158
-4,1,1,158
-4,1,1,158
4,1,1,158
-2,1,0,158
-4,1,1,158
-2,1,0,158
-3,1,1,158
3,1,1,158
-3,1,0,158
5,1,0,158
5,1,1,158
5,1,1,158
5,1,1,158
-4,1,1,158
0,1,1,159
3,1,0,159
0,1,1,159
4,1,1,159
3,1,1,159
5,1,1,159
5,1,1,159
5,1,1,159
-3,1,0,159
-4,1,0,159
5,1,0,159
-4,1,1,159
-4,1,1,159
-4,1,1,159
5,1,1,159
4,1,0,159
-4,1,1,159
-3,1,1,159
-4,1,1,159
-2,1,1,159
-2,1,0,159
-2,1,0,159
5,1,1,159
5,1,0,159
5,1,1,159
-4,1,1,159
-4,1,0,159
5,1,1,159
5,1,1,160
5,1,1,160
5,1,1,160
1,1,1,160
-3,1,0,160
5,1,0,160
-3,1,1,160
-3,1,0,160
5,1,1,160
-2,1,1,160
3,1,1,160
5,1,1,160
5,1,1,160
5,1,1,160
-2,1,1,160
-2,1,1,160
5,1,1,160
5,1,1,160
5,1,1,160
5,1,1,160
5,1,1,160
3,1,1,160
-4,1,1,160
3,1,1,160
5,1,1,160
3,1,1,160
4,1,1,160
-2,1,0,160
-4,1,1,160
-4,1,0,163
-4,1,1,163
5,1,0,163
5,1,1,163
-3,1,0,163
-4,1,1,163
-4,1,1,163
-4,1,1,163
-4,1,1,163
-4,1,1,163
-4,1,1,163
-4,1,0,163
5,1,1,163
4,1,1,163
-2,1,1,163
4,1,1,163
-4,1,0,163
-4,1,1,163
3,1,0,163
3,1,1,163
-2,1,1,163
5,1,1,163
5,1,1,163
5,1,1,163
3,1,1,163
-3,1,1,163
-2,1,1,163
-4,1,1,163
-4,1,0,164
-4,1,1,164
-3,1,0,164
-3,1,0,164
5,1,1,164
-4,1,0,164
-3,1,0,164
5,1,1,164
5,1,1,164
-4,1,1,164
-4,1,1,164
-4,1,1,164
5,1,1,164
5,1,1,164
3,1,1,164
-3,1,1,164
5,1,1,164
5,1,1,164
1,1,1,164
-3,1,0,164
4,1,1,164
-2,1,1,164
4,1,1,164
5,1,1,164
2,1,1,164
-3,1,1,164
-4,1,1,164
5,1,1,164
-4,1,0,165
5,1,0,165
-2,1,0,165
1,1,1,165
5,1,1,165
5,1,1,165
4,1,1,165
-2,1,1,165
4,1,1,165
5,1,1,165
-4,1,1,165
-4,1,1,165
-3,1,1,165
-3,1,1,165
-2,1,1,165
3,1,1,165
4,1,1,165
-4,1,0,165
-4,1,1,165
-4,1,1,165
5,1,1,165
3,1,1,165
-4,1,1,165
-4,1,0,165
-2,1,1,165
-1,1,1,165
-3,1,0,165
-3,1,0,165
3,1,1,165
-4,1,1,166
5,1,1,166
-4,1,1,166
-4,1,1,166
-2,1,1,166
-4,1,1,166
-2,1,1,166
3,1,1,166
-2,1,1,166
4,1,1,166
-4,1,1,166
-3,1,0,166
3,1,0,166
-4,1,1,166
-3,1,1,166
-4,1,1,166
-4,1,1,166
-4,1,1,166
3,1,1,166
5,1,1,166
5,1,1,166
5,1,1,166
5,1,1,166
-3,1,1,166
-4,1,1,166
-3,1,1,166
1,1,1,166
-4,1,1,167
-2,1,1,167
-4,1,0,167
4,1,1,167
5,1,1,167
4,1,1,167
4,1,1,167
4,1,1,167
3,1,1,167
5,1,1,167
-3,1,1,167
0,1,0,167
-4,1,0,167
5,1,1,167
5,1,1,167
-3,1,0,167
-2,1,1,167
5,1,1,167
3,1,1,167
-2,1,1,167
-3,1,1,167
5,1,1,167
5,1,1,167
-3,1,1,167
5,1,1,167
-4,1,1,167
4,1,0,167
-4,1,1,167
3,1,1,170
5,1,1,170
5,1,1,170
3,1,1,170
-4,1,1,170
4,1,1,170
-2,1,1,170
3,1,1,170
-2,1,1,170
-3,1,1,170
-3,1,1,170
-4,1,1,170
-4,1,1,170
-2,1,1,170
4,1,1,170
5,1,1,170
3,1,1,170
5,1,1,170
-4,1,1,170
3,1,1,170
5,1,1,170
-2,1,1,170
5,1,1,170
3,1,0,170
5,1,1,170
5,1,1,170
-2,1,1,170
-4,1,0,170
3,1,1,170
5,1,1,171
-4,1,1,171
-4,1,1,171
-3,1,1,171
-4,1,1,171
4,1,1,171
4,1,1,171
5,1,1,171
-4,1,1,171
-4,1,1,171
3,1,1,171
-2,1,1,171
5,1,1,171
3,1,1,171
5,1,1,171
-2,1,1,171
-3,1,0,171
-3,1,1,171
-4,1,1,171
-4,1,1,171
5,1,1,171
-4,1,1,171
5,1,1,171
-4,1,1,171
-3,1,1,171
-3,1,1,171
3,1,1,171
-4,1,1,173
-4,1,1,173
-3,1,1,173
-2,1,1,173
-2,1,1,173
5,1,1,173
3,1,1,173
-4,1,1,173
-4,1,1,173
-3,1,1,173
-4,1,1,173
-2,1,1,173
-4,1,1,173
5,1,1,173
4,1,1,173
4,1,1,173
-4,1,1,173
-4,1,1,173
5,1,1,173
5,1,1,173
4,1,1,173
5,1,1,173
-4,1,1,173
-4,1,1,173
-2,1,1,173
5,1,1,173
3,1,0,174
-4,1,0,174
3,1,1,174
-4,1,1,174
4,1,0,174
5,1,0,174
-4,1,0,174
-4,1,0,174
-2,1,1,174
-4,1,1,174
-4,1,1,174
-2,1,0,174
-2,1,0,174
-3,1,0,174
4,1,1,174
-2,1,1,174
-2,1,0,174
3,1,0,174
5,1,1,174
4,1,1,174
-4,1,1,174
-4,1,1,174
-2,1,1,174
-2,1,0,174
3,1,1,174
5,1,1,174
4,1,1,174
5,1,0,174
-4,1,1,174
-1,1,1,174
-4,1,1,176
3,1,1,176
5,1,1,176
3,1,1,176
-3,1,1,176
5,1,1,176
-4,1,1,176
-4,1,1,176
-4,1,1,176
-4,1,1,176
-4,1,1,176
-4,1,1,176
3,1,1,176
3,1,1,176
5,1,1,176
-2,1,1,176
5,1,1,176
-3,1,1,176
5,1,0,176
-3,1,0,176
-4,1,1,176
-4,1,1,176
-2,1,1,176
5,1,1,176
-2,1,1,176
-2,1,1,176
-3,1,1,179
5,1,1,179
5,1,1,179
-2,1,1,179
-4,1,1,179
-2,1,1,179
3,1,1,179
-3,1,1,179
3,1,1,179
5,1,1,179
3,1,1,179
-4,1,1,179
-2,1,1,179
5,1,1,179
-4,1,1,179
4,1,1,179
-3,1,1,179
3,1,1,179
5,1,1,179
-4,1,0,179
-2,1,1,179
-2,1,1,179
4,1,1,179
-4,1,0,179
-2,1,0,179
5,1,1,180
-4,1,1,180
-4,1,1,180
-4,1,0,180
-4,1,1,180
5,1,1,180
5,1,1,180
5,1,1,180
4,1,1,180
-4,1,0,180
-2,1,0,180
-3,1,1,180
-2,1,1,180
4,1,1,180
-4,1,1,180
-3,1,0,180
-4,1,0,180
-3,1,1,180
5,1,1,180
-3,1,1,180
-2,1,1,180
-1,1,1,180
5,1,1,180
-3,1,1,180
-4,1,1,180
4,1,1,180
-1,1,1,180
-4,1,1,180
5,1,1,181
3,1,1,181
5,1,0,181
4,1,0,181
-4,1,0,181
-3,1,1,181
3,1,0,181
-3,1,1,181
5,1,1,181
5,1,1,181
4,1,1,181
5,1,1,181
5,1,0,181
5,1,1,181
5,1,1,181
-4,1,1,181
-4,1,0,181
5,1,1,181
4,1,1,181
-2,1,1,181
5,1,1,181
5,1,1,181
1,1,1,181
-4,1,1,181
-4,1,1,181
-4,1,1,181
5,1,1,181
4,1,1,182
-4,1,0,182
-3,1,1,182
5,1,1,182
5,1,1,182
5,1,1,182
3,1,1,182
-4,1,1,182
-2,1,0,182
-4,1,1,182
-4,1,1,182
4,1,1,182
-4,1,1,182
-2,1,1,182
-4,1,1,182
-4,1,1,182
-3,1,1,182
5,1,1,182
4,1,1,182
5,1,1,182
-4,1,1,182
-4,1,1,182
-4,1,1,182
3,1,1,182
4,1,1,182
3,1,1,182
3,1,1,182
-4,1,1,182
-2,1,0,184
5,1,1,184
3,1,1,184
5,1,1,184
-3,1,0,184
5,1,1,184
-3,1,1,184
4,1,1,184
5,1,1,184
-2,1,1,184
-2,1,1,184
5,1,1,184
5,1,0,184
5,1,0,184
5,1,1,184
-4,1,1,184
0,1,1,184
-3,1,0,184
4,1,1,184
5,1,1,184
5,1,1,184
5,1,1,184
-4,1,0,184
3,1,1,184
-3,1,1,184
5,1,1,184
-3,1,1,184
4,1,1,188
5,1,1,188
4,1,1,188
-2,1,0,188
-4,1,1,188
-4,1,1,188
4,1,1,188
4,1,1,188
5,1,1,188
5,1,1,188
5,1,1,188
3,1,1,188
5,1,1,188
1,1,1,188
4,1,1,188
5,1,1,188
5,1,1,188
-4,1,1,188
-4,1,0,188
3,1,1,188
-4,1,1,188
-4,1,1,188
-2,1,1,188
-4,1,0,188
-3,1,0,188
-4,1,0,188
-3,1,0,188
3,1,0,188
5,1,1,189
-2,1,1,189
3,1,1,189
-2,1,1,189
-4,1,1,189
5,1,0,189
-3,1,1,189
4,1,1,189
-4,1,1,189
5,1,1,189
-4,1,0,189
3,1,1,189
-4,1,0,189
-4,1,0,189
-2,1,0,189
5,1,1,189
5,1,1,189
4,1,1,189
5,1,1,189
-2,1,1,189
-3,1,0,189
-4,1,1,189
-4,1,1,189
5,1,0,189
5,1,1,189
-4,1,1,189
-4,1,1,189
-3,1,1,189
-2,1,1,189
-3,1,1,192
-4,1,1,192
-4,1,1,192
-3,1,1,192
-2,1,1,192
-4,1,1,192
3,1,1,192
-4,1,1,192
0,1,1,192
-1,1,0,192
-4,1,0,192
-4,1,1,192
5,1,1,192
-3,1,1,192
-3,1,1,192
-3,1,0,192
-4,1,1,192
-3,1,1,192
5,1,1,192
4,1,1,192
-4,1,1,192
-4,1,1,192
4,1,1,192
-2,1,1,192
-2,1,1,192
-4,1,1,192
3,1,1,192
5,1,1,192
-4,1,0,192
-4,1,0,193
-4,1,1,193
-3,1,1,193
5,1,1,193
-4,1,1,193
-3,1,1,193
5,1,1,193
-4,1,0,193
-4,1,1,193
-2,1,1,193
-2,1,0,193
5,1,0,193
-4,1,0,193
-2,1,0,193
5,1,0,193
3,1,1,193
-2,1,1,193
5,1,0,193
3,1,1,193
4,1,0,193
-2,1,1,193
-4,1,1,193
-4,1,1,193
-4,1,0,193
-3,1,0,193
-2,1,1,193
5,1,1,193
5,1,1,194
3,1,1,194
5,1,1,194
5,1,1,194
5,1,1,194
5,1,1,194
0,1,1,194
-2,1,0,194
-4,1,0,194
5,1,1,194
5,1,1,194
4,1,1,194
4,1,1,194
-4,1,1,194
3,1,1,194
-4,1,1,194
-3,1,0,194
5,1,1,194
-4,1,1,194
-4,1,1,194
-4,1,0,194
5,1,1,194
3,1,1,194
5,1,0,194
4,1,1,194
-4,1,1,194
3,1,1,194
-3,1,1,194
3,1,0,196
4,1,1,196
-2,1,1,196
-3,1,1,196
-2,1,1,196
-4,1,0,196
-4,1,1,196
4,1,1,196
5,1,1,196
5,1,1,196
4,1,1,196
-4,1,0,196
-4,1,1,196
-4,1,0,196
-4,1,1,196
-3,1,1,196
3,1,0,196
5,1,1,196
3,1,1,196
-3,1,1,196
5,1,1,196
-3,1,1,196
5,1,1,196
5,1,1,196
-2,1,0,196
3,1,1,196
5,1,1,196
4,1,1,198
5,1,1,198
5,1,0,198
5,1,0,198
5,1,1,198
-3,1,0,198
-3,1,1,198
-4,1,1,198
-4,1,0,198
4,1,1,198
-3,1,0,198
1,1,1,198
3,1,0,198
3,1,1,198
5,1,1,198
5,1,1,198
-4,1,0,198
-2,1,0,198
4,1,1,198
-2,1,1,198
5,1,1,198
5,1,1,198
4,1,1,198
5,1,1,198
4,1,0,198
-2,1,0,198
5,1,1,198
5,1,1,198
-3,1,0,200
-4,1,1,200
-4,1,1,200
5,1,1,200
4,1,1,200
5,1,1,200
4,1,0,200
4,1,1,200
-2,1,1,200
5,1,1,200
5,1,1,200
5,1,1,200
-3,1,0,200
-4,1,0,200
5,1,1,200
5,1,1,200
5,1,1,200
3,1,1,200
5,1,1,200
-4,1,0,200
-3,1,0,200
3,1,0,200
4,1,0,200
-4,1,1,200
4,1,0,200
-1,1,1,202
-2,1,1,202
-2,1,1,202
4,1,1,202
-4,1,1,202
5,1,1,202
4,1,1,202
4,1,1,202
5,1,1,202
-4,1,1,202
3,1,1,202
-3,1,1,202
-4,1,1,202
5,1,1,202
3,1,1,202
3,1,1,202
-4,1,0,202
5,1,1,202
-2,1,1,202
3,1,1,202
3,1,1,202
5,1,1,202
5,1,1,202
2,1,1,202
4,1,1,202
-4,1,0,202
-4,1,1,202
5,1,1,202
-4,1,0,204
-4,1,1,204
5,1,1,204
-2,1,1,204
-3,1,1,204
-4,1,1,204
1,1,1,204
-2,1,1,204
4,1,1,204
5,1,1,204
5,1,1,204
5,1,1,204
4,1,1,204
-4,1,0,204
-3,1,1,204
-2,1,1,204
5,1,1,204
-2,1,1,204
-4,1,0,204
-4,1,1,204
3,1,1,204
-2,1,1,204
-2,1,0,204
-2,1,1,204
5,1,1,204
5,1,1,204
-4,1,1,204
3,1,1,205
5,1,0,205
-4,1,1,205
5,1,0,205
5,1,1,205
-3,1,0,205
-4,1,1,205
-4,1,1,205
-4,1,1,205
4,1,1,205
0,1,1,205
4,1,1,205
3,1,1,205
4,1,1,205
-4,1,1,205
-3,1,0,205
3,1,1,205
-3,1,0,205
5,1,1,205
5,1,1,205
3,1,1,205
4,1,1,205
4,1,1,205
4,1,1,205
3,1,1,205
-3,1,1,205
-2,1,0,205
4,1,1,205
-4,1,0,205
-4,1,1,206
-3,1,1,206
5,1,0,206
5,1,1,206
5,1,0,206
-2,1,0,206
5,1,1,206
4,1,0,206
4,1,0,206
-4,1,0,206
-4,1,1,206
5,1,0,206
0,1,0,206
1,1,1,206
5,1,1,206
-2,1,0,206
5,1,0,206
5,1,0,206
5,1,1,206
1,1,0,206
-4,1,1,206
-2,1,0,206
1,1,1,206
-4,1,0,206
5,1,1,206
5,1,0,206
-2,1,0,206
5,1,0,206
-4,1,1,209
-4,1,1,209
-4,1,1,209
-4,1,1,209
5,1,1,209
-1,1,1,209
5,1,0,209
5,1,0,209
-2,1,1,209
-4,1,1,209
-2,1,1,209
3,1,1,209
5,1,1,209
5,1,1,209
-2,1,1,209
3,1,0,209
4,1,1,209
-4,1,1,209
-2,1,1,209
-4,1,1,209
-4,1,0,209
-2,1,1,209
-2,1,1,209
5,1,1,209
-4,1,1,209
-4,1,1,209
-2,1,1,209
3,1,1,209
5,1,1,211
-4,1,0,211
3,1,1,211
-4,1,1,211
5,1,1,211
-3,1,1,211
-4,1,0,211
5,1,1,211
3,1,1,211
5,1,1,211
-2,1,0,211
-4,1,0,211
5,1,1,211
-4,1,0,211
-3,1,1,211
-4,1,1,211
4,1,1,211
4,1,0,211
5,1,0,211
3,1,0,211
-2,1,1,211
4,1,0,211
5,1,0,211
3,1,0,211
-3,1,0,211
-3,1,0,211
-4,1,1,211
-4,1,0,211
-4,1,0,212
-3,1,1,212
-4,1,1,212
5,1,1,212
5,1,1,212
3,1,1,212
-3,1,1,212
-2,1,1,212
-4,1,0,212
-3,1,0,212
-4,1,1,212
-4,1,0,212
5,1,1,212
5,1,1,212
5,1,1,212
-3,1,1,212
-3,1,1,212
4,1,1,212
4,1,1,212
-3,1,1,212
-4,1,1,212
4,1,1,212
-4,1,0,212
3,1,1,212
5,1,1,212
5,1,1,214
3,1,1,214
5,1,1,214
-3,1,1,214
-4,1,1,214
-3,1,1,214
4,1,1,214
-2,1,1,214
4,1,1,214
5,1,1,214
-4,1,1,214
-4,1,1,214
5,1,1,214
4,1,1,214
4,1,1,214
-4,1,1,214
-4,1,1,214
5,1,1,214
4,1,1,214
3,1,1,214
5,1,1,214
-4,1,1,214
-4,1,1,214
-3,1,1,214
5,1,1,214
5,1,1,214
3,1,1,215
-4,1,0,215
-2,1,0,215
-4,1,0,215
-3,1,0,215
-4,1,1,215
-4,1,0,215
-4,1,1,215
-4,1,0,215
3,1,1,215
5,1,1,215
4,1,1,215
3,1,1,215
-4,1,1,215
3,1,1,215
4,1,1,215
5,1,1,215
5,1,1,215
5,1,1,215
-4,1,1,215
-3,1,1,215
-4,1,1,215
3,1,1,215
5,1,1,215
3,1,1,215
3,1,1,215
3,1,1,215
2,1,0,216
5,1,1,216
3,1,1,216
-4,1,1,216
5,1,1,216
-2,1,1,216
5,1,1,216
5,1,1,216
5,1,1,216
5,1,1,216
-4,1,1,216
-2,1,1,216
-4,1,0,216
-3,1,0,216
-2,1,1,216
-4,1,1,216
5,1,1,216
5,1,1,216
-2,1,0,216
5,1,1,216
5,1,1,216
5,1,1,216
4,1,1,216
5,1,1,216
5,1,1,216
5,1,1,216
-4,1,0,216
5,1,1,216
5,1,1,217
5,1,0,217
4,1,1,217
3,1,1,217
-3,1,0,217
-3,1,1,217
-4,1,1,217
-3,1,1,217
2,1,1,217
3,1,1,217
-2,1,1,217
-2,1,1,217
-4,1,1,217
-4,1,0,217
-4,1,1,217
-4,1,0,217
-4,1,1,217
0,1,1,217
5,1,1,217
5,1,1,217
5,1,1,217
-4,1,1,217
-4,1,0,217
-4,1,1,217
-4,1,1,217
3,1,1,217
-3,1,1,217
2,1,1,217
5,1,1,217
-3,1,0,220
5,1,0,220
5,1,1,220
-2,1,1,220
-3,1,0,220
-3,1,1,220
-3,1,1,220
-4,1,1,220
-4,1,1,220
5,1,1,220
4,1,1,220
5,1,1,220
5,1,1,220
-2,1,1,220
-4,1,1,220
-2,1,1,220
4,1,1,220
5,1,1,220
5,1,1,220
-4,1,0,220
-4,1,1,220
-4,1,1,220
5,1,1,220
3,1,1,220
-2,1,0,220
5,1,1,220
5,1,1,220
0,1,1,220
-4,1,1,220
-4,1,0,223
-3,1,0,223
-4,1,0,223
-4,1,0,223
-4,1,0,223
-2,1,0,223
-2,1,0,223
-2,1,0,223
-3,1,1,223
-2,1,0,223
5,1,1,223
5,1,1,223
5,1,0,223
3,1,0,223
5,1,1,223
-2,1,1,223
-4,1,1,223
4,1,0,223
-4,1,1,223
-4,1,1,223
3,1,1,223
-4,1,1,223
5,1,1,223
-4,1,1,223
-2,1,1,223
2,1,1,223
3,1,1,223
5,1,1,223
-4,1,1,224
-2,1,1,224
-4,1,1,224
-4,1,1,224
3,1,1,224
-4,1,1,224
-2,1,1,224
-3,1,0,224
3,1,0,224
-4,1,1,224
-4,1,1,224
-4,1,1,224
5,1,1,224
5,1,1,224
-4,1,1,224
-4,1,1,224
-2,1,1,224
-4,1,1,224
-4,1,1,224
3,1,1,224
-4,1,1,224
-4,1,1,224
3,1,1,224
5,1,1,224
-2,1,1,224
-4,1,1,224
1,1,0,225
4,1,0,225
4,1,1,225
5,1,1,225
5,1,1,225
-2,1,1,225
5,1,1,225
4,1,0,225
5,1,0,225
3,1,0,225
4,1,0,225
5,1,1,225
5,1,0,225
3,1,1,225
-3,1,1,225
5,1,1,225
5,1,1,225
5,1,1,225
3,1,0,225
-3,1,1,225
-3,1,0,225
3,1,1,225
3,1,1,225
5,1,1,225
-4,1,0,225
4,1,1,225
-4,1,1,226
5,1,0,226
5,1,0,226
4,1,0,226
-2,1,1,226
5,1,1,226
3,1,1,226
-4,1,1,226
-2,1,0,226
5,1,1,226
-2,1,1,226
-3,1,0,226
-2,1,1,226
3,1,0,226
-4,1,1,226
5,1,1,226
5,1,1,226
5,1,0,226
4,1,1,226
-4,1,0,226
-4,1,0,226
-4,1,1,226
-3,1,1,226
5,1,1,226
3,1,1,226
3,1,0,226
-2,1,1,226
-3,1,1,228
5,1,0,228
5,1,1,228
5,1,0,228
-4,1,1,228
-4,1,1,228
-2,1,1,228
-4,1,1,228
-2,1,0,228
5,1,1,228
5,1,1,228
3,1,1,228
5,1,1,228
3,1,1,228
5,1,1,228
-4,1,1,228
3,1,0,228
5,1,1,228
-2,1,0,228
-3,1,1,228
-4,1,0,228
5,1,0,228
-4,1,1,228
4,1,1,228
5,1,1,228
4,1,0,228
3,1,1,228
3,1,1,230
-3,1,1,230
-4,1,1,230
4,1,1,230
5,1,1,230
5,1,0,230
3,1,1,230
3,1,1,230
5,1,1,230
4,1,1,230
4,1,1,230
5,1,1,230
-4,1,1,230
-4,1,1,230
-3,1,1,230
-3,1,1,230
4,1,1,230
5,1,1,230
-4,1,1,230
3,1,1,230
5,1,1,230
5,1,1,230
-4,1,0,230
1,1,1,230
-3,1,1,230
-2,1,1,230
5,1,1,230
-3,1,1,231
-4,1,1,231
-3,1,1,231
-4,1,1,231
4,1,1,231
4,1,1,231
-4,1,0,231
4,1,1,231
5,1,1,231
-2,1,1,231
-4,1,0,231
4,1,1,231
2,1,1,231
5,1,1,231
3,1,1,231
-4,1,0,231
5,1,1,231
5,1,1,231
-4,1,0,231
-4,1,0,231
-3,1,1,231
-4,1,1,231
-4,1,0,231
5,1,1,231
-3,1,1,231
5,1,1,231
3,1,1,231
-2,1,1,233
5,1,1,233
-3,1,1,233
-4,1,1,233
-4,1,1,233
-2,1,1,233
-4,1,1,233
-3,1,1,233
4,1,1,233
5,1,1,233
-3,1,1,233
-3,1,1,233
-2,1,1,233
5,1,1,233
-2,1,1,233
-4,1,1,233
-4,1,1,233
-4,1,1,233
3,1,1,233
3,1,0,233
-4,1,1,233
5,1,1,233
4,1,1,233
5,1,1,233
5,1,1,233
4,1,1,233
-3,1,1,233
5,1,0,233
3,1,1,233
5,1,1,234
5,1,1,234
5,1,1,234
5,1,1,234
-4,1,0,234
-3,1,1,234
-4,1,1,234
-4,1,0,234
5,1,1,234
5,1,0,234
5,1,1,234
-3,1,0,234
5,1,1,234
4,1,1,234
5,1,1,234
5,1,0,234
2,1,1,234
5,1,1,234
5,1,1,234
-2,1,1,234
-4,1,1,234
-4,1,1,234
3,1,1,234
4,1,1,234
-4,1,1,234
-2,1,1,234
5,1,1,234
-3,1,1,237
-2,1,1,237
-4,1,0,237
-4,1,1,237
4,1,0,237
5,1,1,237
-4,1,0,237
3,1,1,237
-4,1,0,237
-3,1,0,237
-2,1,1,237
-4,1,1,237
-3,1,0,237
4,1,1,237
3,1,1,237
-3,1,0,237
3,1,1,237
5,1,1,237
3,1,1,237
3,1,1,237
5,1,1,237
-2,1,0,237
5,1,1,237
-2,1,1,237
1,1,1,237
4,1,1,237
5,1,1,237
5,1,1,238
-4,1,0,238
-4,1,0,238
5,1,1,238
3,1,0,238
4,1,0,238
-4,1,1,238
-4,1,1,238
4,1,1,238
5,1,0,238
3,1,0,238
5,1,1,238
-2,1,0,238
-2,1,1,238
-3,1,1,238
5,1,0,238
-3,1,1,238
-4,1,1,238
-4,1,0,238
-2,1,1,238
-4,1,1,238
-4,1,0,238
5,1,0,238
5,1,0,238
3,1,0,238
-3,1,0,238
-4,1,1,238
5,1,1,240
5,1,1,240
4,1,1,240
-4,1,1,240
-3,1,1,240
4,1,1,240
-4,1,0,240
4,1,1,240
3,1,1,240
-3,1,0,240
5,1,0,240
-2,1,1,240
5,1,0,240
4,1,1,240
-4,1,0,240
-4,1,0,240
3,1,1,240
-4,1,0,240
5,1,1,240
5,1,0,240
4,1,1,240
-4,1,0,240
-2,1,0,240
5,1,0,240
-3,1,1,240
3,1,1,240
3,1,1,241
-3,1,1,241
5,1,1,241
5,1,0,241
4,1,1,241
3,1,1,241
-1,1,1,241
-2,1,0,241
3,1,1,241
-2,1,1,241
-4,1,1,241
-4,1,1,241
-4,1,1,241
-4,1,1,241
4,1,1,241
-3,1,1,241
-3,1,0,241
-4,1,1,241
-3,1,1,241
-4,1,1,241
-3,1,1,241
-4,1,1,241
3,1,1,241
-4,1,1,241
-2,1,1,241
-4,1,1,241
5,1,1,241
-1,1,0,241
5,1,1,241
1,1,1,241
-3,1,0,241
-3,1,1,242
-4,1,0,242
3,1,1,242
4,1,1,242
-4,1,1,242
-4,1,1,242
5,1,1,242
-4,1,1,242
-4,1,0,242
-4,1,0,242
-4,1,1,242
5,1,1,242
5,1,1,242
5,1,1,242
5,1,1,242
3,1,1,242
5,1,1,242
-2,1,1,242
5,1,1,242
5,1,1,242
4,1,1,242
4,1,1,242
5,1,1,242
5,1,1,242
5,1,1,242
3,1,1,242
5,1,1,242
-4,1,1,243
-4,1,0,243
3,1,1,243
4,1,1,243
-4,1,0,243
-4,1,0,243
3,1,0,243
-2,1,0,243
-4,1,1,243
5,1,1,243
3,1,1,243
-4,1,0,243
-3,1,0,243
-4,1,0,243
3,1,1,243
-4,1,0,243
-4,1,0,243
-4,1,0,243
-3,1,0,243
4,1,1,243
-3,1,0,243
-4,1,0,243
5,1,1,243
-2,1,0,243
-2,1,1,243
4,1,1,243
5,1,1,243
5,1,1,244
4,1,1,244
3,1,1,244
5,1,1,244
4,1,1,244
3,1,1,244
-2,1,0,244
4,1,1,244
4,1,1,244
-4,1,0,244
-2,1,0,244
-2,1,0,244
-4,1,0,244
-4,1,0,244
4,1,1,244
-4,1,0,244
4,1,1,244
-2,1,0,244
5,1,1,244
5,1,1,244
4,1,1,244
4,1,1,244
5,1,1,244
-4,1,0,244
-4,1,1,244
3,1,1,244
-3,1,0,244
4,1,1,244
-3,1,0,244
-2,1,1,246
-3,1,1,246
3,1,1,246
0,1,0,246
-2,1,1,246
0,1,1,246
5,1,1,246
4,1,1,246
5,1,1,246
2,1,1,246
4,1,1,246
4,1,1,246
-3,1,1,246
-4,1,1,246
1,1,1,246
-2,1,1,246
4,1,1,246
-4,1,1,246
-4,1,1,246
-4,1,1,246
-3,1,1,246
5,1,1,246
-4,1,1,246
5,1,1,246
5,1,1,246
5,1,1,246
5,1,1,246
3,1,1,246
-3,1,1,246
-4,1,1,246
-4,1,1,246
-4,1,1,251
-2,1,1,251
-3,1,1,251
5,1,1,251
4,1,1,251
0,1,1,251
5,1,1,251
4,1,1,251
5,1,0,251
-4,1,0,251
3,1,0,251
5,1,0,251
5,1,1,251
3,1,1,251
-2,1,0,251
3,1,0,251
5,1,1,251
5,1,1,251
5,1,0,251
4,1,1,251
5,1,1,251
3,1,1,251
-4,1,0,251
-2,1,1,251
-4,1,0,251
4,1,1,251
-3,1,1,251
4,1,1,253
5,1,1,253
-2,1,1,253
3,1,1,253
-2,1,1,253
5,1,0,253
3,1,0,253
5,1,1,253
5,1,0,253
-2,1,0,253
5,1,1,253
5,1,1,253
-4,1,1,253
-4,1,1,253
-4,1,0,253
-4,1,1,253
-2,1,1,253
3,1,1,253
-2,1,0,253
-4,1,0,253
-4,1,1,253
4,1,1,253
-4,1,0,253
5,1,1,253
5,1,1,253
-4,1,1,253
-2,1,1,253
3,1,0,254
-4,1,0,254
5,1,1,254
5,1,1,254
5,1,1,254
4,1,1,254
3,1,1,254
-4,1,0,254
5,1,1,254
5,1,1,254
-4,1,0,254
-4,1,0,254
-3,1,0,254
-4,1,0,254
4,1,1,254
3,1,1,254
4,1,1,254
-4,1,1,254
-4,1,0,254
5,1,1,254
-3,1,0,254
5,1,1,254
5,1,1,254
4,1,1,254
-4,1,0,254
-4,1,0,254
5,1,1,257
5,1,0,257
4,1,1,257
5,1,1,257
5,1,1,257
4,1,1,257
5,1,1,257
5,1,1,257
2,1,0,257
5,1,1,257
4,1,0,257
-4,1,0,257
-4,1,0,257
-4,1,1,257
-3,1,1,257
4,1,1,257
5,1,0,257
3,1,0,257
5,1,1,257
-4,1,0,257
-4,1,1,257
-4,1,0,257
-3,1,1,257
-2,1,0,258
-3,1,0,258
5,1,1,258
4,1,1,258
-2,1,1,258
-4,1,1,258
4,1,1,258
5,1,1,258
3,1,1,258
-4,1,1,258
-1,1,1,258
-4,1,1,258
-2,1,1,258
-4,1,1,258
4,1,1,258
5,1,1,258
-4,1,0,258
3,1,1,258
5,1,1,258
-4,1,1,258
2,1,1,258
5,1,1,258
3,1,0,258
-4,1,1,258
-2,1,1,258
-4,1,1,258
3,1,1,258
4,1,1,258
4,1,1,258
-2,1,1,258
-2,1,0,258
-2,1,1,258
-4,1,0,260
3,1,1,260
5,1,1,260
3,1,1,260
-2,1,1,260
-4,1,0,260
-2,1,0,260
-2,1,0,260
5,1,1,260
5,1,1,260
-4,1,0,260
-2,1,0,260
5,1,1,260
5,1,1,260
5,1,1,260
3,1,0,260
4,1,1,260
3,1,1,260
-4,1,0,260
-3,1,1,260
-3,1,0,260
4,1,1,260
1,1,1,260
5,1,1,260
3,1,1,260
-4,1,0,260
-4,1,0,260
-3,1,1,262
5,1,1,262
2,1,1,262
4,1,1,262
5,1,1,262
-3,1,1,262
5,1,1,262
3,1,1,262
-4,1,1,262
5,1,0,262
3,1,1,262
3,1,1,262
4,1,1,262
-2,1,1,262
-3,1,1,262
4,1,1,262
-2,1,1,262
-2,1,1,262
3,1,1,262
5,1,1,262
5,1,1,262
-4,1,1,262
1,1,1,262
-4,1,1,262
5,1,1,262
0,1,0,262
-3,1,0,262
1,1,1,262
5,1,1,262
-4,1,1,262
-3,1,0,264
3,1,1,264
5,1,1,264
-3,1,1,264
3,1,1,264
4,1,1,264
5,1,1,264
3,1,1,264
-4,1,1,264
5,1,1,264
5,1,1,264
5,1,1,264
-2,1,0,264
-3,1,1,264
5,1,1,264
4,1,1,264
4,1,1,264
-4,1,1,264
-4,1,0,264
3,1,1,264
3,1,1,264
5,1,1,264
-3,1,1,264
-4,1,1,264
-4,1,1,264
3,1,1,264
-4,1,1,264
5,1,0,265
3,1,0,265
-4,1,0,265
-2,1,1,265
-4,1,1,265
-4,1,1,265
-4,1,1,265
4,1,0,265
5,1,1,265
-4,1,1,265
4,1,1,265
5,1,0,265
4,1,1,265
5,1,0,265
-4,1,1,265
5,1,1,265
-2,1,0,265
5,1,1,265
3,1,1,265
5,1,1,265
-3,1,1,265
4,1,1,265
-2,1,0,265
-4,1,0,265
-3,1,1,265
-4,1,1,265
3,1,1,265
-4,1,0,265
-4,1,1,266
3,1,1,266
4,1,1,266
3,1,1,266
4,1,1,266
-4,1,1,266
-3,1,1,266
-4,1,1,266
3,1,1,266
-4,1,1,266
-2,1,1,266
-4,1,1,266
5,1,1,266
5,1,1,266
-2,1,1,266
3,1,1,266
-4,1,0,266
-3,1,1,266
-3,1,1,266
3,1,1,266
-4,1,1,266
5,1,1,266
5,1,1,266
-3,1,0,266
4,1,1,266
-2,1,1,266
-2,1,1,266
4,1,0,267
-4,1,1,267
-2,1,1,267
5,1,1,267
5,1,1,267
-4,1,0,267
-2,1,0,267
5,1,1,267
5,1,1,267
-4,1,0,267
-2,1,1,267
5,1,1,267
4,1,1,267
5,1,1,267
4,1,1,267
5,1,1,267
5,1,0,267
-2,1,1,267
5,1,1,267
5,1,1,267
4,1,1,267
5,1,1,267
-4,1,1,267
-3,1,1,267
-3,1,1,267
4,1,1,267
-4,1,1,267
-2,1,0,268
-2,1,1,268
5,1,1,268
5,1,1,268
4,1,1,268
5,1,1,268
5,1,1,268
5,1,1,268
4,1,1,268
-2,1,1,268
-4,1,1,268
-2,1,1,268
-4,1,1,268
-2,1,1,268
-3,1,1,268
0,1,1,268
-3,1,1,268
3,1,1,268
-2,1,1,268
4,1,1,268
-4,1,1,268
-4,1,1,268
-4,1,1,268
-4,1,1,268
3,1,1,268
-4,1,1,268
5,1,1,268
-2,1,1,268
5,1,1,269
-4,1,0,269
-4,1,1,269
-3,1,0,269
-4,1,0,269
-4,1,1,269
-4,1,1,269
5,1,0,269
-2,1,1,269
-2,1,1,269
5,1,1,269
5,1,1,269
-3,1,0,269
-4,1,1,269
-4,1,0,269
5,1,1,269
5,1,1,269
-2,1,0,269
3,1,1,269
-4,1,1,269
3,1,1,269
4,1,1,269
-4,1,1,269
-1,1,1,269
-4,1,1,269
3,1,1,269
3,1,1,269
5,1,1,269
5,1,1,270
-2,1,1,270
4,1,1,270
4,1,1,270
5,1,1,270
5,1,1,270
5,1,1,270
5,1,1,270
4,1,1,270
5,1,1,270
3,1,1,270
-3,1,1,270
3,1,0,270
-3,1,1,270
-4,1,1,270
-4,1,1,270
-4,1,1,270
-3,1,1,270
-4,1,1,270
-4,1,1,270
5,1,1,270
4,1,1,270
5,1,1,270
4,1,1,270
4,1,1,270
4,1,1,270
-2,1,1,270
5,1,1,272
4,1,1,272
-4,1,1,272
3,1,1,272
5,1,1,272
-2,1,0,272
5,1,1,272
4,1,1,272
-4,1,0,272
4,1,1,272
5,1,0,272
4,1,1,272
5,1,1,272
-4,1,1,272
4,1,1,272
5,1,1,272
5,1,1,272
5,1,1,272
5,1,1,272
3,1,1,272
0,1,1,272
-3,1,0,272
4,1,1,272
-2,1,0,272
-4,1,0,272
-4,1,1,272
3,1,1,272
-3,1,1,273
-2,1,1,273
-2,1,1,273
5,1,1,273
-2,1,1,273
5,1,1,273
4,1,1,273
4,1,1,273
5,1,1,273
5,1,1,273
5,1,1,273
-2,1,1,273
5,1,1,273
5,1,1,273
-4,1,1,273
5,1,1,273
5,1,1,273
-2,1,1,273
-3,1,1,273
-4,1,1,273
-4,1,1,273
5,1,1,273
-3,1,1,273
4,1,1,273
5,1,1,273
3,1,1,273
-4,1,1,274
-4,1,1,274
-4,1,1,274
5,1,0,274
4,1,0,274
-4,1,0,274
5,1,1,274
5,1,0,274
3,1,1,274
-4,1,0,274
-1,1,1,274
-4,1,1,274
-4,1,1,274
-4,1,1,274
-4,1,1,274
3,1,1,274
-4,1,1,274
5,1,0,274
-4,1,0,274
5,1,0,274
-4,1,0,274
5,1,0,274
-4,1,1,274
-2,1,0,274
5,1,0,274
5,1,1,275
-2,1,1,275
3,1,1,275
5,1,1,275
-4,1,1,275
-4,1,1,275
-4,1,1,275
-4,1,0,275
4,1,1,275
5,1,1,275
-4,1,1,275
-4,1,1,275
-4,1,1,275
4,1,1,275
5,1,1,275
5,1,1,275
-4,1,0,275
4,1,1,275
5,1,1,275
5,1,1,275
-2,1,1,275
5,1,1,275
5,1,1,275
3,1,1,275
-3,1,1,275
4,1,1,275
-4,1,0,276
-4,1,1,276
-2,1,1,276
5,1,1,276
4,1,1,276
-2,1,0,276
5,1,1,276
3,1,0,276
4,1,0,276
3,1,1,276
4,1,0,276
-2,1,1,276
4,1,0,276
5,1,1,276
5,1,1,276
3,1,1,276
3,1,1,276
4,1,1,276
4,1,1,276
3,1,0,276
-2,1,1,276
5,1,1,276
5,1,1,276
5,1,1,276
5,1,1,276
-3,1,1,276
-4,1,1,276
-3,1,1,277
5,1,1,277
-4,1,1,277
-2,1,1,277
4,1,1,277
2,1,1,277
3,1,1,277
-4,1,1,277
-4,1,1,277
4,1,1,277
5,1,1,277
4,1,1,277
5,1,1,277
-2,1,0,277
2,1,1,277
5,1,1,277
-4,1,1,277
5,1,1,277
5,1,1,277
4,1,1,277
3,1,1,277
-4,1,1,277
-4,1,1,277
-2,1,1,277
-4,1,0,277
5,1,1,277
-4,1,1,277
-4,1,1,277
-4,1,1,277
-4,1,0,278
-4,1,1,278
-4,1,1,278
3,1,0,278
5,1,0,278
4,1,1,278
4,1,1,278
-4,1,1,278
3,1,1,278
5,1,0,278
-4,1,0,278
-4,1,1,278
5,1,1,278
5,1,0,278
5,1,1,278
-2,1,1,278
5,1,1,278
-4,1,1,278
3,1,1,278
5,1,1,278
3,1,1,278
5,1,1,278
3,1,1,278
-3,1,0,278
4,1,1,278
4,1,1,278
5,1,1,282
-4,1,0,282
4,1,1,282
4,1,1,282
-4,1,0,282
-3,1,1,282
5,1,1,282
5,1,1,282
5,1,1,282
-3,1,0,282
3,1,1,282
5,1,1,282
5,1,1,282
5,1,0,282
4,1,1,282
-3,1,1,282
-4,1,0,282
3,1,1,282
4,1,1,282
5,1,1,282
5,1,1,282
3,1,1,282
-2,1,1,282
-4,1,0,282
-4,1,1,282
5,1,1,286
3,1,1,286
-2,1,1,286
3,1,1,286
-4,1,1,286
-4,1,1,286
5,1,0,286
5,1,1,286
5,1,1,286
4,1,1,286
5,1,1,286
3,1,1,286
-4,1,1,286
-4,1,0,286
-2,1,1,286
-2,1,0,286
-4,1,0,286
-4,1,1,286
5,1,0,286
4,1,1,286
-4,1,1,286
-3,1,1,286
-3,1,1,286
-4,1,1,286
3,1,1,286
-4,1,1,286
5,1,1,286
-2,1,1,287
5,1,0,287
-4,1,1,287
-2,1,1,287
4,1,0,287
-4,1,0,287
-4,1,0,287
-4,1,1,287
-4,1,0,287
-3,1,0,287
-4,1,0,287
-4,1,0,287
5,1,1,287
3,1,1,287
4,1,0,287
4,1,0,287
5,1,1,287
-3,1,1,287
3,1,1,287
5,1,1,287
3,1,1,287
-4,1,0,287
2,1,1,287
-2,1,1,287
5,1,0,287
5,1,1,287
-4,1,1,287
5,1,1,287
3,1,1,290
-3,1,1,290
4,1,1,290
3,1,0,290
-4,1,0,290
-2,1,0,290
-1,1,1,290
-3,1,1,290
-4,1,1,290
4,1,1,290
4,1,1,290
5,1,1,290
5,1,0,290
4,1,1,290
3,1,1,290
5,1,0,290
5,1,1,290
-2,1,1,290
-4,1,1,290
4,1,1,290
5,1,1,290
5,1,1,290
5,1,1,290
5,1,1,290
4,1,0,290
5,1,1,290
5,1,0,290
3,1,1,290
5,1,1,290
3,1,0,292
-4,1,0,292
-2,1,0,292
4,1,0,292
5,1,0,292
-4,1,0,292
-3,1,1,292
-4,1,0,292
5,1,1,292
3,1,0,292
-4,1,0,292
3,1,1,292
-2,1,1,292
5,1,1,292
3,1,0,292
-4,1,1,292
3,1,0,292
0,1,1,292
5,1,1,292
4,1,0,292
3,1,1,292
5,1,1,292
3,1,1,292
5,1,1,292
5,1,1,292
4,1,1,292
3,1,1,292
-4,1,0,292
-3,1,1,293
4,1,1,293
4,1,1,293
5,1,1,293
-2,1,1,293
-2,1,1,293
5,1,1,293
4,1,1,293
5,1,1,293
-4,1,1,293
-4,1,1,293
5,1,1,293
5,1,1,293
4,1,1,293
-2,1,1,293
4,1,1,293
5,1,1,293
5,1,0,293
-4,1,1,293
3,1,1,293
-3,1,0,293
-3,1,1,293
-4,1,1,293
-4,1,1,293
4,1,1,293
3,1,1,293
5,1,1,293
-2,1,1,293
5,1,1,293
5,1,1,295
5,1,1,295
-4,1,0,295
5,1,1,295
3,1,1,295
-4,1,1,295
-4,1,1,295
5,1,1,295
-4,1,1,295
-4,1,1,295
-4,1,1,295
-4,1,1,295
5,1,0,295
4,1,0,295
1,1,1,295
5,1,1,295
-4,1,1,295
-4,1,0,295
4,1,1,295
3,1,1,295
4,1,1,295
-4,1,0,295
-2,1,1,295
3,1,1,295
5,1,1,295
5,1,1,295
5,1,1,295
1,1,0,296
-4,1,1,296
-4,1,1,296
5,1,1,296
5,1,1,296
3,1,1,296
5,1,1,296
-2,1,1,296
-3,1,1,296
4,1,1,296
4,1,1,296
-4,1,1,296
2,1,0,296
4,1,1,296
4,1,1,296
-2,1,1,296
4,1,1,296
-4,1,1,296
-3,1,1,296
-3,1,1,296
-2,1,1,296
-4,1,1,296
5,1,1,296
-4,1,1,296
-3,1,1,296
-4,1,1,296
-4,1,1,296
-4,1,1,296
-2,1,1,296
-4,1,0,297
5,1,0,297
4,1,1,297
4,1,1,297
-4,1,1,297
3,1,0,297
4,1,1,297
4,1,0,297
-4,1,0,297
5,1,1,297
5,1,1,297
3,1,1,297
2,1,1,297
3,1,1,297
-2,1,1,297
5,1,0,297
3,1,1,297
4,1,0,297
-2,1,0,297
-2,1,1,297
3,1,1,297
-4,1,0,297
5,1,1,297
-4,1,1,297
-4,1,1,297
-4,1,1,297
-2,1,0,297
-3,1,1,297
-4,1,1,298
-2,1,1,298
3,1,1,298
-3,1,1,298
-4,1,1,298
-2,1,1,298
-4,1,1,298
-2,1,1,298
3,1,1,298
3,1,1,298
5,1,1,298
-3,1,1,298
5,1,1,298
5,1,1,298
5,1,1,298
5,1,1,298
3,1,0,298
3,1,1,298
5,1,0,298
5,1,1,298
-4,1,1,298
3,1,0,298
5,1,0,298
4,1,1,298
5,1,0,298
3,1,1,298
-4,1,1,298
-4,1,1,298
-3,1,0,298
-2,1,0,298
5,1,1,301
5,1,1,301
5,1,1,301
0,1,1,301
4,1,1,301
3,1,1,301
3,1,1,301
5,1,1,301
-2,1,0,301
-2,1,1,301
-4,1,1,301
-4,1,1,301
-4,1,1,301
-3,1,1,301
-3,1,1,301
-4,1,0,301
-4,1,1,301
-2,1,1,301
-2,1,1,301
-2,1,1,301
4,1,1,301
3,1,1,301
3,1,1,301
-4,1,0,301
-4,1,1,301
5,1,1,301
-2,1,0,301
5,1,1,301
4,1,1,301
5,1,0,304
-2,1,1,304
-3,1,1,304
3,1,1,304
5,1,1,304
3,1,0,304
5,1,1,304
-4,1,1,304
5,1,0,304
-3,1,1,304
3,1,0,304
-2,1,0,304
-4,1,0,304
4,1,1,304
-2,1,1,304
-4,1,0,304
-4,1,1,304
3,1,0,304
-4,1,1,304
4,1,1,304
5,1,0,304
-3,1,0,304
-2,1,1,304
3,1,0,304
-4,1,1,304
5,1,1,304
5,1,0,306
5,1,1,306
5,1,1,306
3,1,1,306
5,1,1,306
5,1,1,306
-4,1,1,306
-4,1,1,306
4,1,1,306
2,1,1,306
5,1,0,306
4,1,1,306
-4,1,1,306
4,1,1,306
5,1,1,306
3,1,1,306
-2,1,1,306
5,1,1,306
-3,1,0,306
5,1,1,306
-3,1,0,306
5,1,1,306
3,1,0,306
3,1,0,306
-4,1,1,306
-4,1,0,306
4,1,1,306
5,1,1,306
3,1,1,306
4,1,0,307
4,1,0,307
5,1,0,307
4,1,0,307
-4,1,0,307
-4,1,1,307
-3,1,1,307
4,1,1,307
-4,1,1,307
-4,1,1,307
5,1,0,307
-4,1,1,307
-4,1,0,307
5,1,0,307
5,1,1,307
4,1,0,307
5,1,0,307
-2,1,1,307
0,1,1,307
-4,1,0,307
-4,1,1,307
-4,1,1,307
-4,1,1,307
-2,1,0,307
5,1,0,307
-3,1,1,307
5,1,0,307
-2,1,0,308
4,1,0,308
-3,1,1,308
-4,1,1,308
5,1,0,308
5,1,1,308
-2,1,1,308
5,1,1,308
-3,1,1,308
-2,1,1,308
4,1,1,308
5,1,1,308
5,1,1,308
3,1,1,308
-4,1,1,308
-3,1,0,308
5,1,0,308
5,1,1,308
4,1,0,308
-4,1,1,308
-4,1,0,308
4,1,1,308
5,1,1,308
-2,1,1,308
-3,1,0,308
5,1,1,308
-2,1,1,308
-4,1,0,312
-4,1,0,312
-4,1,1,312
4,1,1,312
-4,1,1,312
-3,1,1,312
5,1,1,312
5,1,1,312
5,1,1,312
4,1,1,312
5,1,1,312
3,1,1,312
-2,1,1,312
-4,1,1,312
4,1,1,312
2,1,1,312
3,1,1,312
-4,1,1,312
5,1,1,312
-4,1,0,312
-4,1,0,312
-3,1,0,312
3,1,1,312
5,1,0,312
5,1,1,312
3,1,1,312
