-5.0274,1,1
-6.0274,1,1
6.9726,1,1
6.9726,1,1
6.9726,1,1
1.9726,0,1
-3.0274,1,1
6.9726,1,1
3.9726,1,1
-3.0274,1,1
-9.0274,1,1
-7.0274,1,1
-3.0274,1,1
5.9726,0,1
1.9726,1,1
6.9726,1,1
6.9726,1,1
-8.0274,1,1
4.9726,1,1
-4.0274,1,1
-3.0274,1,1
-8.0274,1,1
4.9726,1,1
2.9726,1,1
6.9726,1,1
-5.0274,1,2
-8.0274,1,2
-9.0274,1,2
-9.0274,1,2
5.9726,1,2
5.9726,1,2
1.9726,1,2
-4.0274,0,2
-3.0274,1,2
-6.0274,1,2
-9.0274,1,2
2.9726,1,2
5.9726,1,2
-5.0274,1,2
-6.0274,0,2
3.9726,1,2
6.9726,1,2
6.9726,0,2
3.9726,0,2
-5.0274,0,2
-5.0274,0,2
3.9726,0,2
4.9726,1,2
-4.0274,0,2
-6.0274,1,2
-3.0274,1,3
1.9726,1,3
6.9726,1,3
6.9726,1,3
2.9726,1,3
3.9726,1,3
2.9726,1,3
4.9726,1,3
-4.0274,1,3
-8.0274,1,3
-8.0274,0,3
1.9726,1,3
-5.0274,1,3
-5.0274,1,3
-8.0274,1,3
2.9726,1,3
-6.0274,1,3
-7.0274,1,3
-9.0274,1,3
-3.0274,1,3
6.9726,1,3
-3.0274,1,3
-3.0274,1,3
6.9726,1,3
-3.0274,0,3
2.9726,1,4
-3.0274,1,4
-5.0274,1,4
5.9726,1,4
6.9726,1,4
6.9726,1,4
5.9726,1,4
6.9726,1,4
6.9726,1,4
-9.0274,0,4
-3.0274,1,4
-4.0274,1,4
-4.0274,1,4
-7.0274,0,4
3.9726,1,4
4.9726,1,4
6.9726,1,4
6.9726,1,4
3.9726,1,4
2.9726,1,4
2.9726,1,4
-3.0274,1,4
-3.0274,1,4
2.9726,1,4
4.9726,1,4
-9.0274,1,5
6.9726,0,5
6.9726,1,5
3.9726,1,5
-3.0274,1,5
-3.0274,1,5
5.9726,1,5
6.9726,1,5
5.9726,1,5
6.9726,1,5
5.9726,1,5
4.9726,1,5
5.9726,1,5
6.9726,0,5
5.9726,0,5
-4.0274,0,5
-3.0274,0,5
-8.0274,1,5
-5.0274,1,5
-3.0274,0,5
-4.0274,0,5
-3.0274,0,5
-3.0274,1,5
-5.0274,1,5
-8.0274,1,5
-8.0274,1,6
-4.0274,1,6
-8.0274,1,6
-7.0274,0,6
-5.0274,1,6
-5.0274,1,6
-9.0274,0,6
-4.0274,1,6
6.9726,1,6
3.9726,1,6
3.9726,1,6
6.9726,1,6
6.9726,1,6
1.9726,1,6
-8.0274,1,6
-9.0274,1,6
-7.0274,1,6
-4.0274,1,6
-9.0274,1,6
-9.0274,0,6
-9.0274,0,6
-7.0274,1,6
2.9726,1,6
2.9726,1,6
-3.0274,1,6
6.9726,0,7
1.9726,0,7
-5.0274,0,7
3.9726,1,7
2.9726,1,7
6.9726,1,7
6.9726,1,7
2.9726,1,7
3.9726,1,7
6.9726,1,7
2.9726,1,7
-7.0274,1,7
-9.0274,1,7
3.9726,0,7
-4.0274,1,7
1.9726,1,7
5.9726,1,7
5.9726,1,7
1.9726,1,7
2.9726,1,7
-5.0274,1,7
-7.0274,1,7
-6.0274,0,7
-6.0274,0,7
1.9726,0,7
-4.0274,0,8
2.9726,1,8
-4.0274,1,8
-9.0274,1,8
6.9726,0,8
6.9726,1,8
4.9726,1,8
2.9726,0,8
2.9726,1,8
-9.0274,1,8
-9.0274,1,8
-9.0274,1,8
-8.0274,1,8
-7.0274,1,8
6.9726,1,8
6.9726,1,8
-8.0274,1,8
-5.0274,1,8
1.9726,1,8
6.9726,1,8
1.9726,0,8
6.9726,1,8
6.9726,1,8
5.9726,1,8
6.9726,1,8
2.9726,1,9
3.9726,1,9
-5.0274,1,9
-3.0274,1,9
-5.0274,1,9
1.9726,1,9
6.9726,1,9
6.9726,1,9
5.9726,1,9
6.9726,1,9
6.9726,1,9
5.9726,1,9
5.9726,1,9
6.9726,1,9
6.9726,1,9
5.9726,1,9
2.9726,1,9
3.9726,1,9
-9.0274,0,9
-9.0274,1,9
-5.0274,1,9
-9.0274,1,9
-6.0274,1,9
-8.0274,1,9
-9.0274,1,9
-9.0274,0,10
3.9726,1,10
3.9726,1,10
-8.0274,1,10
-8.0274,0,10
-3.0274,1,10
6.9726,1,10
6.9726,1,10
6.9726,1,10
-4.0274,0,10
3.9726,1,10
-7.0274,1,10
5.9726,1,10
6.9726,1,10
6.9726,1,10
6.9726,1,10
6.9726,1,10
-4.0274,1,10
-9.0274,1,10
3.9726,1,10
-9.0274,1,10
-6.0274,1,10
-7.0274,1,10
-8.0274,1,10
-8.0274,0,10
1.9726,1,11
-4.0274,0,11
4.9726,1,11
5.9726,1,11
-8.0274,0,11
-7.0274,1,11
5.9726,1,11
6.9726,1,11
5.9726,1,11
5.9726,1,11
3.9726,1,11
5.9726,1,11
4.9726,1,11
4.9726,1,11
1.9726,1,11
5.9726,1,11
-3.0274,1,11
2.9726,1,11
-7.0274,1,11
-8.0274,1,11
6.9726,1,11
4.9726,1,11
2.9726,1,11
6.9726,1,11
6.9726,1,11
6.9726,0,12
3.9726,0,12
3.9726,1,12
2.9726,0,12
-4.0274,1,12
4.9726,0,12
6.9726,0,12
6.9726,0,12
-9.0274,1,12
-3.0274,1,12
-9.0274,1,12
6.9726,1,12
3.9726,1,12
-3.0274,1,12
1.9726,0,12
1.9726,1,12
-8.0274,1,12
-6.0274,1,12
-9.0274,1,12
-7.0274,1,12
-5.0274,1,12
4.9726,1,12
6.9726,1,12
5.9726,1,12
4.9726,1,12
6.9726,1,13
5.9726,1,13
-3.0274,0,13
-6.0274,1,13
-4.0274,1,13
-8.0274,1,13
5.9726,0,13
6.9726,1,13
6.9726,0,13
5.9726,1,13
5.9726,1,13
3.9726,1,13
6.9726,1,13
6.9726,1,13
4.9726,1,13
-8.0274,1,13
-6.0274,1,13
-6.0274,1,13
-9.0274,1,13
-5.0274,1,13
-9.0274,1,13
2.9726,1,13
-7.0274,1,13
-4.0274,1,13
-9.0274,0,13
-5.0274,1,14
-9.0274,1,14
1.9726,1,14
-8.0274,1,14
5.9726,1,14
-9.0274,1,14
4.9726,1,14
5.9726,1,14
-5.0274,0,14
6.9726,0,14
5.9726,1,14
6.9726,1,14
3.9726,1,14
6.9726,1,14
6.9726,0,14
6.9726,0,14
5.9726,0,14
5.9726,1,14
2.9726,1,14
6.9726,0,14
6.9726,0,14
6.9726,1,14
6.9726,1,14
6.9726,1,14
6.9726,1,14
-5.0274,1,15
-7.0274,1,15
2.9726,0,15
2.9726,1,15
2.9726,1,15
2.9726,1,15
-3.0274,0,15
-4.0274,1,15
-9.0274,1,15
-9.0274,1,15
1.9726,1,15
-6.0274,1,15
4.9726,1,15
1.9726,1,15
2.9726,1,15
6.9726,1,15
1.9726,0,15
6.9726,1,15
5.9726,1,15
1.9726,1,15
-9.0274,1,15
2.9726,0,15
1.9726,1,15
-3.0274,1,15
3.9726,1,15
-3.0274,1,16
5.9726,1,16
4.9726,1,16
-6.0274,1,16
6.9726,1,16
2.9726,1,16
-6.0274,1,16
6.9726,1,16
6.9726,1,16
6.9726,1,16
4.9726,1,16
1.9726,1,16
5.9726,0,16
4.9726,1,16
4.9726,1,16
5.9726,1,16
6.9726,0,16
-4.0274,1,16
-8.0274,1,16
-8.0274,1,16
-7.0274,1,16
-4.0274,1,16
-9.0274,1,16
-7.0274,1,16
-5.0274,1,16
-5.0274,1,17
-9.0274,0,17
1.9726,1,17
-4.0274,1,17
1.9726,1,17
2.9726,1,17
-6.0274,1,17
-3.0274,1,17
-9.0274,1,17
4.9726,1,17
6.9726,1,17
6.9726,1,17
5.9726,1,17
-3.0274,1,17
-7.0274,1,17
-7.0274,1,17
3.9726,1,17
-8.0274,1,17
-9.0274,1,17
-9.0274,0,17
1.9726,1,17
-9.0274,1,17
-4.0274,1,17
4.9726,1,17
5.9726,1,17
3.9726,0,18
6.9726,1,18
5.9726,0,18
2.9726,0,18
-9.0274,1,18
4.9726,1,18
5.9726,1,18
6.9726,1,18
1.9726,1,18
6.9726,1,18
-9.0274,1,18
-5.0274,0,18
-9.0274,1,18
4.9726,1,18
1.9726,0,18
6.9726,1,18
6.9726,1,18
6.9726,1,18
6.9726,1,18
6.9726,1,18
6.9726,1,18
-6.0274,1,18
6.9726,0,18
-5.0274,1,18
-9.0274,1,18
6.9726,1,19
5.9726,1,19
6.9726,1,19
-5.0274,1,19
-7.0274,1,19
-8.0274,1,19
-6.0274,1,19
-8.0274,1,19
1.9726,1,19
-9.0274,1,19
-7.0274,1,19
-4.0274,1,19
-9.0274,1,19
-9.0274,0,19
-5.0274,1,19
-8.0274,1,19
-9.0274,1,19
-3.0274,1,19
3.9726,1,19
4.9726,1,19
6.9726,1,19
-6.0274,1,19
-7.0274,1,19
2.9726,1,19
4.9726,1,19
-7.0274,0,20
5.9726,1,20
6.9726,1,20
6.9726,1,20
3.9726,1,20
4.9726,1,20
3.9726,1,20
2.9726,1,20
6.9726,1,20
-9.0274,1,20
-9.0274,1,20
-7.0274,0,20
-5.0274,0,20
5.9726,0,20
6.9726,1,20
5.9726,1,20
6.9726,1,20
4.9726,1,20
5.9726,1,20
6.9726,1,20
5.9726,1,20
-5.0274,1,20
-9.0274,1,20
-9.0274,1,20
-6.0274,1,20
-9.0274,1,21
4.9726,0,21
1.9726,1,21
5.9726,1,21
3.9726,1,21
1.9726,1,21
6.9726,1,21
6.9726,1,21
5.9726,1,21
6.9726,1,21
6.9726,1,21
4.9726,1,21
5.9726,1,21
-3.0274,0,21
-4.0274,0,21
-7.0274,1,21
-7.0274,1,21
-8.0274,0,21
1.9726,1,21
-7.0274,1,21
4.9726,1,21
6.9726,1,21
6.9726,1,21
5.9726,1,21
3.9726,1,21
6.9726,1,22
5.9726,1,22
-5.0274,1,22
-9.0274,1,22
-7.0274,1,22
-5.0274,1,22
-4.0274,1,22
-5.0274,1,22
-3.0274,1,22
-9.0274,1,22
-5.0274,1,22
1.9726,1,22
2.9726,1,22
6.9726,1,22
5.9726,1,22
6.9726,1,22
2.9726,1,22
4.9726,1,22
2.9726,1,22
6.9726,1,22
6.9726,1,22
-7.0274,1,22
-9.0274,1,22
-9.0274,1,22
-8.0274,1,22
6.9726,1,23
6.9726,0,23
5.9726,1,23
4.9726,1,23
5.9726,1,23
4.9726,0,23
-6.0274,0,23
-4.0274,0,23
3.9726,0,23
1.9726,0,23
4.9726,1,23
5.9726,1,23
-3.0274,1,23
5.9726,1,23
6.9726,1,23
6.9726,1,23
6.9726,1,23
-4.0274,1,23
-8.0274,1,23
-6.0274,1,23
2.9726,1,23
6.9726,1,23
6.9726,1,23
-9.0274,0,23
-7.0274,1,23
4.9726,1,24
6.9726,1,24
1.9726,1,24
2.9726,1,24
2.9726,1,24
-9.0274,0,24
-9.0274,1,24
-7.0274,0,24
-3.0274,1,24
5.9726,1,24
5.9726,1,24
6.9726,1,24
4.9726,0,24
6.9726,1,24
3.9726,1,24
2.9726,1,24
4.9726,0,24
-7.0274,1,24
2.9726,1,24
-4.0274,1,24
-7.0274,1,24
-5.0274,1,24
-4.0274,0,24
2.9726,1,24
2.9726,1,24
6.9726,1,25
3.9726,1,25
6.9726,1,25
4.9726,1,25
3.9726,1,25
6.9726,1,25
2.9726,1,25
-3.0274,1,25
-9.0274,1,25
5.9726,0,25
4.9726,1,25
4.9726,1,25
3.9726,1,25
4.9726,1,25
6.9726,1,25
1.9726,0,25
-7.0274,1,25
-6.0274,1,25
-9.0274,0,25
-6.0274,1,25
-7.0274,1,25
-5.0274,1,25
-4.0274,1,25
-7.0274,1,25
-5.0274,1,25
-9.0274,0,26
-9.0274,1,26
-7.0274,1,26
5.9726,0,26
5.9726,1,26
6.9726,1,26
1.9726,1,26
-3.0274,1,26
2.9726,0,26
1.9726,1,26
-3.0274,0,26
-7.0274,0,26
-9.0274,0,26
-6.0274,0,26
4.9726,0,26
6.9726,1,26
-8.0274,0,26
5.9726,1,26
6.9726,1,26
-4.0274,1,26
1.9726,1,26
1.9726,1,26
-4.0274,0,26
-6.0274,1,26
-9.0274,1,26
-3.0274,1,27
-5.0274,1,27
-4.0274,1,27
4.9726,1,27
6.9726,1,27
3.9726,1,27
4.9726,1,27
5.9726,1,27
4.9726,1,27
-8.0274,0,27
-9.0274,1,27
-7.0274,1,27
-7.0274,1,27
-5.0274,1,27
5.9726,1,27
6.9726,1,27
-6.0274,1,27
4.9726,1,27
1.9726,1,27
4.9726,1,27
5.9726,1,27
6.9726,1,27
6.9726,1,27
5.9726,1,27
6.9726,1,27
4.9726,1,28
6.9726,1,28
-3.0274,0,28
5.9726,1,28
5.9726,1,28
4.9726,1,28
-4.0274,1,28
-7.0274,1,28
-6.0274,1,28
-5.0274,0,28
-8.0274,1,28
-4.0274,1,28
1.9726,1,28
-3.0274,1,28
-6.0274,0,28
-9.0274,1,28
4.9726,1,28
6.9726,1,28
6.9726,1,28
6.9726,1,28
4.9726,1,28
1.9726,1,28
-3.0274,1,28
-8.0274,1,28
-9.0274,1,28
3.9726,1,29
-6.0274,1,29
-4.0274,1,29
-9.0274,1,29
3.9726,1,29
3.9726,1,29
6.9726,1,29
5.9726,1,29
2.9726,1,29
4.9726,1,29
6.9726,1,29
6.9726,1,29
6.9726,1,29
6.9726,1,29
1.9726,0,29
-7.0274,1,29
6.9726,1,29
5.9726,1,29
6.9726,1,29
-4.0274,1,29
2.9726,0,29
1.9726,1,29
6.9726,1,29
6.9726,1,29
3.9726,1,29
4.9726,1,30
2.9726,1,30
4.9726,1,30
6.9726,1,30
6.9726,1,30
4.9726,1,30
6.9726,1,30
6.9726,1,30
-9.0274,1,30
6.9726,1,30
5.9726,1,30
3.9726,1,30
6.9726,1,30
3.9726,1,30
6.9726,1,30
5.9726,1,30
-9.0274,0,30
-4.0274,1,30
2.9726,1,30
6.9726,1,30
5.9726,0,30
1.9726,1,30
-7.0274,0,30
-9.0274,0,30
5.9726,1,30
-6.0274,1,31
-7.0274,1,31
-7.0274,1,31
2.9726,1,31
2.9726,1,31
-4.0274,1,31
2.9726,0,31
6.9726,1,31
2.9726,1,31
-7.0274,1,31
4.9726,1,31
6.9726,1,31
-3.0274,1,31
-6.0274,1,31
2.9726,1,31
3.9726,1,31
6.9726,1,31
1.9726,1,31
4.9726,1,31
6.9726,1,31
6.9726,1,31
4.9726,1,31
4.9726,1,31
-4.0274,1,31
3.9726,1,31
5.9726,1,32
4.9726,1,32
-4.0274,1,32
6.9726,0,32
4.9726,0,32
3.9726,1,32
5.9726,1,32
5.9726,1,32
4.9726,1,32
3.9726,1,32
4.9726,1,32
5.9726,1,32
6.9726,1,32
-8.0274,1,32
-6.0274,0,32
-3.0274,0,32
-9.0274,1,32
-5.0274,1,32
3.9726,1,32
-9.0274,1,32
-9.0274,1,32
-8.0274,1,32
-9.0274,1,32
-9.0274,1,32
-7.0274,1,32
-7.0274,1,33
6.9726,1,33
6.9726,0,33
4.9726,0,33
-8.0274,1,33
-9.0274,1,33
-9.0274,1,33
-8.0274,1,33
-3.0274,1,33
3.9726,1,33
6.9726,1,33
6.9726,1,33
-4.0274,1,33
-7.0274,1,33
3.9726,0,33
5.9726,1,33
4.9726,1,33
1.9726,1,33
4.9726,1,33
-6.0274,1,33
-6.0274,1,33
6.9726,1,33
-3.0274,1,33
-6.0274,0,33
-9.0274,1,33
-9.0274,0,34
2.9726,1,34
5.9726,1,34
-7.0274,1,34
-6.0274,0,34
-9.0274,1,34
1.9726,1,34
2.9726,1,34
-9.0274,1,34
-7.0274,1,34
-3.0274,0,34
-6.0274,1,34
-8.0274,0,34
-8.0274,0,34
3.9726,1,34
2.9726,1,34
-5.0274,0,34
2.9726,1,34
3.9726,1,34
5.9726,1,34
5.9726,1,34
-8.0274,1,34
-9.0274,0,34
2.9726,1,34
-4.0274,1,34
6.9726,1,35
6.9726,1,35
3.9726,1,35
6.9726,1,35
6.9726,1,35
4.9726,1,35
3.9726,1,35
6.9726,1,35
-6.0274,1,35
6.9726,1,35
6.9726,1,35
-8.0274,0,35
-6.0274,1,35
-7.0274,1,35
-7.0274,1,35
-7.0274,1,35
-9.0274,1,35
-3.0274,1,35
6.9726,1,35
-6.0274,0,35
2.9726,1,35
1.9726,1,35
2.9726,1,35
3.9726,1,35
3.9726,1,35
5.9726,1,36
6.9726,1,36
4.9726,1,36
5.9726,0,36
4.9726,1,36
1.9726,1,36
4.9726,1,36
2.9726,1,36
-3.0274,1,36
1.9726,1,36
-9.0274,1,36
4.9726,1,36
-5.0274,1,36
-9.0274,1,36
4.9726,1,36
6.9726,1,36
5.9726,0,36
-5.0274,1,36
-4.0274,1,36
-7.0274,1,36
-3.0274,1,36
2.9726,1,36
-8.0274,1,36
-4.0274,1,36
-8.0274,1,36
5.9726,1,37
-4.0274,1,37
-4.0274,1,37
-8.0274,1,37
-4.0274,1,37
-6.0274,1,37
-9.0274,1,37
-7.0274,1,37
-7.0274,1,37
-9.0274,1,37
-8.0274,1,37
1.9726,1,37
-5.0274,1,37
4.9726,1,37
4.9726,1,37
5.9726,1,37
6.9726,1,37
6.9726,1,37
6.9726,1,37
6.9726,1,37
6.9726,1,37
-4.0274,1,37
4.9726,1,37
6.9726,1,37
-7.0274,1,37
-4.0274,1,38
-4.0274,1,38
3.9726,1,38
-7.0274,1,38
-9.0274,1,38
4.9726,1,38
-4.0274,1,38
-7.0274,0,38
2.9726,1,38
6.9726,1,38
3.9726,1,38
-5.0274,0,38
-5.0274,1,38
-7.0274,1,38
3.9726,1,38
6.9726,1,38
6.9726,1,38
6.9726,1,38
-3.0274,1,38
1.9726,1,38
-3.0274,1,38
-5.0274,1,38
2.9726,1,38
-4.0274,1,38
5.9726,1,38
-9.0274,1,39
-9.0274,1,39
-4.0274,1,39
-7.0274,0,39
-9.0274,1,39
1.9726,1,39
2.9726,1,39
-5.0274,1,39
-3.0274,0,39
-6.0274,1,39
-6.0274,0,39
3.9726,1,39
-9.0274,1,39
-5.0274,1,39
3.9726,1,39
4.9726,1,39
2.9726,1,39
1.9726,0,39
6.9726,0,39
2.9726,1,39
-7.0274,1,39
-8.0274,1,39
-7.0274,0,39
2.9726,1,39
3.9726,0,39
1.9726,1,40
1.9726,1,40
5.9726,1,40
-3.0274,0,40
3.9726,1,40
6.9726,1,40
6.9726,1,40
6.9726,1,40
5.9726,1,40
1.9726,1,40
-5.0274,1,40
2.9726,1,40
6.9726,1,40
2.9726,1,40
5.9726,1,40
6.9726,1,40
4.9726,1,40
4.9726,1,40
-3.0274,1,40
5.9726,1,40
1.9726,1,40
5.9726,1,40
5.9726,1,40
3.9726,1,40
-4.0274,1,40
-9.0274,1,41
6.9726,1,41
6.9726,0,41
-7.0274,1,41
-8.0274,1,41
-4.0274,0,41
-5.0274,1,41
-9.0274,0,41
-5.0274,0,41
2.9726,1,41
5.9726,1,41
-3.0274,0,41
6.9726,1,41
6.9726,1,41
3.9726,1,41
3.9726,1,41
4.9726,1,41
-7.0274,1,41
-9.0274,1,41
-6.0274,0,41
3.9726,1,41
-5.0274,1,41
-9.0274,1,41
-9.0274,1,41
-9.0274,0,41
-5.0274,0,42
6.9726,0,42
6.9726,0,42
6.9726,0,42
4.9726,1,42
6.9726,0,42
6.9726,1,42
6.9726,0,42
-5.0274,1,42
5.9726,0,42
6.9726,1,42
4.9726,1,42
-9.0274,1,42
3.9726,0,42
5.9726,1,42
6.9726,0,42
3.9726,0,42
5.9726,1,42
6.9726,1,42
-9.0274,0,42
-9.0274,1,42
3.9726,0,42
4.9726,0,42
1.9726,1,42
6.9726,1,42
6.9726,1,43
3.9726,1,43
4.9726,1,43
-8.0274,0,43
6.9726,1,43
6.9726,1,43
-5.0274,1,43
-3.0274,1,43
-4.0274,1,43
-4.0274,0,43
-4.0274,1,43
2.9726,1,43
6.9726,1,43
6.9726,1,43
-5.0274,1,43
-3.0274,1,43
-6.0274,1,43
6.9726,1,43
-9.0274,0,43
-3.0274,1,43
-5.0274,1,43
-7.0274,1,43
-3.0274,1,43
-7.0274,0,43
1.9726,1,43
-5.0274,1,44
-9.0274,1,44
-9.0274,1,44
-3.0274,1,44
-9.0274,1,44
-9.0274,1,44
-9.0274,1,44
1.9726,1,44
-6.0274,1,44
-3.0274,1,44
-4.0274,1,44
-4.0274,1,44
-8.0274,1,44
-9.0274,1,44
-9.0274,1,44
4.9726,1,44
-3.0274,1,44
-9.0274,1,44
-7.0274,1,44
-7.0274,1,44
-7.0274,1,44
-7.0274,1,44
-8.0274,1,44
-5.0274,1,44
-8.0274,1,44
-4.0274,1,45
3.9726,1,45
3.9726,1,45
5.9726,1,45
6.9726,1,45
4.9726,1,45
3.9726,1,45
-9.0274,1,45
2.9726,1,45
-7.0274,0,45
-9.0274,1,45
1.9726,1,45
-8.0274,1,45
-8.0274,1,45
2.9726,1,45
-6.0274,0,45
5.9726,1,45
6.9726,1,45
-3.0274,1,45
-8.0274,1,45
-4.0274,1,45
-6.0274,1,45
-9.0274,1,45
4.9726,1,45
-7.0274,1,45
3.9726,1,46
5.9726,1,46
5.9726,1,46
4.9726,1,46
-8.0274,0,46
-8.0274,0,46
-9.0274,0,46
-9.0274,1,46
-5.0274,1,46
-6.0274,1,46
-8.0274,1,46
-5.0274,1,46
2.9726,1,46
-6.0274,0,46
4.9726,1,46
6.9726,1,46
-5.0274,1,46
-9.0274,1,46
-9.0274,1,46
1.9726,1,46
1.9726,1,46
6.9726,1,46
4.9726,1,46
3.9726,1,46
1.9726,1,46
4.9726,1,47
6.9726,1,47
3.9726,1,47
6.9726,1,47
-6.0274,1,47
-7.0274,1,47
-3.0274,1,47
-5.0274,1,47
6.9726,1,47
-7.0274,1,47
2.9726,1,47
6.9726,1,47
6.9726,1,47
6.9726,1,47
6.9726,1,47
6.9726,1,47
6.9726,1,47
6.9726,1,47
2.9726,1,47
6.9726,1,47
6.9726,1,47
-7.0274,1,47
-6.0274,1,47
-7.0274,1,47
-9.0274,1,47
6.9726,1,48
4.9726,1,48
4.9726,1,48
6.9726,1,48
6.9726,1,48
6.9726,1,48
6.9726,1,48
5.9726,1,48
1.9726,1,48
-4.0274,1,48
-7.0274,0,48
6.9726,1,48
6.9726,1,48
-4.0274,1,48
-9.0274,1,48
-7.0274,1,48
4.9726,1,48
-9.0274,0,48
-6.0274,1,48
-5.0274,1,48
-4.0274,1,48
-6.0274,1,48
-3.0274,1,48
1.9726,1,48
1.9726,1,48
2.9726,1,49
-6.0274,1,49
4.9726,1,49
6.9726,1,49
6.9726,1,49
4.9726,1,49
4.9726,0,49
5.9726,1,49
6.9726,1,49
-3.0274,1,49
3.9726,1,49
-9.0274,1,49
-7.0274,1,49
-5.0274,0,49
6.9726,1,49
5.9726,1,49
4.9726,1,49
-4.0274,1,49
6.9726,0,49
3.9726,1,49
-3.0274,1,49
5.9726,1,49
3.9726,1,49
2.9726,1,49
5.9726,0,49
6.9726,1,50
6.9726,1,50
3.9726,1,50
4.9726,1,50
6.9726,1,50
6.9726,1,50
6.9726,1,50
6.9726,1,50
6.9726,1,50
4.9726,1,50
5.9726,1,50
5.9726,1,50
2.9726,1,50
1.9726,0,50
6.9726,1,50
3.9726,1,50
6.9726,1,50
6.9726,1,50
6.9726,1,50
6.9726,1,50
-5.0274,1,50
-9.0274,1,50
-7.0274,1,50
-9.0274,1,50
-6.0274,1,50
-9.0274,1,51
-9.0274,1,51
-9.0274,1,51
2.9726,1,51
-4.0274,1,51
-3.0274,1,51
2.9726,1,51
2.9726,1,51
6.9726,1,51
-8.0274,1,51
-7.0274,1,51
-5.0274,1,51
-9.0274,1,51
2.9726,0,51
4.9726,1,51
-4.0274,1,51
-9.0274,0,51
-8.0274,1,51
-4.0274,1,51
6.9726,1,51
6.9726,0,51
1.9726,1,51
6.9726,1,51
6.9726,1,51
6.9726,1,51
5.9726,1,52
2.9726,1,52
6.9726,1,52
3.9726,1,52
4.9726,1,52
5.9726,1,52
4.9726,1,52
2.9726,1,52
6.9726,1,52
3.9726,1,52
6.9726,1,52
-9.0274,0,52
-5.0274,1,52
-9.0274,1,52
-3.0274,1,52
2.9726,1,52
4.9726,1,52
1.9726,1,52
-4.0274,0,52
-7.0274,1,52
-6.0274,1,52
6.9726,1,52
4.9726,1,52
-3.0274,1,52
1.9726,1,52
2.9726,1,53
-4.0274,1,53
6.9726,1,53
4.9726,1,53
3.9726,1,53
6.9726,1,53
5.9726,1,53
3.9726,1,53
-6.0274,1,53
6.9726,1,53
5.9726,1,53
1.9726,1,53
-8.0274,1,53
-7.0274,1,53
6.9726,1,53
6.9726,1,53
4.9726,1,53
2.9726,1,53
5.9726,1,53
-3.0274,1,53
1.9726,1,53
6.9726,1,53
1.9726,1,53
-6.0274,1,53
-9.0274,1,53
1.9726,1,54
-4.0274,1,54
-6.0274,1,54
-6.0274,1,54
-8.0274,1,54
-3.0274,1,54
-5.0274,0,54
-6.0274,1,54
-9.0274,0,54
-5.0274,0,54
-3.0274,1,54
2.9726,1,54
-4.0274,1,54
-3.0274,1,54
-6.0274,0,54
-9.0274,1,54
-9.0274,1,54
-6.0274,1,54
1.9726,1,54
-9.0274,0,54
4.9726,1,54
-3.0274,1,54
1.9726,1,54
-5.0274,1,54
-6.0274,1,54
-5.0274,1,55
-3.0274,1,55
3.9726,1,55
6.9726,0,55
6.9726,1,55
2.9726,1,55
-4.0274,0,55
4.9726,0,55
5.9726,1,55
-9.0274,0,55
-9.0274,0,55
-8.0274,1,55
1.9726,1,55
-5.0274,1,55
6.9726,0,55
4.9726,1,55
-3.0274,0,55
-5.0274,1,55
-9.0274,0,55
2.9726,1,55
-7.0274,1,55
-9.0274,0,55
1.9726,1,55
-8.0274,0,55
-8.0274,0,55
5.9726,1,56
-8.0274,1,56
6.9726,1,56
4.9726,1,56
5.9726,1,56
2.9726,0,56
-6.0274,1,56
-4.0274,0,56
-8.0274,1,56
3.9726,1,56
-7.0274,1,56
-9.0274,1,56
6.9726,1,56
-9.0274,1,56
5.9726,1,56
-9.0274,0,56
6.9726,1,56
6.9726,1,56
6.9726,1,56
6.9726,0,56
6.9726,0,56
3.9726,1,56
-5.0274,1,56
-4.0274,1,56
-3.0274,1,56
6.9726,1,57
6.9726,1,57
4.9726,1,57
6.9726,1,57
6.9726,1,57
6.9726,1,57
6.9726,1,57
2.9726,1,57
6.9726,1,57
4.9726,1,57
6.9726,0,57
4.9726,1,57
3.9726,1,57
6.9726,1,57
-5.0274,1,57
-8.0274,1,57
1.9726,1,57
6.9726,1,57
4.9726,1,57
3.9726,1,57
3.9726,1,57
-5.0274,1,57
-3.0274,0,57
-9.0274,0,57
1.9726,1,57
3.9726,1,58
-3.0274,1,58
5.9726,1,58
-3.0274,1,58
-4.0274,0,58
-6.0274,1,58
-9.0274,1,58
-9.0274,1,58
6.9726,1,58
-8.0274,1,58
-9.0274,1,58
-6.0274,1,58
-7.0274,1,58
-5.0274,1,58
-7.0274,1,58
-7.0274,1,58
-5.0274,0,58
-9.0274,0,58
2.9726,0,58
4.9726,0,58
-5.0274,0,58
4.9726,1,58
-7.0274,1,58
-9.0274,1,58
-5.0274,1,58
-3.0274,1,59
-5.0274,1,59
1.9726,1,59
-4.0274,0,59
-9.0274,1,59
-3.0274,1,59
-9.0274,1,59
-6.0274,1,59
-6.0274,0,59
-8.0274,1,59
-6.0274,1,59
-5.0274,1,59
-8.0274,1,59
3.9726,1,59
6.9726,1,59
3.9726,0,59
2.9726,1,59
6.9726,1,59
6.9726,1,59
6.9726,1,59
5.9726,1,59
-5.0274,1,59
3.9726,1,59
4.9726,1,59
4.9726,1,59
-5.0274,1,60
-9.0274,0,60
-5.0274,1,60
-6.0274,1,60
2.9726,1,60
1.9726,1,60
6.9726,0,60
6.9726,0,60
6.9726,1,60
2.9726,1,60
4.9726,1,60
-9.0274,1,60
5.9726,1,60
-3.0274,1,60
-7.0274,1,60
2.9726,1,60
1.9726,1,60
2.9726,1,60
-9.0274,1,60
-7.0274,1,60
-3.0274,0,60
5.9726,1,60
-4.0274,1,60
1.9726,1,60
4.9726,1,60
1.9726,1,61
-3.0274,1,61
-7.0274,1,61
-4.0274,1,61
1.9726,1,61
5.9726,1,61
6.9726,1,61
4.9726,0,61
-8.0274,1,61
6.9726,0,61
6.9726,0,61
-5.0274,0,61
-3.0274,1,61
-6.0274,0,61
-3.0274,0,61
4.9726,1,61
4.9726,1,61
2.9726,1,61
6.9726,1,61
6.9726,1,61
2.9726,1,61
-4.0274,1,61
-9.0274,1,61
-6.0274,0,61
-9.0274,0,61
5.9726,1,62
5.9726,1,62
5.9726,1,62
4.9726,1,62
-3.0274,1,62
6.9726,1,62
6.9726,1,62
1.9726,1,62
5.9726,1,62
6.9726,1,62
5.9726,1,62
3.9726,1,62
-6.0274,0,62
6.9726,1,62
5.9726,1,62
6.9726,1,62
6.9726,1,62
-3.0274,1,62
4.9726,1,62
4.9726,1,62
6.9726,1,62
6.9726,1,62
6.9726,1,62
-3.0274,1,62
-9.0274,1,62
6.9726,1,63
-6.0274,0,63
-9.0274,1,63
6.9726,1,63
5.9726,1,63
5.9726,1,63
6.9726,1,63
5.9726,1,63
6.9726,1,63
-5.0274,1,63
-3.0274,1,63
5.9726,1,63
6.9726,1,63
4.9726,1,63
2.9726,1,63
-7.0274,1,63
-8.0274,0,63
-3.0274,1,63
3.9726,1,63
-5.0274,1,63
1.9726,1,63
-9.0274,1,63
-9.0274,0,63
-6.0274,1,63
-3.0274,1,63
5.9726,1,64
-4.0274,0,64
5.9726,0,64
3.9726,0,64
4.9726,1,64
3.9726,1,64
3.9726,0,64
5.9726,1,64
2.9726,1,64
-6.0274,0,64
2.9726,0,64
-9.0274,1,64
-9.0274,1,64
-7.0274,1,64
6.9726,1,64
6.9726,0,64
-5.0274,1,64
-4.0274,1,64
-4.0274,0,64
-7.0274,0,64
6.9726,1,64
-9.0274,0,64
2.9726,1,64
-9.0274,0,64
5.9726,1,64
2.9726,1,65
-3.0274,1,65
-3.0274,1,65
-7.0274,1,65
-6.0274,1,65
1.9726,0,65
4.9726,1,65
5.9726,1,65
6.9726,1,65
4.9726,1,65
5.9726,1,65
-6.0274,0,65
-4.0274,1,65
5.9726,1,65
3.9726,1,65
6.9726,1,65
6.9726,1,65
6.9726,1,65
6.9726,1,65
3.9726,1,65
6.9726,1,65
6.9726,1,65
-4.0274,1,65
-5.0274,1,65
-7.0274,1,65
2.9726,1,66
-5.0274,1,66
-9.0274,1,66
-9.0274,1,66
-4.0274,1,66
-9.0274,1,66
-8.0274,0,66
-8.0274,1,66
-4.0274,1,66
3.9726,1,66
-3.0274,1,66
6.9726,1,66
6.9726,1,66
3.9726,1,66
1.9726,1,66
6.9726,1,66
-4.0274,1,66
4.9726,1,66
2.9726,1,66
-5.0274,1,66
-6.0274,1,66
-5.0274,0,66
-3.0274,1,66
1.9726,1,66
-9.0274,1,66
-9.0274,0,67
-7.0274,1,67
-8.0274,1,67
5.9726,1,67
-4.0274,1,67
-9.0274,1,67
-9.0274,1,67
1.9726,1,67
4.9726,1,67
-5.0274,1,67
-9.0274,1,67
-9.0274,0,67
5.9726,0,67
-4.0274,1,67
-9.0274,1,67
-9.0274,1,67
3.9726,0,67
-4.0274,1,67
-9.0274,1,67
4.9726,1,67
4.9726,1,67
-5.0274,1,67
-6.0274,1,67
-4.0274,1,67
-4.0274,1,67
5.9726,1,68
6.9726,1,68
3.9726,1,68
-3.0274,1,68
1.9726,1,68
-3.0274,1,68
-9.0274,1,68
2.9726,1,68
4.9726,1,68
-3.0274,1,68
3.9726,1,68
-4.0274,0,68
-3.0274,1,68
-8.0274,1,68
2.9726,1,68
3.9726,1,68
4.9726,1,68
-3.0274,1,68
-3.0274,0,68
-9.0274,1,68
-6.0274,1,68
3.9726,1,68
5.9726,1,68
6.9726,1,68
6.9726,1,68
6.9726,0,69
-3.0274,1,69
2.9726,1,69
6.9726,0,69
2.9726,1,69
3.9726,0,69
-6.0274,1,69
-8.0274,0,69
-4.0274,1,69
-9.0274,0,69
-8.0274,0,69
-3.0274,1,69
1.9726,1,69
6.9726,1,69
6.9726,1,69
6.9726,1,69
1.9726,1,69
-5.0274,0,69
4.9726,1,69
6.9726,1,69
-3.0274,1,69
-9.0274,1,69
-5.0274,1,69
-7.0274,1,69
-9.0274,1,69
-4.0274,1,70
2.9726,1,70
3.9726,1,70
6.9726,1,70
4.9726,1,70
-4.0274,1,70
-5.0274,1,70
-5.0274,1,70
-7.0274,1,70
6.9726,1,70
4.9726,1,70
2.9726,1,70
4.9726,1,70
-9.0274,1,70
-8.0274,1,70
-6.0274,1,70
6.9726,1,70
5.9726,1,70
3.9726,1,70
-7.0274,1,70
-6.0274,1,70
2.9726,1,70
3.9726,1,70
-6.0274,1,70
6.9726,1,70
-9.0274,1,71
-9.0274,1,71
-6.0274,0,71
3.9726,0,71
1.9726,0,71
6.9726,1,71
6.9726,0,71
-5.0274,1,71
6.9726,1,71
6.9726,0,71
-3.0274,1,71
5.9726,0,71
5.9726,0,71
-4.0274,1,71
5.9726,0,71
-7.0274,0,71
-7.0274,0,71
1.9726,1,71
-7.0274,0,71
1.9726,0,71
3.9726,1,71
-5.0274,1,71
5.9726,1,71
4.9726,1,71
-4.0274,1,71
-4.0274,1,72
-9.0274,1,72
-3.0274,1,72
-5.0274,1,72
-9.0274,1,72
-3.0274,1,72
1.9726,1,72
2.9726,1,72
5.9726,1,72
2.9726,1,72
3.9726,1,72
-5.0274,1,72
-4.0274,1,72
4.9726,1,72
3.9726,1,72
6.9726,1,72
-7.0274,1,72
4.9726,1,72
5.9726,1,72
-3.0274,1,72
-9.0274,1,72
-4.0274,1,72
1.9726,1,72
6.9726,1,72
-3.0274,1,72
5.9726,1,73
1.9726,0,73
1.9726,1,73
6.9726,0,73
4.9726,1,73
6.9726,0,73
-9.0274,0,73
-3.0274,0,73
-9.0274,0,73
1.9726,0,73
4.9726,0,73
3.9726,0,73
-6.0274,0,73
-3.0274,0,73
4.9726,0,73
-3.0274,0,73
1.9726,1,73
-3.0274,0,73
1.9726,1,73
-5.0274,0,73
-9.0274,0,73
-9.0274,0,73
-6.0274,0,73
-7.0274,1,73
-4.0274,1,73
-9.0274,1,74
4.9726,1,74
2.9726,1,74
2.9726,1,74
6.9726,1,74
6.9726,1,74
-3.0274,1,74
-9.0274,1,74
-9.0274,1,74
6.9726,1,74
6.9726,1,74
3.9726,1,74
5.9726,1,74
2.9726,1,74
6.9726,1,74
3.9726,1,74
-7.0274,1,74
2.9726,1,74
-3.0274,1,74
1.9726,1,74
-9.0274,1,74
2.9726,1,74
5.9726,1,74
6.9726,1,74
2.9726,1,74
5.9726,1,75
-3.0274,1,75
-7.0274,1,75
6.9726,1,75
-3.0274,1,75
4.9726,1,75
2.9726,1,75
-3.0274,1,75
-3.0274,1,75
-6.0274,1,75
-9.0274,1,75
6.9726,1,75
5.9726,1,75
-4.0274,1,75
-4.0274,1,75
6.9726,1,75
4.9726,1,75
6.9726,1,75
5.9726,1,75
5.9726,1,75
-3.0274,1,75
-7.0274,1,75
-8.0274,1,75
6.9726,1,75
2.9726,1,75
6.9726,1,76
6.9726,1,76
4.9726,1,76
6.9726,1,76
5.9726,1,76
6.9726,1,76
4.9726,1,76
1.9726,1,76
-9.0274,0,76
4.9726,1,76
5.9726,1,76
1.9726,0,76
3.9726,1,76
-6.0274,1,76
-6.0274,1,76
3.9726,1,76
4.9726,1,76
5.9726,1,76
3.9726,1,76
1.9726,1,76
1.9726,1,76
-8.0274,1,76
4.9726,1,76
-5.0274,1,76
3.9726,1,76
2.9726,1,77
-9.0274,0,77
2.9726,0,77
-6.0274,0,77
-9.0274,1,77
-8.0274,1,77
-3.0274,1,77
4.9726,1,77
-7.0274,1,77
-3.0274,0,77
1.9726,1,77
-9.0274,1,77
6.9726,1,77
-6.0274,1,77
-5.0274,1,77
-6.0274,1,77
-4.0274,0,77
-6.0274,1,77
1.9726,1,77
-4.0274,1,77
6.9726,1,77
6.9726,1,77
-6.0274,1,77
-6.0274,1,77
-9.0274,1,77
5.9726,1,78
-6.0274,1,78
3.9726,1,78
-7.0274,1,78
-6.0274,1,78
6.9726,1,78
-5.0274,1,78
2.9726,1,78
-5.0274,1,78
1.9726,0,78
6.9726,1,78
5.9726,1,78
1.9726,1,78
-7.0274,1,78
-6.0274,1,78
-7.0274,1,78
-9.0274,1,78
-9.0274,1,78
5.9726,1,78
2.9726,1,78
-5.0274,1,78
-8.0274,1,78
2.9726,1,78
3.9726,1,78
3.9726,1,78
5.9726,1,79
1.9726,1,79
-3.0274,1,79
6.9726,1,79
6.9726,1,79
4.9726,1,79
1.9726,1,79
-5.0274,1,79
2.9726,1,79
6.9726,1,79
4.9726,1,79
5.9726,1,79
6.9726,1,79
-9.0274,1,79
1.9726,0,79
6.9726,1,79
1.9726,1,79
1.9726,1,79
-8.0274,1,79
-8.0274,0,79
-4.0274,1,79
-7.0274,1,79
-5.0274,1,79
-3.0274,1,79
2.9726,1,79
-4.0274,0,80
-7.0274,1,80
1.9726,1,80
-7.0274,1,80
6.9726,1,80
6.9726,0,80
6.9726,1,80
6.9726,1,80
6.9726,1,80
6.9726,1,80
5.9726,1,80
3.9726,1,80
3.9726,1,80
-9.0274,0,80
1.9726,1,80
6.9726,1,80
6.9726,1,80
5.9726,1,80
2.9726,1,80
4.9726,1,80
4.9726,1,80
-9.0274,1,80
-7.0274,1,80
-6.0274,1,80
-8.0274,1,80
1.9726,1,81
-7.0274,1,81
-9.0274,1,81
-9.0274,0,81
-5.0274,1,81
-7.0274,1,81
-9.0274,1,81
-9.0274,0,81
-5.0274,1,81
-9.0274,0,81
-7.0274,1,81
-9.0274,1,81
-8.0274,1,81
-8.0274,1,81
-9.0274,1,81
-8.0274,1,81
-4.0274,1,81
3.9726,1,81
1.9726,1,81
-6.0274,1,81
-3.0274,1,81
6.9726,1,81
6.9726,1,81
1.9726,1,81
-5.0274,1,81
-6.0274,1,82
6.9726,1,82
6.9726,1,82
6.9726,1,82
4.9726,0,82
2.9726,1,82
6.9726,1,82
5.9726,1,82
4.9726,1,82
6.9726,1,82
2.9726,1,82
-6.0274,1,82
-9.0274,1,82
-6.0274,1,82
3.9726,1,82
-3.0274,1,82
-5.0274,1,82
2.9726,0,82
6.9726,0,82
6.9726,1,82
6.9726,1,82
5.9726,1,82
5.9726,1,82
6.9726,1,82
5.9726,1,82
-9.0274,1,83
3.9726,1,83
6.9726,1,83
4.9726,1,83
-5.0274,1,83
6.9726,1,83
6.9726,1,83
5.9726,1,83
5.9726,1,83
2.9726,1,83
6.9726,0,83
3.9726,1,83
3.9726,1,83
-9.0274,1,83
-9.0274,0,83
-9.0274,1,83
-9.0274,0,83
-8.0274,1,83
6.9726,1,83
4.9726,1,83
-3.0274,1,83
5.9726,1,83
-3.0274,1,83
4.9726,0,83
6.9726,1,83
-4.0274,0,84
-3.0274,1,84
6.9726,1,84
3.9726,1,84
1.9726,1,84
6.9726,1,84
5.9726,0,84
6.9726,0,84
5.9726,0,84
6.9726,1,84
2.9726,1,84
-9.0274,1,84
-6.0274,1,84
-7.0274,1,84
-9.0274,1,84
-9.0274,0,84
-9.0274,1,84
-9.0274,1,84
-9.0274,0,84
-3.0274,1,84
-9.0274,1,84
5.9726,1,84
-4.0274,1,84
-7.0274,1,84
-3.0274,1,84
-9.0274,1,85
4.9726,1,85
6.9726,1,85
3.9726,1,85
-3.0274,1,85
-7.0274,1,85
1.9726,0,85
1.9726,0,85
-3.0274,1,85
-4.0274,0,85
-8.0274,0,85
3.9726,1,85
2.9726,1,85
6.9726,1,85
4.9726,1,85
1.9726,0,85
-9.0274,1,85
-9.0274,1,85
-8.0274,1,85
-7.0274,1,85
3.9726,1,85
4.9726,1,85
6.9726,1,85
6.9726,1,85
6.9726,1,85
-8.0274,1,86
3.9726,1,86
6.9726,1,86
6.9726,1,86
2.9726,1,86
2.9726,1,86
-6.0274,1,86
-9.0274,1,86
-4.0274,1,86
6.9726,1,86
3.9726,1,86
3.9726,1,86
1.9726,1,86
3.9726,1,86
3.9726,1,86
-3.0274,1,86
5.9726,1,86
2.9726,1,86
4.9726,1,86
3.9726,1,86
5.9726,0,86
6.9726,1,86
-5.0274,1,86
-7.0274,1,86
-9.0274,1,86
3.9726,1,87
3.9726,1,87
4.9726,1,87
5.9726,1,87
3.9726,1,87
2.9726,1,87
2.9726,0,87
-5.0274,0,87
-6.0274,1,87
-8.0274,1,87
-8.0274,1,87
-7.0274,1,87
-6.0274,1,87
2.9726,1,87
6.9726,1,87
1.9726,0,87
-9.0274,1,87
-6.0274,1,87
-4.0274,1,87
6.9726,1,87
-3.0274,1,87
2.9726,1,87
-7.0274,1,87
-9.0274,1,87
-8.0274,1,87
3.9726,1,88
6.9726,1,88
6.9726,1,88
1.9726,1,88
6.9726,1,88
6.9726,1,88
6.9726,1,88
1.9726,1,88
-8.0274,1,88
-6.0274,1,88
6.9726,1,88
-7.0274,1,88
-7.0274,0,88
-3.0274,1,88
6.9726,1,88
6.9726,1,88
-3.0274,1,88
6.9726,1,88
-4.0274,1,88
-6.0274,1,88
-9.0274,0,88
-3.0274,1,88
-8.0274,1,88
6.9726,1,88
6.9726,1,88
-3.0274,1,89
6.9726,1,89
5.9726,1,89
5.9726,1,89
6.9726,1,89
-3.0274,1,89
1.9726,1,89
1.9726,1,89
4.9726,1,89
-8.0274,0,89
-4.0274,0,89
5.9726,1,89
4.9726,1,89
4.9726,1,89
-9.0274,1,89
-9.0274,0,89
-6.0274,1,89
1.9726,1,89
-9.0274,1,89
-9.0274,1,89
-9.0274,0,89
-6.0274,1,89
5.9726,1,89
6.9726,1,89
6.9726,1,89
-8.0274,1,90
-3.0274,1,90
5.9726,1,90
6.9726,0,90
2.9726,1,90
6.9726,1,90
6.9726,1,90
3.9726,1,90
2.9726,1,90
3.9726,0,90
-4.0274,1,90
-3.0274,0,90
-9.0274,0,90
-9.0274,1,90
-8.0274,1,90
1.9726,1,90
6.9726,1,90
-4.0274,1,90
1.9726,0,90
6.9726,1,90
-3.0274,1,90
6.9726,1,90
1.9726,0,90
2.9726,1,90
2.9726,0,90
3.9726,1,91
-9.0274,1,91
-3.0274,0,91
2.9726,1,91
1.9726,1,91
4.9726,1,91
3.9726,1,91
-5.0274,0,91
1.9726,0,91
-6.0274,1,91
1.9726,1,91
2.9726,0,91
3.9726,0,91
-4.0274,1,91
-9.0274,1,91
-8.0274,1,91
-3.0274,1,91
-5.0274,1,91
-3.0274,1,91
-7.0274,1,91
-4.0274,1,91
1.9726,1,91
-8.0274,1,91
-8.0274,1,91
-9.0274,1,91
3.9726,1,92
1.9726,1,92
-8.0274,1,92
-9.0274,1,92
-7.0274,1,92
-8.0274,1,92
-6.0274,1,92
-9.0274,1,92
-9.0274,1,92
-9.0274,1,92
-9.0274,0,92
5.9726,1,92
-5.0274,1,92
-7.0274,1,92
-6.0274,1,92
2.9726,1,92
2.9726,0,92
4.9726,1,92
5.9726,1,92
6.9726,1,92
6.9726,1,92
6.9726,1,92
6.9726,1,92
4.9726,1,92
2.9726,0,92
1.9726,1,93
-5.0274,1,93
1.9726,1,93
-3.0274,1,93
-7.0274,1,93
-8.0274,1,93
-3.0274,0,93
-8.0274,1,93
-7.0274,1,93
3.9726,1,93
6.9726,1,93
6.9726,1,93
-3.0274,1,93
-9.0274,1,93
-5.0274,1,93
-9.0274,0,93
-9.0274,1,93
-6.0274,1,93
-5.0274,1,93
3.9726,1,93
6.9726,1,93
-6.0274,1,93
-5.0274,1,93
-9.0274,1,93
-7.0274,1,93
-8.0274,1,94
-9.0274,1,94
1.9726,1,94
-9.0274,1,94
-9.0274,1,94
-5.0274,1,94
-4.0274,1,94
-7.0274,1,94
-9.0274,1,94
-4.0274,1,94
4.9726,1,94
3.9726,1,94
-3.0274,1,94
-9.0274,0,94
-6.0274,1,94
-5.0274,1,94
-9.0274,0,94
6.9726,1,94
5.9726,1,94
3.9726,1,94
6.9726,1,94
6.9726,1,94
5.9726,1,94
-3.0274,1,94
-3.0274,1,94
6.9726,1,95
5.9726,1,95
6.9726,1,95
3.9726,1,95
6.9726,1,95
1.9726,1,95
1.9726,1,95
6.9726,1,95
1.9726,0,95
6.9726,1,95
5.9726,1,95
-8.0274,1,95
-8.0274,1,95
6.9726,1,95
4.9726,1,95
1.9726,0,95
2.9726,1,95
-3.0274,1,95
-8.0274,1,95
3.9726,1,95
2.9726,1,95
-9.0274,1,95
-9.0274,1,95
5.9726,1,95
2.9726,1,95
-8.0274,1,96
-4.0274,1,96
2.9726,1,96
2.9726,1,96
6.9726,1,96
4.9726,1,96
2.9726,1,96
2.9726,1,96
6.9726,1,96
2.9726,1,96
1.9726,1,96
-5.0274,1,96
6.9726,1,96
1.9726,1,96
3.9726,0,96
6.9726,1,96
3.9726,1,96
6.9726,1,96
2.9726,1,96
-4.0274,1,96
1.9726,1,96
-7.0274,0,96
5.9726,1,96
6.9726,1,96
6.9726,1,96
5.9726,1,97
2.9726,1,97
6.9726,1,97
3.9726,1,97
-3.0274,0,97
-3.0274,0,97
6.9726,1,97
6.9726,1,97
4.9726,1,97
6.9726,1,97
2.9726,1,97
6.9726,1,97
6.9726,1,97
-3.0274,1,97
5.9726,1,97
3.9726,1,97
6.9726,1,97
6.9726,1,97
4.9726,1,97
5.9726,1,97
-5.0274,0,97
1.9726,1,97
2.9726,1,97
-5.0274,1,97
-8.0274,0,97
6.9726,1,98
6.9726,1,98
-5.0274,1,98
-5.0274,1,98
-5.0274,1,98
-6.0274,1,98
-5.0274,1,98
-4.0274,1,98
-3.0274,1,98
-9.0274,1,98
-6.0274,1,98
-9.0274,0,98
-6.0274,0,98
-3.0274,0,98
2.9726,1,98
1.9726,1,98
2.9726,1,98
-6.0274,1,98
6.9726,1,98
6.9726,1,98
6.9726,1,98
-4.0274,1,98
1.9726,1,98
-5.0274,1,98
-8.0274,1,98
6.9726,0,99
4.9726,1,99
3.9726,1,99
3.9726,1,99
-5.0274,1,99
6.9726,0,99
4.9726,0,99
1.9726,0,99
-8.0274,1,99
-6.0274,0,99
-8.0274,1,99
-9.0274,0,99
-4.0274,0,99
-8.0274,0,99
-6.0274,0,99
-9.0274,1,99
-3.0274,1,99
2.9726,0,99
-7.0274,0,99
-9.0274,0,99
2.9726,0,99
-9.0274,0,99
6.9726,0,99
3.9726,1,99
1.9726,1,99
6.9726,1,100
6.9726,1,100
6.9726,1,100
4.9726,1,100
6.9726,1,100
-5.0274,0,100
-7.0274,0,100
5.9726,0,100
4.9726,1,100
3.9726,1,100
5.9726,1,100
2.9726,1,100
3.9726,1,100
-6.0274,1,100
-5.0274,1,100
1.9726,1,100
1.9726,1,100
4.9726,1,100
6.9726,1,100
1.9726,1,100
5.9726,1,100
-5.0274,1,100
4.9726,1,100
-3.0274,1,100
4.9726,1,100
-4.0274,1,101
-7.0274,1,101
5.9726,1,101
4.9726,1,101
6.9726,1,101
-6.0274,1,101
-9.0274,1,101
1.9726,1,101
3.9726,1,101
6.9726,1,101
-9.0274,0,101
-4.0274,1,101
-4.0274,1,101
-3.0274,1,101
1.9726,1,101
1.9726,1,101
-5.0274,1,101
1.9726,1,101
-9.0274,1,101
-4.0274,1,101
3.9726,1,101
-7.0274,1,101
-4.0274,1,101
-7.0274,1,101
-6.0274,1,101
-6.0274,0,102
4.9726,0,102
2.9726,1,102
-7.0274,0,102
-8.0274,0,102
-9.0274,1,102
1.9726,0,102
2.9726,1,102
1.9726,1,102
-9.0274,0,102
-7.0274,0,102
1.9726,1,102
1.9726,1,102
6.9726,0,102
-7.0274,0,102
-5.0274,0,102
-4.0274,0,102
-9.0274,0,102
6.9726,1,102
-5.0274,1,102
-5.0274,1,102
6.9726,1,102
-3.0274,0,102
-8.0274,0,102
-9.0274,0,102
5.9726,1,103
6.9726,1,103
4.9726,1,103
2.9726,1,103
3.9726,1,103
2.9726,1,103
-3.0274,1,103
3.9726,1,103
6.9726,1,103
2.9726,1,103
4.9726,1,103
-5.0274,1,103
-9.0274,1,103
1.9726,0,103
6.9726,1,103
6.9726,1,103
5.9726,1,103
-4.0274,1,103
3.9726,1,103
2.9726,1,103
-3.0274,1,103
-5.0274,1,103
-6.0274,1,103
6.9726,1,103
-3.0274,1,103
-4.0274,1,104
3.9726,1,104
4.9726,1,104
6.9726,1,104
6.9726,1,104
6.9726,1,104
1.9726,1,104
-9.0274,1,104
1.9726,1,104
4.9726,1,104
1.9726,1,104
-9.0274,1,104
-8.0274,1,104
6.9726,1,104
6.9726,1,104
1.9726,1,104
-9.0274,0,104
-6.0274,0,104
1.9726,1,104
-4.0274,0,104
-4.0274,1,104
-8.0274,1,104
2.9726,1,104
-3.0274,1,104
6.9726,1,104
3.9726,1,105
5.9726,1,105
3.9726,1,105
-7.0274,1,105
-5.0274,1,105
-7.0274,1,105
-4.0274,1,105
-4.0274,0,105
-9.0274,1,105
4.9726,1,105
6.9726,1,105
6.9726,1,105
5.9726,1,105
1.9726,1,105
4.9726,1,105
2.9726,1,105
-6.0274,1,105
-9.0274,1,105
-9.0274,1,105
-5.0274,1,105
-7.0274,1,105
-8.0274,1,105
-7.0274,1,105
-9.0274,1,105
-9.0274,1,105
6.9726,1,106
6.9726,0,106
6.9726,1,106
6.9726,1,106
6.9726,1,106
4.9726,0,106
6.9726,1,106
5.9726,1,106
-4.0274,1,106
-6.0274,1,106
5.9726,1,106
2.9726,1,106
5.9726,1,106
-7.0274,1,106
4.9726,1,106
3.9726,1,106
-5.0274,0,106
-5.0274,1,106
-5.0274,1,106
-3.0274,1,106
4.9726,1,106
6.9726,1,106
5.9726,1,106
6.9726,1,106
4.9726,1,106
1.9726,1,107
6.9726,1,107
-4.0274,1,107
3.9726,1,107
-4.0274,1,107
1.9726,1,107
-3.0274,0,107
-7.0274,1,107
-9.0274,1,107
6.9726,1,107
3.9726,1,107
-7.0274,1,107
-9.0274,1,107
-8.0274,1,107
6.9726,1,107
6.9726,1,107
4.9726,1,107
6.9726,1,107
-5.0274,1,107
4.9726,1,107
6.9726,1,107
-7.0274,1,107
1.9726,1,107
6.9726,1,107
6.9726,1,107
-6.0274,1,108
-3.0274,1,108
5.9726,1,108
4.9726,1,108
6.9726,1,108
-6.0274,1,108
-5.0274,1,108
-9.0274,1,108
-9.0274,1,108
-8.0274,1,108
-9.0274,1,108
-4.0274,1,108
1.9726,1,108
-9.0274,1,108
-7.0274,1,108
-9.0274,1,108
-9.0274,0,108
-4.0274,0,108
1.9726,1,108
6.9726,0,108
6.9726,1,108
1.9726,1,108
6.9726,1,108
5.9726,1,108
3.9726,1,108
-7.0274,1,109
-7.0274,0,109
6.9726,1,109
2.9726,1,109
4.9726,1,109
4.9726,1,109
4.9726,1,109
1.9726,1,109
-6.0274,1,109
-4.0274,1,109
-4.0274,1,109
-4.0274,1,109
-3.0274,1,109
-4.0274,1,109
1.9726,1,109
4.9726,1,109
2.9726,1,109
6.9726,0,109
6.9726,1,109
3.9726,0,109
5.9726,1,109
-3.0274,0,109
-7.0274,0,109
-5.0274,0,109
-3.0274,0,109
5.9726,1,110
5.9726,1,110
4.9726,1,110
3.9726,1,110
3.9726,1,110
-3.0274,0,110
4.9726,1,110
3.9726,1,110
-3.0274,1,110
3.9726,1,110
-6.0274,0,110
-8.0274,1,110
5.9726,0,110
6.9726,1,110
-5.0274,1,110
-3.0274,1,110
-8.0274,1,110
-6.0274,1,110
-8.0274,1,110
5.9726,1,110
6.9726,0,110
6.9726,0,110
1.9726,0,110
2.9726,1,110
-4.0274,0,110
-8.0274,1,111
1.9726,1,111
3.9726,1,111
-3.0274,1,111
-5.0274,1,111
-5.0274,1,111
3.9726,1,111
3.9726,1,111
4.9726,1,111
4.9726,1,111
6.9726,1,111
-3.0274,0,111
-9.0274,1,111
5.9726,1,111
5.9726,1,111
6.9726,1,111
6.9726,0,111
4.9726,1,111
6.9726,1,111
2.9726,1,111
6.9726,1,111
2.9726,1,111
3.9726,1,111
-4.0274,1,111
-4.0274,1,111
1.9726,1,112
-8.0274,1,112
-7.0274,0,112
-6.0274,0,112
-8.0274,1,112
-9.0274,0,112
-9.0274,1,112
-9.0274,0,112
-9.0274,1,112
-4.0274,1,112
-9.0274,1,112
-6.0274,1,112
-6.0274,1,112
2.9726,1,112
5.9726,1,112
6.9726,1,112
6.9726,1,112
4.9726,1,112
4.9726,1,112
-9.0274,1,112
-9.0274,1,112
-6.0274,1,112
-4.0274,1,112
-9.0274,1,112
-9.0274,1,112
-4.0274,1,113
-7.0274,1,113
3.9726,1,113
2.9726,1,113
5.9726,1,113
5.9726,1,113
2.9726,1,113
5.9726,1,113
6.9726,1,113
-5.0274,1,113
-3.0274,1,113
6.9726,1,113
-7.0274,1,113
-4.0274,1,113
6.9726,1,113
3.9726,1,113
1.9726,1,113
3.9726,1,113
6.9726,0,113
-3.0274,1,113
4.9726,1,113
-3.0274,1,113
-9.0274,0,113
-4.0274,1,113
2.9726,1,113
4.9726,1,114
-3.0274,0,114
-4.0274,1,114
-9.0274,1,114
-9.0274,1,114
-6.0274,1,114
-9.0274,1,114
-9.0274,1,114
-8.0274,1,114
4.9726,1,114
6.9726,0,114
-7.0274,1,114
-7.0274,0,114
4.9726,1,114
6.9726,1,114
6.9726,1,114
6.9726,1,114
6.9726,1,114
3.9726,1,114
6.9726,1,114
5.9726,0,114
2.9726,1,114
5.9726,1,114
6.9726,0,114
6.9726,1,114
2.9726,1,115
-4.0274,1,115
1.9726,1,115
-3.0274,1,115
6.9726,1,115
5.9726,1,115
3.9726,1,115
-5.0274,1,115
-8.0274,1,115
4.9726,1,115
5.9726,1,115
5.9726,1,115
-5.0274,1,115
-8.0274,0,115
-8.0274,0,115
3.9726,1,115
-5.0274,1,115
-5.0274,1,115
4.9726,1,115
4.9726,1,115
6.9726,1,115
4.9726,1,115
2.9726,1,115
6.9726,1,115
6.9726,1,115
-9.0274,1,116
-9.0274,1,116
-9.0274,1,116
-7.0274,1,116
4.9726,1,116
4.9726,0,116
2.9726,1,116
6.9726,1,116
4.9726,1,116
1.9726,1,116
4.9726,0,116
6.9726,1,116
3.9726,1,116
5.9726,0,116
6.9726,0,116
6.9726,1,116
6.9726,1,116
2.9726,1,116
6.9726,1,116
6.9726,1,116
5.9726,1,116
2.9726,1,116
-9.0274,1,116
-8.0274,1,116
-8.0274,1,116
3.9726,1,117
-9.0274,1,117
-4.0274,1,117
-4.0274,1,117
-9.0274,1,117
6.9726,1,117
6.9726,1,117
6.9726,1,117
-9.0274,1,117
-8.0274,1,117
-9.0274,1,117
-5.0274,1,117
3.9726,1,117
-6.0274,1,117
-7.0274,1,117
-5.0274,1,117
-6.0274,1,117
-9.0274,1,117
-7.0274,1,117
-5.0274,1,117
-5.0274,1,117
-9.0274,1,117
-6.0274,1,117
-8.0274,1,117
-7.0274,0,117
-3.0274,0,118
3.9726,1,118
6.9726,1,118
6.9726,1,118
6.9726,1,118
6.9726,1,118
6.9726,1,118
2.9726,1,118
2.9726,1,118
-7.0274,1,118
6.9726,1,118
6.9726,1,118
-6.0274,1,118
-9.0274,1,118
-3.0274,1,118
-7.0274,1,118
6.9726,0,118
4.9726,1,118
6.9726,1,118
5.9726,1,118
3.9726,1,118
5.9726,1,118
3.9726,1,118
3.9726,1,118
6.9726,1,118
-8.0274,1,119
5.9726,1,119
6.9726,1,119
5.9726,1,119
6.9726,1,119
6.9726,1,119
6.9726,1,119
3.9726,1,119
1.9726,1,119
6.9726,0,119
4.9726,1,119
-7.0274,1,119
3.9726,0,119
2.9726,1,119
-5.0274,1,119
-6.0274,1,119
-9.0274,0,119
-9.0274,0,119
-9.0274,0,119
-5.0274,1,119
-9.0274,0,119
-6.0274,1,119
3.9726,1,119
-9.0274,1,119
-4.0274,1,119
-7.0274,1,120
-3.0274,1,120
1.9726,1,120
-9.0274,0,120
-5.0274,1,120
-6.0274,1,120
3.9726,1,120
4.9726,1,120
4.9726,1,120
-4.0274,1,120
-5.0274,1,120
-9.0274,1,120
-5.0274,1,120
-7.0274,1,120
-9.0274,0,120
-3.0274,1,120
2.9726,1,120
2.9726,1,120
-3.0274,1,120
3.9726,1,120
6.9726,1,120
-9.0274,1,120
-9.0274,1,120
-7.0274,1,120
2.9726,1,120
6.9726,1,121
6.9726,0,121
3.9726,1,121
3.9726,1,121
2.9726,1,121
3.9726,1,121
6.9726,1,121
6.9726,0,121
3.9726,1,121
-6.0274,1,121
2.9726,1,121
-9.0274,1,121
-9.0274,1,121
-8.0274,0,121
3.9726,1,121
4.9726,0,121
5.9726,1,121
6.9726,1,121
6.9726,1,121
-3.0274,1,121
-7.0274,1,121
4.9726,1,121
5.9726,1,121
6.9726,1,121
5.9726,1,121
-6.0274,0,122
6.9726,1,122
-5.0274,1,122
-9.0274,0,122
-4.0274,1,122
-7.0274,1,122
-4.0274,0,122
-4.0274,0,122
4.9726,1,122
-7.0274,1,122
-9.0274,1,122
1.9726,1,122
1.9726,1,122
-9.0274,0,122
-7.0274,1,122
-7.0274,1,122
-3.0274,1,122
2.9726,1,122
-4.0274,0,122
-4.0274,1,122
-3.0274,1,122
2.9726,1,122
6.9726,1,122
6.9726,1,122
6.9726,1,122
6.9726,1,123
5.9726,1,123
-4.0274,1,123
-5.0274,1,123
4.9726,1,123
-3.0274,1,123
3.9726,1,123
-5.0274,0,123
-3.0274,1,123
6.9726,1,123
6.9726,1,123
1.9726,1,123
-4.0274,1,123
-6.0274,1,123
6.9726,1,123
2.9726,1,123
-4.0274,1,123
-7.0274,1,123
4.9726,1,123
6.9726,1,123
2.9726,1,123
1.9726,1,123
3.9726,1,123
4.9726,1,123
1.9726,1,123
-9.0274,1,124
2.9726,1,124
3.9726,0,124
4.9726,0,124
-6.0274,0,124
4.9726,1,124
6.9726,1,124
5.9726,0,124
-7.0274,1,124
1.9726,1,124
-9.0274,1,124
-9.0274,1,124
3.9726,1,124
6.9726,1,124
-6.0274,1,124
-4.0274,1,124
-8.0274,1,124
-9.0274,1,124
4.9726,1,124
2.9726,1,124
4.9726,1,124
5.9726,1,124
6.9726,1,124
6.9726,1,124
6.9726,1,124
3.9726,0,125
6.9726,1,125
6.9726,1,125
5.9726,1,125
5.9726,1,125
1.9726,1,125
-6.0274,1,125
-8.0274,0,125
5.9726,1,125
6.9726,1,125
3.9726,1,125
-4.0274,1,125
-3.0274,1,125
1.9726,1,125
4.9726,1,125
-5.0274,1,125
-7.0274,0,125
2.9726,1,125
-6.0274,0,125
-9.0274,0,125
-9.0274,0,125
-3.0274,1,125
-6.0274,1,125
-6.0274,1,125
2.9726,1,125
6.9726,1,126
-5.0274,1,126
-9.0274,1,126
-6.0274,1,126
-6.0274,0,126
-9.0274,0,126
-9.0274,1,126
-7.0274,1,126
-8.0274,0,126
-4.0274,1,126
-7.0274,0,126
2.9726,1,126
4.9726,0,126
-9.0274,1,126
-6.0274,0,126
-9.0274,0,126
-5.0274,1,126
-7.0274,1,126
-6.0274,1,126
4.9726,1,126
6.9726,1,126
6.9726,1,126
6.9726,1,126
2.9726,1,126
4.9726,1,126
-3.0274,1,127
3.9726,1,127
1.9726,1,127
-3.0274,1,127
-9.0274,1,127
3.9726,1,127
5.9726,1,127
6.9726,0,127
4.9726,1,127
-3.0274,1,127
-3.0274,0,127
-4.0274,1,127
-9.0274,1,127
-6.0274,1,127
-5.0274,1,127
3.9726,1,127
-9.0274,1,127
4.9726,1,127
6.9726,1,127
3.9726,0,127
6.9726,1,127
1.9726,0,127
6.9726,1,127
6.9726,1,127
-7.0274,1,127
-9.0274,1,128
-7.0274,1,128
-6.0274,0,128
1.9726,1,128
1.9726,1,128
-5.0274,1,128
-7.0274,1,128
-8.0274,1,128
-9.0274,1,128
6.9726,1,128
6.9726,1,128
5.9726,1,128
6.9726,1,128
6.9726,1,128
6.9726,1,128
6.9726,1,128
-5.0274,1,128
-8.0274,0,128
-9.0274,1,128
-3.0274,0,128
-4.0274,1,128
-9.0274,1,128
-9.0274,1,128
6.9726,1,128
5.9726,1,128
4.9726,1,129
4.9726,1,129
6.9726,1,129
5.9726,1,129
6.9726,1,129
6.9726,1,129
6.9726,1,129
6.9726,1,129
5.9726,1,129
-5.0274,1,129
-4.0274,0,129
6.9726,1,129
6.9726,1,129
3.9726,1,129
6.9726,1,129
1.9726,1,129
-9.0274,1,129
-5.0274,1,129
-5.0274,0,129
-3.0274,1,129
-4.0274,1,129
2.9726,1,129
3.9726,1,129
-3.0274,1,129
6.9726,1,129
-3.0274,1,130
2.9726,1,130
4.9726,1,130
1.9726,1,130
2.9726,1,130
2.9726,1,130
6.9726,1,130
3.9726,1,130
1.9726,1,130
-8.0274,1,130
-8.0274,0,130
3.9726,1,130
2.9726,1,130
3.9726,1,130
6.9726,1,130
3.9726,1,130
-5.0274,1,130
-4.0274,1,130
-7.0274,1,130
-6.0274,1,130
-9.0274,1,130
-6.0274,1,130
-9.0274,1,130
5.9726,1,130
5.9726,1,130
-7.0274,1,131
-9.0274,0,131
-9.0274,0,131
-7.0274,1,131
-7.0274,1,131
-5.0274,1,131
1.9726,1,131
-7.0274,1,131
-3.0274,0,131
-8.0274,0,131
-5.0274,0,131
2.9726,1,131
5.9726,0,131
6.9726,1,131
1.9726,0,131
6.9726,1,131
6.9726,1,131
6.9726,0,131
5.9726,0,131
6.9726,1,131
6.9726,1,131
-8.0274,1,131
-9.0274,1,131
-7.0274,0,131
-9.0274,1,131
1.9726,1,132
2.9726,1,132
-8.0274,1,132
-9.0274,0,132
-7.0274,0,132
6.9726,0,132
2.9726,0,132
2.9726,0,132
2.9726,0,132
1.9726,0,132
-9.0274,1,132
2.9726,1,132
4.9726,0,132
2.9726,1,132
6.9726,1,132
4.9726,1,132
6.9726,0,132
6.9726,0,132
-6.0274,1,132
3.9726,1,132
-8.0274,1,132
1.9726,0,132
-9.0274,0,132
6.9726,1,132
-9.0274,0,132
6.9726,1,133
6.9726,1,133
2.9726,1,133
-9.0274,0,133
-3.0274,1,133
5.9726,1,133
6.9726,1,133
6.9726,1,133
1.9726,1,133
-4.0274,1,133
5.9726,1,133
6.9726,1,133
-5.0274,1,133
-4.0274,1,133
2.9726,1,133
6.9726,1,133
2.9726,1,133
-4.0274,1,133
-9.0274,1,133
4.9726,1,133
-3.0274,1,133
6.9726,1,133
3.9726,1,133
6.9726,1,133
5.9726,1,133
3.9726,1,134
5.9726,1,134
6.9726,1,134
6.9726,1,134
3.9726,1,134
6.9726,1,134
-7.0274,0,134
-9.0274,1,134
-5.0274,1,134
-4.0274,1,134
3.9726,1,134
-3.0274,0,134
6.9726,0,134
6.9726,1,134
1.9726,1,134
4.9726,1,134
-7.0274,1,134
1.9726,1,134
-7.0274,1,134
-5.0274,1,134
1.9726,1,134
-9.0274,1,134
5.9726,1,134
6.9726,1,134
-3.0274,1,134
1.9726,1,135
-3.0274,1,135
2.9726,1,135
-6.0274,1,135
6.9726,1,135
1.9726,1,135
-4.0274,0,135
2.9726,0,135
6.9726,1,135
-8.0274,1,135
-3.0274,1,135
-6.0274,1,135
-5.0274,1,135
6.9726,1,135
3.9726,1,135
6.9726,1,135
6.9726,1,135
6.9726,1,135
6.9726,1,135
2.9726,1,135
3.9726,1,135
-5.0274,1,135
-6.0274,1,135
6.9726,1,135
6.9726,1,135
6.9726,1,136
4.9726,0,136
-3.0274,1,136
-4.0274,1,136
5.9726,1,136
-7.0274,0,136
3.9726,1,136
4.9726,0,136
3.9726,1,136
-6.0274,1,136
1.9726,1,136
6.9726,0,136
4.9726,1,136
6.9726,1,136
6.9726,0,136
6.9726,1,136
3.9726,1,136
2.9726,1,136
-9.0274,1,136
6.9726,0,136
-7.0274,1,136
-7.0274,0,136
-6.0274,1,136
-5.0274,1,136
-9.0274,1,136
6.9726,1,137
3.9726,1,137
5.9726,1,137
-3.0274,0,137
4.9726,1,137
-5.0274,1,137
3.9726,1,137
5.9726,1,137
4.9726,1,137
4.9726,1,137
6.9726,1,137
5.9726,1,137
3.9726,1,137
3.9726,1,137
-9.0274,0,137
6.9726,1,137
6.9726,1,137
6.9726,1,137
5.9726,1,137
6.9726,1,137
2.9726,1,137
3.9726,1,137
-5.0274,1,137
2.9726,1,137
-3.0274,1,137
3.9726,1,138
2.9726,1,138
6.9726,1,138
6.9726,1,138
1.9726,1,138
2.9726,1,138
-3.0274,1,138
3.9726,1,138
6.9726,1,138
-5.0274,1,138
5.9726,1,138
-6.0274,1,138
2.9726,1,138
-7.0274,0,138
-9.0274,1,138
-5.0274,0,138
6.9726,1,138
4.9726,1,138
1.9726,1,138
6.9726,1,138
6.9726,1,138
4.9726,1,138
-3.0274,1,138
6.9726,1,138
5.9726,1,138
-3.0274,0,139
4.9726,1,139
6.9726,1,139
5.9726,1,139
6.9726,1,139
5.9726,1,139
-7.0274,1,139
-5.0274,1,139
-9.0274,1,139
-3.0274,1,139
-3.0274,0,139
-4.0274,1,139
-3.0274,1,139
4.9726,1,139
4.9726,1,139
4.9726,1,139
2.9726,1,139
-6.0274,1,139
2.9726,1,139
-3.0274,1,139
-3.0274,1,139
3.9726,1,139
2.9726,0,139
1.9726,1,139
-4.0274,1,139
4.9726,0,140
6.9726,1,140
5.9726,1,140
4.9726,1,140
6.9726,1,140
1.9726,1,140
-7.0274,1,140
1.9726,1,140
-7.0274,1,140
4.9726,1,140
-6.0274,0,140
-7.0274,0,140
-9.0274,0,140
2.9726,1,140
-9.0274,1,140
4.9726,1,140
6.9726,1,140
6.9726,1,140
-5.0274,0,140
-9.0274,1,140
-9.0274,0,140
5.9726,1,140
-5.0274,1,140
-7.0274,1,140
-4.0274,1,140
-5.0274,1,141
2.9726,1,141
-3.0274,1,141
2.9726,1,141
-3.0274,1,141
3.9726,1,141
1.9726,1,141
2.9726,1,141
-7.0274,1,141
-9.0274,1,141
4.9726,1,141
-9.0274,1,141
-5.0274,1,141
-9.0274,1,141
4.9726,1,141
5.9726,1,141
6.9726,0,141
6.9726,1,141
4.9726,1,141
6.9726,0,141
5.9726,1,141
-3.0274,1,141
6.9726,1,141
6.9726,1,141
-4.0274,1,141
-9.0274,0,142
-8.0274,0,142
-9.0274,1,142
-5.0274,0,142
-9.0274,0,142
-8.0274,0,142
-4.0274,1,142
-9.0274,0,142
-9.0274,1,142
-3.0274,0,142
-9.0274,0,142
-9.0274,1,142
1.9726,1,142
-5.0274,0,142
-5.0274,0,142
-6.0274,0,142
-9.0274,1,142
5.9726,0,142
6.9726,1,142
2.9726,0,142
2.9726,1,142
-6.0274,1,142
-3.0274,0,142
5.9726,0,142
6.9726,0,142
6.9726,0,143
3.9726,1,143
-4.0274,1,143
6.9726,0,143
-5.0274,0,143
-6.0274,0,143
2.9726,1,143
3.9726,1,143
-8.0274,0,143
-4.0274,1,143
-5.0274,0,143
6.9726,0,143
6.9726,0,143
-4.0274,1,143
4.9726,0,143
4.9726,1,143
-4.0274,0,143
-3.0274,0,143
6.9726,1,143
2.9726,1,143
-5.0274,1,143
5.9726,0,143
6.9726,0,143
6.9726,0,143
5.9726,0,143
5.9726,1,144
6.9726,1,144
6.9726,1,144
1.9726,1,144
-5.0274,1,144
-3.0274,1,144
1.9726,1,144
-6.0274,1,144
-4.0274,1,144
-6.0274,1,144
-9.0274,0,144
-9.0274,1,144
-7.0274,1,144
-4.0274,1,144
-6.0274,1,144
3.9726,1,144
-8.0274,1,144
-7.0274,0,144
-6.0274,0,144
1.9726,1,144
6.9726,0,144
-6.0274,1,144
-6.0274,0,144
5.9726,0,144
5.9726,0,144
-5.0274,1,145
6.9726,1,145
6.9726,1,145
2.9726,1,145
-9.0274,1,145
-6.0274,1,145
-7.0274,1,145
4.9726,1,145
6.9726,1,145
6.9726,1,145
5.9726,1,145
3.9726,1,145
6.9726,1,145
4.9726,1,145
5.9726,1,145
5.9726,1,145
-7.0274,1,145
-8.0274,1,145
5.9726,1,145
6.9726,1,145
4.9726,1,145
2.9726,1,145
4.9726,1,145
2.9726,1,145
-9.0274,1,145
1.9726,1,146
-8.0274,0,146
-9.0274,0,146
-4.0274,1,146
-7.0274,0,146
-9.0274,0,146
-8.0274,1,146
-9.0274,1,146
-9.0274,1,146
-9.0274,1,146
-9.0274,1,146
1.9726,1,146
3.9726,1,146
6.9726,1,146
4.9726,1,146
5.9726,1,146
6.9726,1,146
6.9726,1,146
6.9726,1,146
-5.0274,1,146
-3.0274,1,146
6.9726,1,146
-9.0274,1,146
-3.0274,1,146
6.9726,1,146
-5.0274,1,147
4.9726,1,147
4.9726,1,147
5.9726,1,147
6.9726,1,147
-7.0274,1,147
-5.0274,1,147
1.9726,1,147
6.9726,1,147
-6.0274,1,147
2.9726,0,147
-6.0274,1,147
1.9726,1,147
-9.0274,1,147
-9.0274,1,147
-8.0274,1,147
1.9726,1,147
1.9726,1,147
6.9726,1,147
2.9726,1,147
4.9726,1,147
2.9726,1,147
-6.0274,0,147
-7.0274,0,147
-5.0274,0,147
-8.0274,1,148
-9.0274,0,148
-7.0274,0,148
-8.0274,1,148
-4.0274,0,148
-7.0274,1,148
-8.0274,1,148
-9.0274,0,148
-5.0274,1,148
-5.0274,0,148
-8.0274,1,148
-4.0274,1,148
1.9726,0,148
4.9726,1,148
6.9726,1,148
4.9726,1,148
2.9726,1,148
6.9726,0,148
6.9726,1,148
-3.0274,1,148
1.9726,1,148
2.9726,1,148
-9.0274,1,148
-9.0274,1,148
-9.0274,1,148
-5.0274,0,149
-8.0274,1,149
-3.0274,1,149
-8.0274,1,149
3.9726,1,149
2.9726,0,149
4.9726,1,149
4.9726,1,149
1.9726,1,149
6.9726,1,149
-3.0274,1,149
1.9726,1,149
3.9726,1,149
4.9726,1,149
-9.0274,1,149
-9.0274,1,149
4.9726,1,149
-6.0274,1,149
-9.0274,1,149
-7.0274,1,149
6.9726,1,149
2.9726,1,149
4.9726,1,149
-3.0274,1,149
2.9726,1,149
-3.0274,1,150
6.9726,1,150
4.9726,0,150
-6.0274,1,150
-4.0274,1,150
-3.0274,1,150
-8.0274,1,150
6.9726,1,150
5.9726,1,150
6.9726,1,150
6.9726,1,150
2.9726,1,150
-6.0274,1,150
-4.0274,1,150
-3.0274,1,150
2.9726,1,150
4.9726,1,150
-6.0274,1,150
-9.0274,1,150
5.9726,1,150
3.9726,0,150
-8.0274,1,150
-8.0274,1,150
1.9726,1,150
-4.0274,1,150
-3.0274,0,151
1.9726,1,151
1.9726,1,151
6.9726,0,151
4.9726,1,151
4.9726,1,151
6.9726,1,151
6.9726,1,151
6.9726,1,151
-3.0274,1,151
2.9726,1,151
-8.0274,0,151
3.9726,1,151
-5.0274,1,151
1.9726,1,151
-3.0274,1,151
5.9726,1,151
4.9726,1,151
6.9726,1,151
-4.0274,1,151
-4.0274,1,151
-5.0274,0,151
-9.0274,1,151
6.9726,1,151
6.9726,1,151
-8.0274,0,152
-8.0274,0,152
-8.0274,1,152
-6.0274,1,152
-3.0274,1,152
-7.0274,1,152
-9.0274,1,152
-9.0274,0,152
-9.0274,1,152
-8.0274,1,152
-7.0274,0,152
-9.0274,1,152
4.9726,1,152
-5.0274,1,152
-6.0274,1,152
-5.0274,0,152
-3.0274,1,152
3.9726,1,152
2.9726,1,152
2.9726,1,152
3.9726,1,152
5.9726,1,152
6.9726,1,152
-5.0274,1,152
-7.0274,1,152
4.9726,1,153
5.9726,1,153
-7.0274,1,153
3.9726,0,153
2.9726,1,153
6.9726,1,153
5.9726,1,153
5.9726,1,153
3.9726,1,153
6.9726,1,153
5.9726,1,153
6.9726,0,153
5.9726,0,153
6.9726,1,153
6.9726,1,153
6.9726,1,153
5.9726,1,153
1.9726,0,153
-9.0274,1,153
-9.0274,1,153
-7.0274,1,153
-4.0274,1,153
6.9726,1,153
-3.0274,1,153
5.9726,1,153
-6.0274,0,154
6.9726,1,154
1.9726,1,154
1.9726,1,154
3.9726,1,154
6.9726,1,154
3.9726,1,154
6.9726,1,154
3.9726,1,154
2.9726,1,154
2.9726,1,154
-4.0274,1,154
-9.0274,0,154
1.9726,1,154
-9.0274,1,154
4.9726,1,154
6.9726,1,154
4.9726,1,154
-5.0274,1,154
-8.0274,1,154
5.9726,1,154
-8.0274,1,154
2.9726,1,154
2.9726,1,154
6.9726,1,154
6.9726,1,155
6.9726,1,155
3.9726,1,155
-3.0274,0,155
-8.0274,1,155
-6.0274,1,155
-9.0274,0,155
-3.0274,1,155
-9.0274,1,155
-9.0274,1,155
-4.0274,1,155
-3.0274,1,155
6.9726,1,155
6.9726,0,155
4.9726,1,155
-4.0274,1,155
-3.0274,1,155
-3.0274,1,155
6.9726,0,155
6.9726,1,155
1.9726,1,155
-4.0274,1,155
-7.0274,1,155
-9.0274,1,155
-3.0274,1,155
-9.0274,0,156
-8.0274,1,156
-9.0274,1,156
3.9726,1,156
6.9726,1,156
6.9726,1,156
4.9726,1,156
6.9726,1,156
-5.0274,1,156
5.9726,1,156
2.9726,1,156
-8.0274,1,156
2.9726,1,156
-9.0274,1,156
6.9726,1,156
6.9726,1,156
2.9726,1,156
5.9726,1,156
-4.0274,0,156
3.9726,1,156
-3.0274,1,156
1.9726,1,156
3.9726,1,156
3.9726,1,156
6.9726,1,156
4.9726,1,157
-5.0274,1,157
-8.0274,1,157
-8.0274,1,157
-7.0274,1,157
-6.0274,1,157
-8.0274,1,157
-9.0274,0,157
-9.0274,1,157
-9.0274,1,157
3.9726,1,157
-7.0274,1,157
-9.0274,1,157
-6.0274,1,157
-4.0274,1,157
-9.0274,1,157
-6.0274,1,157
-9.0274,1,157
-9.0274,0,157
-9.0274,1,157
4.9726,1,157
4.9726,1,157
2.9726,1,157
4.9726,1,157
3.9726,1,157
-6.0274,1,158
-7.0274,0,158
-8.0274,1,158
-6.0274,0,158
-7.0274,1,158
-4.0274,1,158
2.9726,0,158
4.9726,0,158
-3.0274,1,158
-4.0274,1,158
-5.0274,0,158
4.9726,1,158
6.9726,1,158
-3.0274,0,158
-8.0274,0,158
5.9726,0,158
-3.0274,1,158
2.9726,0,158
2.9726,1,158
-9.0274,1,158
-9.0274,0,158
-4.0274,1,158
-6.0274,0,158
-9.0274,1,158
1.9726,0,158
-9.0274,1,159
-5.0274,0,159
-6.0274,1,159
-5.0274,0,159
6.9726,1,159
5.9726,1,159
5.9726,1,159
1.9726,1,159
1.9726,1,159
3.9726,1,159
6.9726,1,159
6.9726,1,159
1.9726,1,159
6.9726,1,159
6.9726,1,159
3.9726,1,159
6.9726,1,159
-3.0274,1,159
2.9726,1,159
2.9726,1,159
6.9726,1,159
-8.0274,1,159
-9.0274,1,159
-8.0274,1,159
-7.0274,1,159
-9.0274,0,160
-9.0274,0,160
-9.0274,0,160
-9.0274,0,160
-5.0274,0,160
-3.0274,0,160
-7.0274,0,160
-9.0274,1,160
-5.0274,1,160
-5.0274,1,160
-6.0274,1,160
-4.0274,1,160
6.9726,0,160
-7.0274,1,160
6.9726,0,160
-9.0274,0,160
2.9726,1,160
-7.0274,1,160
2.9726,0,160
-8.0274,0,160
3.9726,0,160
-7.0274,0,160
-6.0274,1,160
-6.0274,0,160
-9.0274,1,160
6.9726,1,161
6.9726,1,161
2.9726,1,161
-5.0274,0,161
-5.0274,1,161
-3.0274,1,161
-6.0274,1,161
-4.0274,1,161
-7.0274,1,161
-6.0274,1,161
-9.0274,1,161
-9.0274,1,161
-8.0274,1,161
-9.0274,1,161
6.9726,0,161
5.9726,1,161
3.9726,1,161
5.9726,1,161
4.9726,1,161
6.9726,0,161
6.9726,1,161
5.9726,1,161
4.9726,1,161
-9.0274,1,161
-7.0274,1,161
-4.0274,1,162
-9.0274,0,162
6.9726,1,162
6.9726,1,162
5.9726,1,162
4.9726,1,162
1.9726,1,162
-3.0274,1,162
2.9726,1,162
1.9726,1,162
5.9726,1,162
-3.0274,1,162
6.9726,1,162
-8.0274,1,162
1.9726,1,162
5.9726,1,162
-3.0274,1,162
-6.0274,1,162
-3.0274,1,162
4.9726,1,162
3.9726,1,162
6.9726,1,162
4.9726,1,162
4.9726,1,162
1.9726,1,162
3.9726,1,163
-8.0274,1,163
6.9726,1,163
5.9726,1,163
6.9726,1,163
6.9726,1,163
6.9726,1,163
5.9726,1,163
2.9726,1,163
-9.0274,1,163
4.9726,1,163
-7.0274,1,163
6.9726,1,163
5.9726,1,163
4.9726,1,163
2.9726,1,163
3.9726,1,163
4.9726,1,163
5.9726,1,163
5.9726,1,163
2.9726,1,163
-6.0274,1,163
5.9726,1,163
5.9726,1,163
6.9726,1,163
-5.0274,0,164
5.9726,1,164
6.9726,1,164
-7.0274,1,164
4.9726,1,164
-3.0274,1,164
6.9726,1,164
3.9726,1,164
3.9726,1,164
4.9726,1,164
3.9726,1,164
-3.0274,1,164
5.9726,1,164
-6.0274,1,164
-5.0274,1,164
2.9726,1,164
1.9726,1,164
-3.0274,1,164
-4.0274,1,164
-9.0274,0,164
5.9726,1,164
6.9726,1,164
1.9726,0,164
4.9726,1,164
6.9726,1,164
6.9726,1,165
2.9726,0,165
4.9726,1,165
4.9726,0,165
2.9726,1,165
-9.0274,1,165
-5.0274,1,165
-6.0274,1,165
3.9726,1,165
6.9726,1,165
4.9726,1,165
-4.0274,0,165
-8.0274,0,165
-7.0274,1,165
-9.0274,1,165
-4.0274,1,165
5.9726,1,165
-5.0274,1,165
-7.0274,1,165
-6.0274,1,165
-9.0274,0,165
-3.0274,1,165
-4.0274,1,165
3.9726,1,165
6.9726,1,165
6.9726,1,166
5.9726,1,166
6.9726,1,166
2.9726,1,166
2.9726,1,166
-4.0274,1,166
-6.0274,1,166
1.9726,1,166
6.9726,1,166
4.9726,1,166
3.9726,1,166
3.9726,1,166
6.9726,1,166
6.9726,1,166
5.9726,1,166
-4.0274,1,166
2.9726,1,166
-6.0274,1,166
3.9726,1,166
-9.0274,1,166
-5.0274,1,166
6.9726,1,166
6.9726,1,166
5.9726,1,166
6.9726,1,166
3.9726,0,167
5.9726,1,167
1.9726,1,167
-6.0274,1,167
-4.0274,1,167
1.9726,1,167
-3.0274,1,167
-9.0274,0,167
6.9726,0,167
6.9726,0,167
6.9726,0,167
6.9726,1,167
-4.0274,1,167
6.9726,1,167
2.9726,0,167
2.9726,1,167
-4.0274,1,167
-9.0274,0,167
-9.0274,1,167
-6.0274,1,167
-7.0274,0,167
-3.0274,1,167
-9.0274,1,167
-7.0274,1,167
-9.0274,1,167
-9.0274,1,168
-5.0274,1,168
-6.0274,1,168
-9.0274,1,168
-7.0274,1,168
-5.0274,1,168
-8.0274,1,168
-9.0274,0,168
-9.0274,0,168
-8.0274,0,168
-4.0274,0,168
6.9726,1,168
-3.0274,1,168
6.9726,1,168
6.9726,1,168
6.9726,1,168
6.9726,1,168
1.9726,1,168
2.9726,1,168
6.9726,1,168
6.9726,1,168
6.9726,1,168
5.9726,1,168
-3.0274,1,168
-6.0274,1,168
-4.0274,1,169
-3.0274,1,169
4.9726,1,169
1.9726,1,169
-6.0274,0,169
-3.0274,0,169
-4.0274,1,169
1.9726,1,169
-9.0274,0,169
-5.0274,1,169
2.9726,0,169
3.9726,1,169
-6.0274,1,169
-6.0274,1,169
3.9726,1,169
-8.0274,0,169
-9.0274,1,169
-6.0274,0,169
-5.0274,0,169
-5.0274,0,169
-8.0274,1,169
3.9726,1,169
-4.0274,1,169
-3.0274,0,169
-6.0274,0,169
-7.0274,1,170
-7.0274,0,170
-4.0274,1,170
3.9726,1,170
-3.0274,1,170
-6.0274,1,170
-6.0274,1,170
1.9726,1,170
-9.0274,1,170
-9.0274,1,170
4.9726,1,170
5.9726,1,170
6.9726,1,170
6.9726,1,170
6.9726,1,170
6.9726,1,170
6.9726,1,170
3.9726,1,170
5.9726,1,170
5.9726,1,170
6.9726,1,170
5.9726,1,170
-3.0274,1,170
1.9726,1,170
-4.0274,1,170
-6.0274,1,171
2.9726,1,171
6.9726,1,171
-3.0274,1,171
-4.0274,1,171
-8.0274,1,171
-9.0274,1,171
4.9726,1,171
6.9726,1,171
-5.0274,1,171
-6.0274,1,171
-8.0274,1,171
-9.0274,1,171
-7.0274,1,171
-8.0274,1,171
-9.0274,1,171
-8.0274,1,171
-9.0274,1,171
6.9726,1,171
1.9726,1,171
-9.0274,1,171
-4.0274,1,171
-9.0274,1,171
-8.0274,1,171
-6.0274,1,171
-5.0274,1,172
5.9726,0,172
5.9726,1,172
6.9726,1,172
6.9726,1,172
3.9726,1,172
3.9726,1,172
6.9726,1,172
1.9726,1,172
5.9726,1,172
4.9726,1,172
-4.0274,0,172
-8.0274,1,172
4.9726,1,172
6.9726,1,172
4.9726,1,172
6.9726,1,172
2.9726,1,172
6.9726,1,172
6.9726,1,172
2.9726,1,172
-5.0274,1,172
-8.0274,0,172
-3.0274,1,172
-8.0274,1,172
-6.0274,1,173
1.9726,1,173
6.9726,1,173
-3.0274,1,173
-9.0274,1,173
-9.0274,1,173
-8.0274,0,173
-9.0274,0,173
-6.0274,1,173
-4.0274,1,173
-4.0274,1,173
1.9726,1,173
-6.0274,1,173
-5.0274,1,173
4.9726,1,173
4.9726,1,173
2.9726,1,173
-7.0274,1,173
-6.0274,0,173
-9.0274,1,173
-9.0274,1,173
2.9726,1,173
4.9726,1,173
6.9726,1,173
6.9726,1,173
-4.0274,1,174
-5.0274,1,174
6.9726,1,174
6.9726,0,174
-3.0274,0,174
1.9726,1,174
1.9726,1,174
3.9726,1,174
-3.0274,1,174
3.9726,1,174
6.9726,1,174
1.9726,1,174
-4.0274,1,174
-9.0274,1,174
-9.0274,1,174
-9.0274,1,174
-9.0274,1,174
-9.0274,1,174
-8.0274,1,174
-3.0274,1,174
-5.0274,1,174
6.9726,1,174
2.9726,1,174
3.9726,1,174
5.9726,1,174
1.9726,1,175
6.9726,1,175
3.9726,0,175
5.9726,1,175
6.9726,1,175
5.9726,1,175
5.9726,1,175
6.9726,1,175
5.9726,1,175
6.9726,1,175
4.9726,1,175
-6.0274,1,175
4.9726,1,175
6.9726,1,175
-5.0274,1,175
1.9726,0,175
-8.0274,1,175
6.9726,1,175
6.9726,1,175
6.9726,1,175
2.9726,1,175
-9.0274,1,175
-9.0274,1,175
-9.0274,1,175
-9.0274,1,175
5.9726,1,176
5.9726,1,176
1.9726,1,176
4.9726,1,176
6.9726,1,176
5.9726,1,176
6.9726,1,176
3.9726,1,176
4.9726,1,176
6.9726,1,176
4.9726,0,176
6.9726,1,176
1.9726,0,176
-3.0274,1,176
-8.0274,0,176
6.9726,1,176
5.9726,1,176
4.9726,1,176
6.9726,1,176
3.9726,1,176
2.9726,1,176
-9.0274,0,176
4.9726,0,176
2.9726,1,176
3.9726,1,176
-9.0274,0,177
-5.0274,0,177
-9.0274,0,177
-9.0274,1,177
5.9726,1,177
3.9726,1,177
-4.0274,1,177
-7.0274,0,177
-3.0274,1,177
-4.0274,1,177
-9.0274,1,177
-8.0274,1,177
-9.0274,1,177
4.9726,1,177
4.9726,0,177
4.9726,1,177
6.9726,1,177
6.9726,1,177
6.9726,1,177
6.9726,1,177
1.9726,1,177
-8.0274,1,177
6.9726,1,177
5.9726,1,177
6.9726,1,177
6.9726,1,178
6.9726,1,178
-7.0274,1,178
3.9726,1,178
-9.0274,1,178
-3.0274,1,178
1.9726,1,178
3.9726,1,178
6.9726,1,178
-3.0274,1,178
-3.0274,1,178
6.9726,1,178
6.9726,1,178
2.9726,1,178
-9.0274,1,178
1.9726,1,178
3.9726,1,178
4.9726,1,178
6.9726,1,178
6.9726,1,178
6.9726,1,178
6.9726,1,178
5.9726,1,178
4.9726,1,178
3.9726,1,178
2.9726,1,179
-7.0274,1,179
-3.0274,1,179
-3.0274,1,179
5.9726,1,179
2.9726,1,179
-9.0274,0,179
-7.0274,1,179
-3.0274,1,179
2.9726,1,179
-3.0274,1,179
-3.0274,1,179
-9.0274,1,179
6.9726,1,179
5.9726,1,179
2.9726,1,179
2.9726,1,179
6.9726,1,179
6.9726,1,179
4.9726,1,179
-8.0274,1,179
-9.0274,1,179
-7.0274,1,179
6.9726,1,179
6.9726,1,179
4.9726,0,180
5.9726,1,180
3.9726,1,180
6.9726,1,180
6.9726,1,180
5.9726,1,180
4.9726,1,180
-4.0274,1,180
-9.0274,1,180
6.9726,1,180
3.9726,1,180
6.9726,0,180
1.9726,1,180
6.9726,1,180
-3.0274,0,180
4.9726,1,180
6.9726,1,180
5.9726,1,180
6.9726,1,180
4.9726,1,180
4.9726,1,180
-7.0274,0,180
-6.0274,1,180
-9.0274,1,180
-9.0274,1,180
6.9726,1,181
6.9726,1,181
5.9726,1,181
-6.0274,0,181
3.9726,1,181
-4.0274,1,181
-9.0274,1,181
-9.0274,0,181
-8.0274,1,181
-9.0274,1,181
-3.0274,1,181
4.9726,1,181
-6.0274,1,181
5.9726,1,181
-9.0274,1,181
-9.0274,1,181
-9.0274,1,181
-5.0274,1,181
-4.0274,1,181
-5.0274,1,181
-6.0274,1,181
-9.0274,1,181
-8.0274,1,181
3.9726,1,181
5.9726,1,181
-7.0274,1,182
-3.0274,1,182
-7.0274,1,182
-6.0274,0,182
-5.0274,1,182
-5.0274,1,182
-6.0274,1,182
-3.0274,1,182
3.9726,1,182
4.9726,1,182
1.9726,1,182
1.9726,1,182
-3.0274,1,182
-5.0274,0,182
-9.0274,1,182
-4.0274,1,182
-9.0274,1,182
-5.0274,1,182
-6.0274,1,182
-3.0274,1,182
-3.0274,1,182
1.9726,1,182
-4.0274,1,182
1.9726,0,182
4.9726,0,182
-4.0274,1,183
3.9726,1,183
-8.0274,1,183
6.9726,1,183
4.9726,1,183
6.9726,1,183
6.9726,1,183
-3.0274,1,183
1.9726,1,183
6.9726,1,183
6.9726,1,183
6.9726,0,183
4.9726,1,183
-5.0274,1,183
3.9726,1,183
-4.0274,1,183
5.9726,1,183
4.9726,1,183
2.9726,1,183
5.9726,1,183
-8.0274,1,183
-9.0274,1,183
-4.0274,1,183
-6.0274,1,183
-8.0274,1,183
1.9726,1,184
5.9726,1,184
5.9726,1,184
2.9726,1,184
-3.0274,1,184
-7.0274,1,184
6.9726,0,184
6.9726,1,184
4.9726,1,184
-3.0274,1,184
1.9726,1,184
-6.0274,1,184
5.9726,1,184
6.9726,1,184
2.9726,1,184
4.9726,0,184
3.9726,1,184
4.9726,1,184
6.9726,1,184
6.9726,1,184
4.9726,1,184
6.9726,1,184
2.9726,1,184
6.9726,1,184
-5.0274,1,184
1.9726,1,185
-3.0274,1,185
2.9726,1,185
6.9726,1,185
5.9726,1,185
3.9726,1,185
-5.0274,1,185
-4.0274,1,185
-3.0274,0,185
6.9726,1,185
6.9726,1,185
2.9726,1,185
2.9726,1,185
-9.0274,0,185
3.9726,1,185
1.9726,1,185
6.9726,1,185
5.9726,1,185
-3.0274,1,185
3.9726,0,185
2.9726,1,185
3.9726,1,185
2.9726,1,185
-3.0274,1,185
-4.0274,1,185
-3.0274,1,186
-7.0274,0,186
-6.0274,0,186
-5.0274,0,186
-7.0274,0,186
-7.0274,1,186
-4.0274,0,186
-8.0274,0,186
-9.0274,0,186
6.9726,0,186
2.9726,0,186
4.9726,0,186
6.9726,1,186
-9.0274,1,186
-5.0274,1,186
-9.0274,1,186
-9.0274,1,186
-7.0274,0,186
-9.0274,1,186
-9.0274,0,186
1.9726,1,186
-5.0274,1,186
-9.0274,0,186
-4.0274,1,186
1.9726,1,186
-9.0274,1,187
-3.0274,1,187
2.9726,1,187
-3.0274,1,187
3.9726,1,187
-3.0274,1,187
-9.0274,1,187
-4.0274,1,187
6.9726,1,187
6.9726,1,187
6.9726,1,187
1.9726,0,187
-4.0274,1,187
-7.0274,1,187
5.9726,1,187
-4.0274,1,187
-7.0274,0,187
-7.0274,0,187
-4.0274,0,187
-9.0274,1,187
-9.0274,0,187
-8.0274,1,187
3.9726,1,187
-4.0274,1,187
-5.0274,1,187
6.9726,0,188
3.9726,1,188
3.9726,1,188
-3.0274,0,188
1.9726,1,188
1.9726,0,188
-4.0274,1,188
1.9726,1,188
4.9726,1,188
-8.0274,1,188
4.9726,1,188
6.9726,1,188
5.9726,1,188
4.9726,1,188
-3.0274,0,188
-4.0274,0,188
6.9726,1,188
6.9726,0,188
5.9726,1,188
6.9726,1,188
6.9726,1,188
6.9726,1,188
6.9726,1,188
-3.0274,1,188
-4.0274,1,188
6.9726,0,189
6.9726,1,189
6.9726,1,189
1.9726,1,189
-4.0274,1,189
3.9726,1,189
4.9726,1,189
4.9726,1,189
6.9726,1,189
6.9726,1,189
6.9726,1,189
-4.0274,1,189
1.9726,1,189
2.9726,1,189
2.9726,1,189
-3.0274,1,189
-8.0274,1,189
-3.0274,1,189
-9.0274,1,189
6.9726,1,189
6.9726,1,189
-4.0274,1,189
1.9726,1,189
-5.0274,1,189
1.9726,1,189
-9.0274,1,190
-4.0274,0,190
-7.0274,1,190
-4.0274,1,190
-7.0274,1,190
-8.0274,0,190
2.9726,1,190
6.9726,1,190
6.9726,1,190
-8.0274,1,190
-9.0274,1,190
-8.0274,1,190
-9.0274,0,190
6.9726,1,190
3.9726,1,190
-9.0274,0,190
3.9726,1,190
5.9726,1,190
3.9726,1,190
-5.0274,1,190
-5.0274,0,190
6.9726,1,190
6.9726,1,190
-3.0274,0,190
6.9726,1,190
3.9726,1,191
3.9726,1,191
6.9726,1,191
6.9726,1,191
5.9726,1,191
4.9726,1,191
-3.0274,1,191
3.9726,1,191
-8.0274,1,191
6.9726,1,191
6.9726,1,191
1.9726,1,191
-8.0274,1,191
-8.0274,1,191
-9.0274,1,191
-9.0274,1,191
-7.0274,1,191
-5.0274,0,191
1.9726,1,191
2.9726,1,191
-3.0274,1,191
-5.0274,1,191
-9.0274,1,191
-7.0274,0,191
-6.0274,0,191
6.9726,1,192
4.9726,1,192
4.9726,1,192
-3.0274,1,192
-6.0274,1,192
6.9726,1,192
4.9726,1,192
5.9726,0,192
1.9726,1,192
6.9726,1,192
6.9726,1,192
-6.0274,1,192
3.9726,0,192
-9.0274,0,192
1.9726,1,192
-5.0274,1,192
4.9726,1,192
5.9726,1,192
6.9726,1,192
-9.0274,1,192
-5.0274,1,192
2.9726,1,192
-9.0274,1,192
1.9726,0,192
3.9726,1,192
4.9726,1,193
6.9726,1,193
3.9726,1,193
4.9726,1,193
6.9726,1,193
6.9726,1,193
-5.0274,1,193
-5.0274,0,193
-9.0274,1,193
1.9726,0,193
2.9726,1,193
-7.0274,1,193
-5.0274,1,193
-9.0274,1,193
-4.0274,1,193
-3.0274,1,193
-9.0274,1,193
-7.0274,1,193
-6.0274,1,193
-9.0274,1,193
-3.0274,1,193
-6.0274,1,193
-9.0274,1,193
-9.0274,1,193
-8.0274,1,193
-9.0274,1,194
6.9726,1,194
5.9726,1,194
-3.0274,1,194
2.9726,0,194
3.9726,1,194
6.9726,0,194
6.9726,1,194
6.9726,1,194
4.9726,1,194
3.9726,1,194
6.9726,1,194
6.9726,1,194
6.9726,1,194
3.9726,1,194
-3.0274,1,194
2.9726,1,194
-6.0274,1,194
-9.0274,1,194
6.9726,1,194
-4.0274,1,194
-6.0274,1,194
4.9726,1,194
4.9726,1,194
6.9726,1,194
-7.0274,1,195
-5.0274,1,195
-5.0274,1,195
-3.0274,1,195
-6.0274,1,195
-9.0274,1,195
6.9726,1,195
6.9726,1,195
-6.0274,1,195
-9.0274,1,195
-9.0274,1,195
6.9726,0,195
3.9726,1,195
-4.0274,1,195
-8.0274,1,195
6.9726,1,195
6.9726,1,195
2.9726,1,195
3.9726,1,195
-6.0274,1,195
1.9726,1,195
-9.0274,1,195
-7.0274,1,195
-9.0274,1,195
-4.0274,1,195
3.9726,1,196
4.9726,1,196
6.9726,1,196
6.9726,1,196
4.9726,1,196
-7.0274,1,196
-6.0274,1,196
-9.0274,1,196
-9.0274,1,196
-6.0274,1,196
-9.0274,0,196
-3.0274,1,196
-5.0274,0,196
-9.0274,1,196
-9.0274,1,196
-9.0274,1,196
6.9726,1,196
6.9726,1,196
1.9726,1,196
6.9726,1,196
3.9726,1,196
6.9726,1,196
4.9726,1,196
6.9726,1,196
5.9726,1,196
6.9726,1,197
6.9726,1,197
5.9726,1,197
4.9726,1,197
4.9726,1,197
-7.0274,1,197
-9.0274,1,197
1.9726,1,197
3.9726,1,197
6.9726,1,197
6.9726,1,197
5.9726,1,197
6.9726,1,197
4.9726,1,197
-3.0274,1,197
-6.0274,1,197
5.9726,1,197
6.9726,1,197
6.9726,1,197
6.9726,1,197
3.9726,1,197
4.9726,1,197
2.9726,1,197
3.9726,1,197
6.9726,1,197
-6.0274,1,198
1.9726,1,198
-8.0274,1,198
-5.0274,1,198
-5.0274,1,198
-7.0274,0,198
-8.0274,1,198
-9.0274,0,198
-6.0274,0,198
-4.0274,1,198
2.9726,1,198
6.9726,1,198
6.9726,1,198
-3.0274,1,198
4.9726,0,198
6.9726,1,198
6.9726,0,198
-3.0274,0,198
-4.0274,1,198
-4.0274,1,198
-7.0274,0,198
2.9726,1,198
6.9726,1,198
5.9726,1,198
6.9726,1,198
-7.0274,1,199
2.9726,1,199
4.9726,1,199
-4.0274,1,199
-8.0274,0,199
3.9726,1,199
4.9726,1,199
6.9726,1,199
3.9726,1,199
-9.0274,1,199
-4.0274,1,199
5.9726,1,199
5.9726,1,199
4.9726,1,199
6.9726,1,199
6.9726,1,199
6.9726,1,199
6.9726,1,199
6.9726,1,199
1.9726,1,199
3.9726,1,199
5.9726,1,199
6.9726,1,199
6.9726,1,199
5.9726,1,199
3.9726,1,200
-3.0274,1,200
6.9726,1,200
-4.0274,1,200
-5.0274,1,200
-8.0274,0,200
3.9726,1,200
1.9726,1,200
6.9726,1,200
-4.0274,0,200
1.9726,1,200
1.9726,1,200
-4.0274,1,200
6.9726,1,200
6.9726,1,200
6.9726,1,200
-8.0274,1,200
-9.0274,1,200
4.9726,1,200
2.9726,1,200
2.9726,1,200
1.9726,1,200
-5.0274,1,200
-7.0274,1,200
-5.0274,1,200
