2.5322,0,1
-4.4678,1,1
-4.4678,1,1
0.53218,1,1
3.5322,1,1
4.5322,1,1
1.5322,1,1
-3.4678,0,1
2.5322,1,1
4.5322,1,1
4.5322,1,1
4.5322,1,1
3.5322,1,1
-3.4678,1,1
4.5322,1,1
2.5322,1,1
2.5322,1,1
4.5322,1,1
4.5322,1,1
3.5322,1,1
-2.4678,1,1
2.5322,1,1
-4.4678,0,1
-3.4678,1,1
2.5322,1,1
2.5322,1,1
4.5322,1,1
-3.4678,1,1
-2.4678,1,2
-3.4678,0,2
3.5322,1,2
4.5322,1,2
4.5322,0,2
2.5322,1,2
-2.4678,1,2
4.5322,0,2
4.5322,0,2
4.5322,0,2
4.5322,1,2
4.5322,1,2
3.5322,1,2
3.5322,1,2
3.5322,0,2
3.5322,0,2
-4.4678,0,2
-4.4678,0,2
4.5322,0,2
-3.4678,0,2
2.5322,1,2
-4.4678,0,2
-4.4678,1,2
-4.4678,0,2
4.5322,0,2
4.5322,1,2
-4.4678,1,2
3.5322,1,3
4.5322,1,3
-2.4678,0,3
4.5322,1,3
4.5322,1,3
4.5322,1,3
4.5322,1,3
4.5322,1,3
4.5322,1,3
3.5322,1,3
4.5322,1,3
-3.4678,0,3
-3.4678,1,3
2.5322,1,3
-2.4678,1,3
3.5322,1,3
-4.4678,1,3
-4.4678,1,3
-4.4678,1,3
-4.4678,1,3
-4.4678,1,3
-4.4678,1,3
-3.4678,1,3
3.5322,1,3
-3.4678,1,3
-3.4678,1,3
4.5322,1,3
-3.4678,1,3
2.5322,1,4
3.5322,1,4
2.5322,0,4
-2.4678,0,4
-3.4678,1,4
-2.4678,0,4
4.5322,0,4
0.53218,0,4
3.5322,1,4
4.5322,1,4
4.5322,1,4
3.5322,1,4
4.5322,1,4
-4.4678,1,4
4.5322,1,4
4.5322,1,4
4.5322,1,4
-3.4678,0,4
-4.4678,1,4
-3.4678,1,4
-4.4678,1,4
-4.4678,1,4
4.5322,1,4
3.5322,1,4
2.5322,1,4
-3.4678,1,4
4.5322,1,4
3.5322,1,4
4.5322,1,5
-4.4678,1,5
-1.4678,1,5
-4.4678,1,5
3.5322,1,5
-4.4678,1,5
-4.4678,0,5
4.5322,0,5
4.5322,1,5
2.5322,1,5
1.5322,0,5
-4.4678,0,5
-4.4678,1,5
-4.4678,1,5
-4.4678,0,5
-4.4678,1,5
2.5322,0,5
-2.4678,0,5
-4.4678,1,5
-4.4678,0,5
4.5322,0,5
4.5322,1,5
4.5322,1,5
1.5322,0,5
4.5322,0,5
-4.4678,0,5
-3.4678,1,5
-2.4678,0,5
4.5322,1,5
4.5322,1,6
-3.4678,1,6
-4.4678,1,6
-3.4678,0,6
-2.4678,0,6
-3.4678,1,6
3.5322,1,6
4.5322,1,6
4.5322,1,6
4.5322,1,6
-2.4678,1,6
4.5322,1,6
2.5322,1,6
2.5322,1,6
4.5322,1,6
4.5322,1,6
3.5322,1,6
4.5322,1,6
4.5322,1,6
-3.4678,1,6
-4.4678,0,6
2.5322,1,6
2.5322,1,6
-2.4678,1,6
4.5322,1,6
-2.4678,1,6
-3.4678,1,6
-4.4678,1,6
-3.4678,1,7
4.5322,1,7
4.5322,1,7
3.5322,0,7
-4.4678,0,7
-4.4678,1,7
-4.4678,1,7
-4.4678,1,7
2.5322,1,7
4.5322,1,7
-4.4678,1,7
-3.4678,1,7
3.5322,1,7
4.5322,0,7
4.5322,1,7
4.5322,1,7
2.5322,1,7
4.5322,1,7
3.5322,1,7
-4.4678,1,7
-0.46782,1,7
-2.4678,1,7
2.5322,1,7
4.5322,1,7
4.5322,1,7
4.5322,1,7
-4.4678,0,7
4.5322,1,7
-3.4678,0,8
-4.4678,0,8
2.5322,0,8
-4.4678,0,8
-4.4678,1,8
-3.4678,1,8
4.5322,0,8
2.5322,0,8
4.5322,0,8
2.5322,1,8
4.5322,1,8
-4.4678,1,8
-3.4678,0,8
-4.4678,1,8
-3.4678,1,8
2.5322,0,8
-4.4678,0,8
-4.4678,1,8
-4.4678,1,8
-3.4678,0,8
-4.4678,1,8
-2.4678,1,8
-2.4678,0,8
3.5322,0,8
-4.4678,1,8
3.5322,0,8
-4.4678,0,9
-3.4678,0,9
2.5322,1,9
4.5322,1,9
4.5322,1,9
-4.4678,1,9
-3.4678,0,9
2.5322,1,9
-4.4678,0,9
2.5322,1,9
3.5322,1,9
-4.4678,1,9
-4.4678,1,9
-4.4678,0,9
-2.4678,0,9
2.5322,1,9
-3.4678,0,9
-4.4678,1,9
2.5322,1,9
3.5322,1,9
2.5322,1,9
-3.4678,1,9
-4.4678,1,9
-4.4678,1,9
0.53218,1,9
4.5322,1,9
-4.4678,1,9
2.5322,0,10
-4.4678,1,10
-4.4678,1,10
-4.4678,0,10
-3.4678,0,10
-4.4678,1,10
-2.4678,1,10
2.5322,1,10
-2.4678,1,10
-4.4678,1,10
-3.4678,0,10
-4.4678,1,10
3.5322,1,10
3.5322,1,10
4.5322,1,10
2.5322,1,10
-4.4678,1,10
-3.4678,0,10
-4.4678,1,10
4.5322,0,10
3.5322,1,10
2.5322,1,10
-4.4678,1,10
-4.4678,0,10
4.5322,1,10
4.5322,1,10
-1.4678,1,10
-4.4678,0,10
2.5322,1,10
-2.4678,1,11
-4.4678,0,11
-3.4678,1,11
2.5322,1,11
2.5322,1,11
-3.4678,1,11
-3.4678,1,11
2.5322,1,11
-1.4678,1,11
2.5322,1,11
2.5322,1,11
2.5322,1,11
-4.4678,1,11
3.5322,1,11
4.5322,1,11
-3.4678,1,11
-4.4678,1,11
-4.4678,1,11
-4.4678,1,11
-4.4678,1,11
-4.4678,1,11
-4.4678,1,11
-4.4678,1,11
-4.4678,1,11
-3.4678,0,11
3.5322,1,11
4.5322,1,11
4.5322,1,11
-4.4678,1,11
4.5322,1,11
-2.4678,1,12
-4.4678,1,12
-3.4678,1,12
-2.4678,1,12
-4.4678,1,12
-4.4678,1,12
-2.4678,1,12
2.5322,1,12
-4.4678,1,12
-3.4678,1,12
4.5322,1,12
4.5322,0,12
-2.4678,1,12
-4.4678,1,12
-4.4678,1,12
-4.4678,1,12
-4.4678,1,12
3.5322,1,12
-2.4678,1,12
4.5322,1,12
4.5322,1,12
-4.4678,1,12
-3.4678,1,12
-4.4678,1,12
4.5322,1,12
-3.4678,0,12
3.5322,0,13
4.5322,1,13
-3.4678,1,13
4.5322,1,13
-2.4678,0,13
1.5322,1,13
-4.4678,1,13
2.5322,1,13
-4.4678,1,13
-4.4678,1,13
4.5322,0,13
3.5322,1,13
4.5322,1,13
3.5322,1,13
2.5322,1,13
-4.4678,1,13
4.5322,1,13
4.5322,1,13
-2.4678,1,13
4.5322,1,13
-4.4678,1,13
-4.4678,1,13
4.5322,1,13
4.5322,1,13
4.5322,1,13
3.5322,1,13
4.5322,1,13
3.5322,1,13
-2.4678,1,13
2.5322,1,13
4.5322,1,13
-2.4678,1,14
3.5322,1,14
4.5322,1,14
-3.4678,1,14
4.5322,1,14
-4.4678,0,14
-4.4678,1,14
4.5322,1,14
4.5322,1,14
4.5322,1,14
2.5322,1,14
-4.4678,0,14
4.5322,1,14
2.5322,1,14
3.5322,1,14
4.5322,1,14
4.5322,1,14
3.5322,1,14
-4.4678,0,14
-3.4678,1,14
2.5322,0,14
-4.4678,0,14
4.5322,1,14
-4.4678,0,14
2.5322,1,14
3.5322,1,14
2.5322,1,14
3.5322,1,14
2.5322,1,15
-4.4678,1,15
-2.4678,1,15
4.5322,1,15
-4.4678,0,15
-3.4678,1,15
4.5322,1,15
4.5322,1,15
2.5322,1,15
-3.4678,0,15
3.5322,0,15
4.5322,1,15
4.5322,1,15
-3.4678,1,15
4.5322,1,15
4.5322,1,15
3.5322,1,15
-4.4678,1,15
-3.4678,1,15
-4.4678,1,15
-4.4678,0,15
3.5322,0,15
-3.4678,1,15
-3.4678,0,15
-2.4678,1,15
4.5322,1,15
4.5322,1,15
-4.4678,0,15
-2.4678,1,15
-2.4678,0,15
2.5322,1,16
4.5322,1,16
-3.4678,1,16
4.5322,1,16
2.5322,1,16
4.5322,1,16
2.5322,1,16
-4.4678,0,16
2.5322,1,16
4.5322,1,16
2.5322,1,16
2.5322,1,16
-4.4678,1,16
4.5322,0,16
4.5322,1,16
-3.4678,0,16
3.5322,0,16
2.5322,1,16
2.5322,0,16
-4.4678,0,16
-3.4678,1,16
4.5322,0,16
4.5322,1,16
4.5322,0,16
-4.4678,0,16
3.5322,1,16
2.5322,1,16
2.5322,1,17
4.5322,0,17
3.5322,1,17
-4.4678,1,17
-2.4678,1,17
4.5322,1,17
0.53218,1,17
4.5322,1,17
4.5322,1,17
4.5322,1,17
4.5322,1,17
4.5322,1,17
3.5322,1,17
2.5322,1,17
-4.4678,0,17
-4.4678,0,17
2.5322,1,17
-4.4678,0,17
2.5322,1,17
-2.4678,1,17
-4.4678,1,17
4.5322,1,17
3.5322,1,17
-2.4678,0,17
4.5322,1,17
4.5322,1,17
-4.4678,0,17
-4.4678,1,17
-3.4678,1,18
4.5322,1,18
1.5322,1,18
-2.4678,0,18
-4.4678,1,18
-4.4678,1,18
-3.4678,1,18
-3.4678,1,18
4.5322,1,18
3.5322,1,18
-3.4678,1,18
-4.4678,1,18
3.5322,1,18
4.5322,1,18
-2.4678,1,18
4.5322,1,18
-0.46782,1,18
2.5322,1,18
-4.4678,0,18
-2.4678,1,18
2.5322,1,18
-3.4678,0,18
-4.4678,1,18
-4.4678,0,18
-4.4678,1,18
4.5322,1,18
1.5322,1,18
2.5322,1,18
-3.4678,1,18
-2.4678,1,19
-4.4678,1,19
-3.4678,1,19
-4.4678,1,19
2.5322,1,19
-0.46782,1,19
-4.4678,1,19
-4.4678,0,19
-4.4678,1,19
-4.4678,1,19
-2.4678,1,19
-2.4678,1,19
-4.4678,1,19
4.5322,1,19
3.5322,1,19
3.5322,1,19
-2.4678,1,19
-3.4678,1,19
-2.4678,1,19
-4.4678,1,19
-4.4678,1,19
-2.4678,1,19
4.5322,1,19
3.5322,1,19
-4.4678,1,19
4.5322,1,19
-3.4678,1,19
-4.4678,1,19
4.5322,1,20
4.5322,1,20
4.5322,1,20
-4.4678,1,20
-4.4678,1,20
4.5322,0,20
4.5322,1,20
4.5322,0,20
-4.4678,1,20
4.5322,1,20
3.5322,1,20
2.5322,1,20
3.5322,1,20
-2.4678,1,20
-4.4678,1,20
4.5322,1,20
4.5322,1,20
-4.4678,0,20
4.5322,1,20
4.5322,1,20
-2.4678,0,20
3.5322,1,20
4.5322,1,20
-2.4678,0,20
1.5322,0,20
4.5322,1,20
2.5322,1,20
3.5322,1,20
-0.46782,0,21
4.5322,0,21
2.5322,1,21
-4.4678,1,21
-3.4678,1,21
2.5322,0,21
4.5322,1,21
3.5322,1,21
4.5322,0,21
4.5322,1,21
3.5322,1,21
4.5322,1,21
-4.4678,1,21
4.5322,0,21
4.5322,1,21
3.5322,1,21
4.5322,1,21
3.5322,1,21
-4.4678,1,21
2.5322,1,21
4.5322,1,21
-2.4678,0,21
-4.4678,1,21
-4.4678,1,21
4.5322,1,21
-4.4678,0,21
4.5322,1,21
-2.4678,1,22
-4.4678,1,22
-4.4678,1,22
-4.4678,0,22
-1.4678,1,22
-3.4678,1,22
-4.4678,1,22
4.5322,1,22
2.5322,1,22
2.5322,1,22
4.5322,1,22
-4.4678,1,22
-4.4678,1,22
-4.4678,1,22
4.5322,1,22
-2.4678,0,22
-3.4678,1,22
-4.4678,1,22
2.5322,1,22
3.5322,1,22
4.5322,0,22
3.5322,1,22
3.5322,1,22
2.5322,1,22
4.5322,1,22
-4.4678,1,22
-4.4678,0,22
2.5322,1,22
4.5322,1,22
0.53218,1,22
4.5322,1,23
-4.4678,0,23
3.5322,1,23
4.5322,1,23
4.5322,1,23
4.5322,1,23
3.5322,1,23
-0.46782,1,23
4.5322,1,23
-2.4678,0,23
2.5322,1,23
-2.4678,1,23
-2.4678,1,23
-2.4678,1,23
-4.4678,1,23
2.5322,1,23
-2.4678,1,23
-2.4678,1,23
-4.4678,1,23
-0.46782,1,23
4.5322,1,23
2.5322,1,23
3.5322,1,23
-2.4678,1,23
2.5322,1,23
-2.4678,0,23
-4.4678,1,23
3.5322,0,23
-4.4678,0,24
2.5322,1,24
-2.4678,0,24
1.5322,1,24
-4.4678,0,24
-2.4678,0,24
4.5322,1,24
4.5322,0,24
4.5322,0,24
-4.4678,1,24
4.5322,1,24
-4.4678,1,24
-4.4678,1,24
2.5322,1,24
4.5322,1,24
3.5322,1,24
4.5322,1,24
-2.4678,1,24
-3.4678,1,24
-3.4678,1,24
-4.4678,1,24
2.5322,1,24
4.5322,1,24
4.5322,1,24
3.5322,0,24
4.5322,1,24
2.5322,1,24
2.5322,0,24
-2.4678,0,25
4.5322,1,25
3.5322,1,25
2.5322,1,25
4.5322,1,25
-4.4678,1,25
4.5322,1,25
2.5322,1,25
4.5322,1,25
3.5322,0,25
-4.4678,1,25
-4.4678,1,25
2.5322,1,25
4.5322,1,25
4.5322,1,25
4.5322,0,25
4.5322,1,25
4.5322,1,25
-4.4678,0,25
-4.4678,0,25
-4.4678,0,25
-4.4678,0,25
-4.4678,0,25
4.5322,1,25
4.5322,1,25
-3.4678,0,25
-2.4678,0,25
-4.4678,1,25
-2.4678,1,26
4.5322,1,26
2.5322,1,26
3.5322,1,26
4.5322,1,26
4.5322,1,26
4.5322,1,26
-3.4678,1,26
-0.46782,1,26
-2.4678,1,26
4.5322,1,26
-3.4678,1,26
-4.4678,1,26
-4.4678,1,26
4.5322,1,26
-4.4678,1,26
4.5322,1,26
3.5322,1,26
4.5322,1,26
2.5322,1,26
-4.4678,1,26
-3.4678,1,26
-3.4678,0,26
4.5322,1,26
4.5322,1,26
-2.4678,1,26
2.5322,1,27
4.5322,1,27
4.5322,1,27
4.5322,1,27
2.5322,1,27
2.5322,1,27
-3.4678,1,27
-2.4678,1,27
-2.4678,1,27
-4.4678,0,27
4.5322,1,27
3.5322,1,27
4.5322,1,27
4.5322,1,27
4.5322,1,27
-3.4678,0,27
-4.4678,1,27
-4.4678,0,27
-4.4678,1,27
-2.4678,1,27
-4.4678,0,27
4.5322,1,27
4.5322,1,27
4.5322,1,27
4.5322,1,27
4.5322,1,27
4.5322,1,27
-3.4678,1,27
-0.46782,1,27
-4.4678,1,27
4.5322,1,28
-4.4678,0,28
3.5322,0,28
3.5322,1,28
-3.4678,0,28
-4.4678,1,28
2.5322,1,28
4.5322,1,28
-4.4678,1,28
-3.4678,0,28
-4.4678,0,28
-4.4678,1,28
-4.4678,1,28
-4.4678,1,28
-4.4678,0,28
-1.4678,1,28
-4.4678,0,28
-3.4678,1,28
-4.4678,0,28
-4.4678,0,28
-3.4678,1,28
-3.4678,0,28
-3.4678,1,28
-4.4678,1,28
-3.4678,1,28
-4.4678,1,28
4.5322,1,28
4.5322,1,29
4.5322,1,29
4.5322,1,29
2.5322,1,29
1.5322,1,29
4.5322,1,29
4.5322,1,29
-4.4678,1,29
4.5322,1,29
-2.4678,0,29
4.5322,1,29
-4.4678,0,29
-3.4678,1,29
2.5322,1,29
3.5322,1,29
-3.4678,1,29
-3.4678,1,29
-3.4678,1,29
-4.4678,1,29
4.5322,1,29
4.5322,1,29
3.5322,1,29
2.5322,1,29
4.5322,1,29
-2.4678,1,29
2.5322,1,29
-4.4678,0,29
-2.4678,1,29
-4.4678,1,30
-2.4678,1,30
-4.4678,1,30
-3.4678,1,30
-3.4678,1,30
4.5322,1,30
-4.4678,1,30
4.5322,1,30
4.5322,1,30
-4.4678,1,30
4.5322,1,30
4.5322,1,30
2.5322,1,30
4.5322,1,30
-4.4678,1,30
2.5322,1,30
3.5322,1,30
-3.4678,1,30
3.5322,1,30
-3.4678,1,30
-4.4678,1,30
-1.4678,1,30
2.5322,1,30
-4.4678,1,30
4.5322,1,30
2.5322,1,30
2.5322,1,30
-4.4678,1,31
-3.4678,1,31
-4.4678,1,31
-2.4678,0,31
4.5322,1,31
3.5322,1,31
4.5322,1,31
2.5322,1,31
-4.4678,1,31
3.5322,0,31
-3.4678,0,31
4.5322,0,31
2.5322,0,31
3.5322,0,31
3.5322,0,31
3.5322,0,31
4.5322,0,31
-4.4678,1,31
4.5322,0,31
3.5322,1,31
3.5322,1,31
-4.4678,1,31
-4.4678,0,31
-4.4678,1,31
-3.4678,0,31
-4.4678,1,31
-4.4678,1,31
-3.4678,1,31
-3.4678,1,31
-4.4678,1,31
2.5322,0,31
4.5322,1,32
4.5322,1,32
2.5322,0,32
-3.4678,1,32
-3.4678,1,32
-3.4678,0,32
-4.4678,0,32
2.5322,1,32
4.5322,1,32
-4.4678,1,32
2.5322,1,32
3.5322,0,32
-2.4678,1,32
4.5322,1,32
-4.4678,0,32
4.5322,0,32
-4.4678,1,32
4.5322,0,32
-4.4678,1,32
4.5322,1,32
4.5322,0,32
-2.4678,0,32
4.5322,0,32
3.5322,0,32
-2.4678,1,32
3.5322,1,32
2.5322,0,32
0.53218,1,32
4.5322,0,32
-4.4678,1,33
-3.4678,0,33
4.5322,1,33
2.5322,1,33
2.5322,1,33
3.5322,0,33
-4.4678,0,33
4.5322,0,33
4.5322,0,33
3.5322,0,33
4.5322,1,33
-4.4678,1,33
-4.4678,0,33
-4.4678,1,33
-4.4678,1,33
-4.4678,0,33
2.5322,1,33
-4.4678,0,33
3.5322,1,33
2.5322,1,33
-4.4678,0,33
-4.4678,0,33
4.5322,1,33
4.5322,1,33
4.5322,0,33
2.5322,1,33
1.5322,0,33
-0.46782,1,33
3.5322,1,33
-4.4678,1,34
4.5322,1,34
4.5322,1,34
4.5322,1,34
-4.4678,0,34
-2.4678,1,34
-2.4678,0,34
-4.4678,0,34
-2.4678,1,34
4.5322,1,34
-4.4678,0,34
-2.4678,1,34
-1.4678,1,34
-2.4678,0,34
-4.4678,1,34
-4.4678,0,34
-4.4678,1,34
3.5322,1,34
4.5322,1,34
4.5322,1,34
1.5322,1,34
4.5322,1,34
3.5322,1,34
-4.4678,1,34
-3.4678,1,34
3.5322,1,34
-4.4678,1,34
-3.4678,0,34
-4.4678,1,34
-3.4678,1,34
2.5322,0,35
-1.4678,1,35
-4.4678,0,35
-4.4678,1,35
-2.4678,1,35
-1.4678,0,35
3.5322,0,35
2.5322,0,35
-2.4678,0,35
4.5322,0,35
4.5322,0,35
-2.4678,1,35
3.5322,1,35
4.5322,0,35
-2.4678,0,35
4.5322,1,35
-4.4678,1,35
-2.4678,0,35
-4.4678,0,35
3.5322,1,35
-3.4678,1,35
-2.4678,1,35
4.5322,1,35
-3.4678,1,35
3.5322,0,35
4.5322,0,35
4.5322,1,35
4.5322,1,35
-4.4678,1,35
4.5322,1,36
2.5322,1,36
3.5322,1,36
-4.4678,1,36
-4.4678,1,36
-4.4678,0,36
4.5322,1,36
4.5322,1,36
4.5322,1,36
3.5322,1,36
-2.4678,1,36
4.5322,1,36
-2.4678,1,36
-2.4678,1,36
-3.4678,1,36
2.5322,1,36
-2.4678,1,36
3.5322,1,36
-4.4678,1,36
2.5322,1,36
-4.4678,1,36
-2.4678,1,36
-3.4678,1,36
-2.4678,0,36
4.5322,1,36
3.5322,1,36
4.5322,1,37
4.5322,1,37
4.5322,1,37
-3.4678,0,37
-2.4678,1,37
-2.4678,1,37
4.5322,1,37
-4.4678,1,37
4.5322,0,37
4.5322,1,37
4.5322,1,37
3.5322,0,37
4.5322,1,37
-3.4678,1,37
3.5322,1,37
-2.4678,0,37
3.5322,0,37
-4.4678,0,37
-3.4678,0,37
-4.4678,1,37
-4.4678,0,37
-4.4678,0,37
2.5322,1,37
-3.4678,0,37
-3.4678,1,37
-4.4678,0,37
-2.4678,0,37
-4.4678,0,37
4.5322,1,38
4.5322,1,38
3.5322,0,38
-2.4678,0,38
2.5322,1,38
4.5322,0,38
-4.4678,1,38
-4.4678,1,38
2.5322,0,38
-2.4678,0,38
-2.4678,1,38
0.53218,0,38
3.5322,0,38
4.5322,0,38
4.5322,1,38
4.5322,1,38
0.53218,0,38
2.5322,0,38
-3.4678,1,38
-3.4678,1,38
-4.4678,1,38
-4.4678,1,38
2.5322,1,39
-4.4678,1,39
3.5322,1,39
4.5322,1,39
-1.4678,1,39
-4.4678,1,39
2.5322,1,39
-3.4678,1,39
3.5322,1,39
-4.4678,1,39
-4.4678,0,39
-4.4678,1,39
2.5322,1,39
-2.4678,1,39
-4.4678,0,39
-3.4678,0,39
2.5322,1,39
-4.4678,1,39
-2.4678,1,39
-4.4678,1,39
2.5322,1,39
-0.46782,1,39
-2.4678,1,39
-4.4678,1,39
4.5322,1,39
4.5322,1,39
-3.4678,1,39
-3.4678,1,39
-2.4678,1,39
-2.4678,1,39
2.5322,1,40
3.5322,1,40
-4.4678,0,40
4.5322,1,40
-2.4678,1,40
3.5322,1,40
-4.4678,0,40
-4.4678,0,40
-4.4678,0,40
-4.4678,0,40
4.5322,1,40
4.5322,1,40
4.5322,1,40
4.5322,1,40
4.5322,1,40
-3.4678,0,40
-4.4678,1,40
-4.4678,0,40
-3.4678,1,40
-2.4678,0,40
3.5322,1,40
3.5322,0,40
4.5322,1,40
4.5322,1,40
-4.4678,1,40
2.5322,1,40
2.5322,1,40
2.5322,1,41
-3.4678,1,41
-2.4678,1,41
4.5322,1,41
-4.4678,1,41
-3.4678,1,41
4.5322,1,41
3.5322,1,41
-4.4678,1,41
-3.4678,1,41
-2.4678,1,41
-4.4678,1,41
4.5322,1,41
-4.4678,1,41
4.5322,1,41
-3.4678,1,41
-3.4678,1,41
2.5322,1,41
-3.4678,0,41
4.5322,1,41
4.5322,1,41
4.5322,1,41
4.5322,1,41
-2.4678,1,41
-4.4678,1,41
3.5322,1,41
4.5322,1,42
-2.4678,1,42
2.5322,1,42
-2.4678,0,42
2.5322,1,42
2.5322,1,42
4.5322,1,42
-2.4678,1,42
3.5322,1,42
-4.4678,1,42
-2.4678,1,42
-4.4678,1,42
-4.4678,1,42
2.5322,1,42
-3.4678,1,42
-2.4678,1,42
-3.4678,1,42
-2.4678,1,42
2.5322,1,42
-4.4678,1,42
4.5322,1,42
2.5322,1,42
-1.4678,1,42
-3.4678,1,42
-3.4678,1,42
3.5322,1,42
4.5322,1,43
3.5322,1,43
-4.4678,0,43
-4.4678,0,43
3.5322,1,43
-3.4678,0,43
-4.4678,0,43
-2.4678,1,43
3.5322,1,43
-4.4678,1,43
4.5322,0,43
4.5322,1,43
-4.4678,0,43
-3.4678,0,43
-4.4678,0,43
-3.4678,0,43
-2.4678,1,43
4.5322,1,43
-4.4678,0,43
-4.4678,1,43
-4.4678,1,43
3.5322,1,43
4.5322,1,43
4.5322,1,43
2.5322,1,43
4.5322,1,43
-3.4678,1,43
4.5322,1,44
-3.4678,1,44
4.5322,1,44
4.5322,1,44
-2.4678,1,44
-3.4678,1,44
4.5322,1,44
3.5322,1,44
-2.4678,1,44
4.5322,1,44
2.5322,0,44
4.5322,1,44
-1.4678,1,44
-4.4678,0,44
4.5322,1,44
-2.4678,0,44
-2.4678,1,44
-4.4678,1,44
-4.4678,1,44
4.5322,1,44
4.5322,1,44
4.5322,1,44
4.5322,1,44
4.5322,1,44
-3.4678,1,44
4.5322,1,44
-2.4678,0,44
4.5322,1,44
3.5322,1,44
-3.4678,0,44
-3.4678,1,45
4.5322,1,45
-4.4678,1,45
-1.4678,1,45
-4.4678,0,45
4.5322,1,45
2.5322,0,45
-4.4678,0,45
4.5322,1,45
4.5322,0,45
4.5322,0,45
2.5322,0,45
4.5322,1,45
-4.4678,0,45
-4.4678,0,45
-4.4678,0,45
-4.4678,0,45
-2.4678,0,45
2.5322,1,45
-3.4678,0,45
4.5322,0,45
-2.4678,1,45
4.5322,1,45
2.5322,0,45
4.5322,1,45
3.5322,1,45
4.5322,1,45
3.5322,1,46
-3.4678,1,46
3.5322,0,46
4.5322,1,46
2.5322,1,46
-4.4678,1,46
2.5322,1,46
-4.4678,1,46
4.5322,1,46
-4.4678,0,46
-4.4678,1,46
-4.4678,1,46
-4.4678,1,46
-3.4678,0,46
-4.4678,0,46
4.5322,1,46
-4.4678,1,46
-3.4678,1,46
-2.4678,1,46
3.5322,1,46
4.5322,1,46
4.5322,1,46
4.5322,1,46
-3.4678,0,46
-4.4678,1,46
-2.4678,0,46
-4.4678,0,46
3.5322,1,46
-2.4678,1,47
-2.4678,1,47
-4.4678,1,47
-4.4678,1,47
-1.4678,1,47
-2.4678,1,47
-2.4678,1,47
-3.4678,0,47
-4.4678,1,47
-4.4678,1,47
4.5322,1,47
4.5322,1,47
2.5322,1,47
4.5322,1,47
-4.4678,1,47
-4.4678,1,47
3.5322,1,47
1.5322,1,47
3.5322,0,47
4.5322,1,47
3.5322,1,47
0.53218,1,47
-2.4678,1,47
4.5322,1,47
3.5322,1,47
-2.4678,1,47
-3.4678,1,47
3.5322,1,47
4.5322,1,47
-4.4678,1,47
0.53218,1,47
3.5322,1,48
2.5322,1,48
2.5322,1,48
-3.4678,0,48
3.5322,1,48
2.5322,1,48
4.5322,1,48
2.5322,0,48
3.5322,1,48
4.5322,1,48
-3.4678,1,48
-2.4678,0,48
-2.4678,0,48
4.5322,1,48
2.5322,1,48
-4.4678,1,48
2.5322,1,48
4.5322,1,48
4.5322,1,48
-3.4678,0,48
-4.4678,1,48
4.5322,1,48
2.5322,0,48
3.5322,1,48
-4.4678,1,48
2.5322,0,48
-2.4678,0,48
-3.4678,1,49
-4.4678,1,49
-4.4678,1,49
4.5322,1,49
-2.4678,1,49
4.5322,1,49
-4.4678,1,49
-4.4678,1,49
3.5322,1,49
4.5322,1,49
-3.4678,1,49
-3.4678,0,49
4.5322,1,49
-3.4678,1,49
-4.4678,0,49
3.5322,1,49
-4.4678,1,49
-3.4678,1,49
4.5322,1,49
4.5322,1,49
2.5322,1,49
3.5322,1,49
-3.4678,0,49
4.5322,1,49
3.5322,1,49
3.5322,1,49
3.5322,1,50
-4.4678,1,50
-3.4678,1,50
-4.4678,1,50
-3.4678,1,50
-3.4678,1,50
-4.4678,1,50
-3.4678,1,50
-4.4678,1,50
-2.4678,1,50
-3.4678,1,50
-3.4678,1,50
4.5322,1,50
2.5322,1,50
4.5322,1,50
1.5322,1,50
2.5322,1,50
3.5322,1,50
4.5322,1,50
4.5322,1,50
2.5322,1,50
4.5322,1,50
1.5322,1,50
2.5322,1,50
-2.4678,1,50
3.5322,1,50
-4.4678,1,50
4.5322,1,50
3.5322,1,51
2.5322,1,51
-3.4678,0,51
-3.4678,1,51
4.5322,1,51
4.5322,1,51
4.5322,1,51
4.5322,1,51
4.5322,1,51
-2.4678,1,51
-3.4678,0,51
-4.4678,1,51
-4.4678,1,51
-2.4678,1,51
2.5322,1,51
3.5322,1,51
4.5322,1,51
4.5322,1,51
2.5322,1,51
-4.4678,1,51
-4.4678,1,51
-2.4678,0,51
3.5322,1,51
-2.4678,0,51
-1.4678,1,51
4.5322,1,51
3.5322,1,51
-2.4678,1,51
-4.4678,1,51
-4.4678,1,52
-4.4678,1,52
3.5322,1,52
4.5322,1,52
2.5322,1,52
4.5322,1,52
-2.4678,1,52
-4.4678,1,52
4.5322,1,52
-2.4678,1,52
-3.4678,1,52
-3.4678,1,52
-3.4678,1,52
3.5322,1,52
4.5322,1,52
-3.4678,1,52
4.5322,1,52
-3.4678,0,52
3.5322,1,52
-3.4678,1,52
4.5322,0,52
-2.4678,1,52
2.5322,1,52
-2.4678,1,52
-4.4678,1,52
4.5322,1,52
-4.4678,1,53
-4.4678,0,53
-4.4678,0,53
4.5322,0,53
1.5322,1,53
3.5322,0,53
2.5322,0,53
2.5322,0,53
-2.4678,0,53
4.5322,0,53
-4.4678,1,53
4.5322,0,53
4.5322,1,53
4.5322,1,53
4.5322,1,53
2.5322,0,53
-2.4678,1,53
2.5322,0,53
-4.4678,1,53
-4.4678,1,53
-3.4678,1,53
-4.4678,0,53
-4.4678,1,53
4.5322,1,53
-4.4678,1,53
-4.4678,1,53
-3.4678,1,53
-2.4678,0,53
-4.4678,0,53
4.5322,0,53
4.5322,0,54
-2.4678,1,54
3.5322,1,54
2.5322,1,54
4.5322,1,54
4.5322,1,54
3.5322,1,54
4.5322,1,54
3.5322,1,54
-4.4678,1,54
-4.4678,1,54
2.5322,1,54
4.5322,1,54
3.5322,1,54
3.5322,1,54
4.5322,1,54
3.5322,1,54
4.5322,1,54
4.5322,1,54
-4.4678,0,54
-4.4678,1,54
-4.4678,0,54
3.5322,1,54
-4.4678,1,54
4.5322,1,54
-2.4678,1,54
2.5322,1,54
-0.46782,0,54
-2.4678,0,54
-4.4678,1,54
-2.4678,1,55
4.5322,1,55
4.5322,1,55
3.5322,1,55
4.5322,1,55
-3.4678,1,55
4.5322,1,55
-4.4678,0,55
-4.4678,0,55
3.5322,1,55
2.5322,0,55
3.5322,1,55
3.5322,1,55
3.5322,1,55
4.5322,1,55
3.5322,1,55
4.5322,1,55
4.5322,1,55
-3.4678,1,55
3.5322,1,55
4.5322,1,55
2.5322,1,55
-4.4678,1,55
1.5322,0,56
2.5322,0,56
4.5322,1,56
4.5322,1,56
-4.4678,0,56
3.5322,1,56
3.5322,1,56
3.5322,1,56
-2.4678,0,56
-4.4678,0,56
-4.4678,0,56
-3.4678,1,56
-3.4678,0,56
-2.4678,1,56
-4.4678,1,56
-3.4678,1,56
-4.4678,0,56
-1.4678,1,56
-3.4678,0,56
-3.4678,1,56
4.5322,0,56
3.5322,1,56
3.5322,0,56
-4.4678,1,56
-4.4678,1,56
2.5322,0,56
-4.4678,1,56
-3.4678,1,56
2.5322,1,58
3.5322,1,58
2.5322,1,58
4.5322,1,58
4.5322,1,58
3.5322,1,58
2.5322,1,58
4.5322,1,58
-4.4678,0,58
2.5322,1,58
4.5322,1,58
-2.4678,0,58
-4.4678,0,58
-0.46782,0,58
-3.4678,1,58
-3.4678,0,58
-4.4678,1,58
-4.4678,1,58
4.5322,1,58
4.5322,1,58
4.5322,1,58
4.5322,1,58
4.5322,1,58
2.5322,1,58
-3.4678,0,58
2.5322,1,58
-3.4678,1,58
3.5322,1,58
-4.4678,1,59
-4.4678,1,59
2.5322,0,59
-3.4678,1,59
4.5322,1,59
4.5322,1,59
4.5322,1,59
4.5322,0,59
4.5322,1,59
2.5322,1,59
-4.4678,1,59
-3.4678,1,59
-4.4678,1,59
-2.4678,1,59
-4.4678,1,59
-2.4678,1,59
4.5322,1,59
2.5322,1,59
-2.4678,0,59
-4.4678,1,59
-2.4678,1,59
-4.4678,1,59
-4.4678,1,59
-4.4678,0,59
3.5322,1,59
-3.4678,1,59
-4.4678,0,59
4.5322,1,59
2.5322,0,60
-2.4678,1,60
4.5322,1,60
-4.4678,1,60
-2.4678,1,60
3.5322,1,60
4.5322,1,60
-2.4678,1,60
-2.4678,0,60
2.5322,1,60
4.5322,1,60
-4.4678,1,60
3.5322,1,60
-4.4678,0,60
-4.4678,0,60
-4.4678,0,60
-3.4678,0,60
-4.4678,1,60
-0.46782,1,60
-4.4678,1,60
-4.4678,1,60
-4.4678,0,60
-4.4678,1,60
3.5322,1,60
4.5322,1,60
2.5322,1,60
2.5322,1,60
-1.4678,1,60
2.5322,1,61
4.5322,1,61
2.5322,1,61
-4.4678,1,61
-1.4678,1,61
-4.4678,1,61
-3.4678,1,61
-2.4678,1,61
-3.4678,0,61
-2.4678,1,61
3.5322,1,61
-4.4678,1,61
3.5322,0,61
-2.4678,1,61
-4.4678,1,61
-2.4678,0,61
3.5322,0,61
-4.4678,0,61
4.5322,0,61
4.5322,1,61
-4.4678,1,61
-4.4678,1,61
3.5322,1,61
-0.46782,1,61
2.5322,1,61
4.5322,1,61
-4.4678,1,61
-4.4678,1,61
4.5322,1,62
-4.4678,0,62
4.5322,1,62
3.5322,1,62
-3.4678,1,62
-4.4678,1,62
-4.4678,1,62
4.5322,0,62
3.5322,1,62
4.5322,1,62
3.5322,1,62
-3.4678,1,62
-3.4678,1,62
3.5322,1,62
4.5322,1,62
4.5322,1,62
-4.4678,1,62
-3.4678,0,62
3.5322,1,62
-4.4678,1,62
-4.4678,1,62
-4.4678,1,62
-4.4678,1,62
2.5322,0,62
-2.4678,0,62
1.5322,0,62
4.5322,1,62
-4.4678,1,63
2.5322,1,63
2.5322,1,63
2.5322,1,63
2.5322,1,63
4.5322,1,63
4.5322,1,63
-4.4678,1,63
-4.4678,1,63
-4.4678,1,63
-3.4678,1,63
-4.4678,0,63
-2.4678,1,63
-3.4678,1,63
2.5322,1,63
4.5322,1,63
2.5322,1,63
-4.4678,1,63
-4.4678,1,63
2.5322,1,63
4.5322,0,63
-4.4678,1,63
-4.4678,1,63
4.5322,0,63
4.5322,1,63
3.5322,1,63
-4.4678,1,64
3.5322,1,64
3.5322,1,64
-1.4678,1,64
-4.4678,1,64
-4.4678,0,64
4.5322,1,64
-4.4678,1,64
2.5322,1,64
4.5322,1,64
-2.4678,1,64
4.5322,1,64
3.5322,1,64
3.5322,1,64
2.5322,1,64
-4.4678,0,64
-4.4678,1,64
-4.4678,1,64
-4.4678,1,64
4.5322,1,64
4.5322,1,64
3.5322,1,64
-2.4678,1,64
-2.4678,0,64
4.5322,0,64
-4.4678,0,64
2.5322,1,64
4.5322,1,65
4.5322,1,65
2.5322,1,65
2.5322,1,65
4.5322,1,65
-2.4678,1,65
-4.4678,0,65
4.5322,1,65
4.5322,1,65
4.5322,0,65
-3.4678,1,65
-4.4678,1,65
-2.4678,1,65
-3.4678,1,65
4.5322,1,65
3.5322,1,65
4.5322,1,65
4.5322,1,65
-4.4678,1,65
-2.4678,1,65
4.5322,0,65
-4.4678,1,65
-4.4678,1,65
4.5322,1,65
-4.4678,0,65
4.5322,1,65
-3.4678,1,66
4.5322,1,66
2.5322,1,66
-4.4678,1,66
-4.4678,1,66
-2.4678,1,66
2.5322,1,66
-4.4678,1,66
4.5322,1,66
-1.4678,1,66
-2.4678,1,66
-4.4678,1,66
3.5322,1,66
-2.4678,0,66
-4.4678,1,66
-4.4678,0,66
-4.4678,0,66
-2.4678,1,66
-4.4678,1,66
-4.4678,1,66
-3.4678,1,66
4.5322,1,66
4.5322,1,66
2.5322,1,66
-4.4678,1,66
-3.4678,1,66
-4.4678,0,66
3.5322,1,67
-3.4678,1,67
2.5322,1,67
-4.4678,1,67
3.5322,1,67
4.5322,1,67
-4.4678,1,67
-4.4678,1,67
-4.4678,1,67
-4.4678,1,67
-1.4678,1,67
-4.4678,0,67
-3.4678,1,67
4.5322,1,67
4.5322,1,67
-4.4678,0,67
2.5322,1,67
-4.4678,0,67
-4.4678,0,67
-4.4678,0,67
-4.4678,1,67
-2.4678,1,67
4.5322,1,67
4.5322,0,67
4.5322,1,67
-4.4678,0,67
-4.4678,1,68
-4.4678,1,68
-4.4678,1,68
-4.4678,1,68
-4.4678,1,68
2.5322,1,68
4.5322,1,68
3.5322,1,68
-4.4678,0,68
-2.4678,1,68
-4.4678,1,68
-4.4678,1,68
-3.4678,1,68
4.5322,1,68
-4.4678,1,68
-4.4678,1,68
-3.4678,1,68
-4.4678,1,68
-4.4678,1,68
4.5322,1,68
-2.4678,1,68
4.5322,1,68
-2.4678,1,68
2.5322,1,68
-4.4678,0,68
4.5322,1,68
4.5322,1,68
3.5322,1,68
2.5322,1,69
3.5322,1,69
-4.4678,1,69
-2.4678,1,69
-3.4678,1,69
-3.4678,1,69
-4.4678,1,69
2.5322,1,69
-4.4678,1,69
-2.4678,1,69
-2.4678,1,69
4.5322,1,69
4.5322,1,69
-4.4678,1,69
2.5322,1,69
4.5322,1,69
2.5322,1,69
-4.4678,1,69
-4.4678,1,69
4.5322,1,69
-3.4678,1,69
4.5322,1,69
-4.4678,1,69
-4.4678,1,69
-2.4678,1,69
4.5322,1,69
3.5322,1,69
-4.4678,1,70
-4.4678,1,70
-2.4678,0,70
-0.46782,1,70
-1.4678,0,70
3.5322,1,70
3.5322,1,70
3.5322,1,70
2.5322,1,70
-4.4678,1,70
3.5322,1,70
4.5322,1,70
-2.4678,1,70
2.5322,1,70
4.5322,1,70
-4.4678,1,70
-4.4678,1,70
-4.4678,0,70
-4.4678,1,70
-2.4678,1,70
-4.4678,0,70
-4.4678,0,70
3.5322,1,70
4.5322,1,70
-3.4678,1,70
3.5322,1,70
-2.4678,1,70
-0.46782,1,70
2.5322,1,70
4.5322,1,70
-3.4678,1,71
-3.4678,0,71
-4.4678,1,71
-4.4678,0,71
2.5322,1,71
-3.4678,1,71
-2.4678,1,71
-4.4678,0,71
-4.4678,0,71
-3.4678,1,71
-4.4678,1,71
2.5322,1,71
4.5322,1,71
2.5322,1,71
4.5322,1,71
4.5322,0,71
3.5322,1,71
3.5322,1,71
4.5322,1,71
-3.4678,1,71
-4.4678,0,71
2.5322,1,71
4.5322,1,71
2.5322,1,71
3.5322,1,71
-2.4678,0,71
4.5322,1,71
-4.4678,1,72
3.5322,1,72
4.5322,1,72
4.5322,1,72
-4.4678,1,72
-2.4678,1,72
-4.4678,1,72
-3.4678,1,72
-3.4678,0,72
-2.4678,1,72
4.5322,0,72
-4.4678,1,72
4.5322,1,72
-4.4678,0,72
-3.4678,1,72
-4.4678,1,72
4.5322,1,72
4.5322,1,72
-4.4678,1,72
-2.4678,1,72
2.5322,1,72
0.53218,1,72
-4.4678,0,72
2.5322,1,72
3.5322,1,72
-2.4678,1,72
-3.4678,1,72
2.5322,1,73
-3.4678,0,73
-2.4678,1,73
-3.4678,1,73
-4.4678,0,73
-4.4678,1,73
3.5322,1,73
3.5322,1,73
2.5322,1,73
-4.4678,1,73
4.5322,1,73
4.5322,1,73
-4.4678,1,73
3.5322,1,73
-2.4678,1,73
4.5322,1,73
2.5322,1,73
4.5322,1,73
4.5322,1,73
0.53218,1,73
-4.4678,0,73
2.5322,1,73
-3.4678,1,73
-4.4678,1,73
-2.4678,0,73
-4.4678,1,73
4.5322,1,73
4.5322,1,73
0.53218,1,73
4.5322,1,74
4.5322,1,74
4.5322,1,74
2.5322,1,74
-4.4678,1,74
-2.4678,1,74
4.5322,1,74
-4.4678,1,74
-3.4678,1,74
4.5322,1,74
4.5322,1,74
3.5322,1,74
2.5322,1,74
4.5322,1,74
4.5322,1,74
-2.4678,1,74
3.5322,1,74
2.5322,1,74
4.5322,1,74
4.5322,1,74
-4.4678,0,74
4.5322,1,74
4.5322,1,74
4.5322,1,74
4.5322,1,74
4.5322,1,74
3.5322,1,74
-3.4678,1,75
-4.4678,1,75
-4.4678,1,75
2.5322,1,75
2.5322,1,75
-4.4678,1,75
-3.4678,1,75
4.5322,1,75
-4.4678,1,75
1.5322,1,75
3.5322,0,75
4.5322,0,75
4.5322,1,75
2.5322,1,75
-2.4678,1,75
-4.4678,1,75
-4.4678,1,75
4.5322,1,75
-3.4678,0,75
-2.4678,1,75
4.5322,1,75
0.53218,1,75
3.5322,1,75
3.5322,1,75
0.53218,1,75
-4.4678,1,75
-4.4678,1,75
4.5322,0,75
-3.4678,1,75
-4.4678,1,75
4.5322,0,76
3.5322,1,76
-2.4678,1,76
4.5322,1,76
4.5322,1,76
4.5322,0,76
2.5322,1,76
-2.4678,1,76
2.5322,1,76
4.5322,0,76
4.5322,0,76
4.5322,1,76
-4.4678,1,76
-3.4678,0,76
-3.4678,1,76
-4.4678,1,76
3.5322,0,76
-2.4678,1,76
-4.4678,1,76
4.5322,1,76
2.5322,1,76
4.5322,1,76
4.5322,1,76
3.5322,0,76
3.5322,0,76
4.5322,0,76
4.5322,0,76
3.5322,0,76
-3.4678,0,76
3.5322,1,77
3.5322,1,77
4.5322,1,77
4.5322,1,77
-2.4678,1,77
3.5322,1,77
4.5322,1,77
-3.4678,1,77
-4.4678,1,77
4.5322,1,77
-2.4678,0,77
4.5322,1,77
4.5322,1,77
-4.4678,1,77
-3.4678,1,77
-4.4678,1,77
-3.4678,0,77
3.5322,1,77
4.5322,1,77
-4.4678,1,77
-2.4678,1,77
2.5322,1,77
-4.4678,1,77
-3.4678,1,77
4.5322,1,77
2.5322,1,77
4.5322,1,77
3.5322,1,78
-3.4678,1,78
3.5322,1,78
-4.4678,1,78
-4.4678,1,78
4.5322,1,78
4.5322,1,78
-4.4678,1,78
-4.4678,1,78
2.5322,1,78
2.5322,1,78
3.5322,1,78
-2.4678,1,78
4.5322,1,78
3.5322,1,78
-4.4678,1,78
2.5322,1,78
4.5322,1,78
4.5322,1,78
3.5322,1,78
2.5322,1,78
-3.4678,1,78
-4.4678,1,78
-4.4678,1,78
-4.4678,0,78
-4.4678,1,78
4.5322,0,79
-2.4678,1,79
-2.4678,1,79
-0.46782,1,79
-4.4678,0,79
-2.4678,1,79
-2.4678,1,79
-4.4678,1,79
0.53218,0,79
3.5322,1,79
2.5322,1,79
-4.4678,1,79
-4.4678,0,79
1.5322,1,79
3.5322,1,79
-2.4678,0,79
4.5322,1,79
4.5322,1,79
3.5322,1,79
3.5322,1,79
-3.4678,0,79
-4.4678,1,79
4.5322,0,79
3.5322,1,79
4.5322,1,79
-3.4678,0,79
-4.4678,0,79
-4.4678,0,79
4.5322,1,79
1.5322,1,79
3.5322,1,79
3.5322,1,80
2.5322,1,80
-4.4678,1,80
-4.4678,1,80
-4.4678,0,80
2.5322,1,80
-4.4678,0,80
-3.4678,1,80
-4.4678,1,80
4.5322,1,80
-3.4678,1,80
2.5322,0,80
-4.4678,0,80
-4.4678,1,80
-4.4678,1,80
-2.4678,1,80
-3.4678,1,80
-4.4678,1,80
4.5322,1,80
-4.4678,1,80
-4.4678,1,80
3.5322,1,80
3.5322,1,80
3.5322,1,80
4.5322,1,80
-3.4678,0,80
-1.4678,1,80
-3.4678,1,80
2.5322,1,80
-1.4678,1,81
-4.4678,1,81
-2.4678,1,81
-4.4678,0,81
-4.4678,1,81
4.5322,1,81
-2.4678,1,81
-4.4678,0,81
4.5322,0,81
-4.4678,1,81
-4.4678,1,81
-4.4678,1,81
-2.4678,0,81
-4.4678,1,81
-4.4678,1,81
-3.4678,1,81
-2.4678,1,81
2.5322,1,81
-2.4678,0,81
-2.4678,1,81
3.5322,0,81
-2.4678,1,81
-4.4678,1,81
2.5322,0,81
4.5322,0,81
-4.4678,0,81
-4.4678,1,81
3.5322,1,81
4.5322,1,81
-2.4678,0,82
-4.4678,0,82
4.5322,1,82
4.5322,1,82
4.5322,1,82
-2.4678,0,82
3.5322,1,82
4.5322,1,82
3.5322,1,82
2.5322,1,82
-3.4678,0,82
-4.4678,0,82
4.5322,1,82
-4.4678,1,82
-2.4678,0,82
4.5322,1,82
4.5322,1,82
-4.4678,0,82
-4.4678,0,82
-4.4678,1,82
4.5322,1,82
4.5322,0,82
4.5322,1,82
2.5322,1,82
4.5322,1,82
3.5322,1,82
4.5322,0,82
-4.4678,0,82
-3.4678,1,83
4.5322,1,83
4.5322,1,83
2.5322,0,83
-4.4678,0,83
-4.4678,0,83
-4.4678,0,83
-4.4678,1,83
-4.4678,1,83
-0.46782,0,83
-4.4678,0,83
-3.4678,1,83
-2.4678,1,83
-3.4678,1,83
-4.4678,1,83
-4.4678,1,83
-3.4678,1,83
3.5322,1,83
3.5322,1,83
4.5322,1,83
-2.4678,1,83
-2.4678,1,83
-2.4678,1,83
-2.4678,1,83
3.5322,1,83
-4.4678,1,83
3.5322,1,83
3.5322,1,83
-4.4678,1,84
4.5322,1,84
-2.4678,0,84
-3.4678,1,84
-4.4678,1,84
4.5322,1,84
-3.4678,0,84
-2.4678,1,84
4.5322,1,84
2.5322,1,84
3.5322,1,84
-4.4678,0,84
-4.4678,0,84
-2.4678,1,84
-3.4678,1,84
-2.4678,0,84
-4.4678,0,84
-4.4678,0,84
-2.4678,0,84
2.5322,1,84
4.5322,1,84
4.5322,0,84
-3.4678,0,84
3.5322,1,84
4.5322,1,84
-3.4678,1,84
-4.4678,0,84
-2.4678,1,84
4.5322,0,84
0.53218,0,85
-4.4678,1,85
-4.4678,0,85
2.5322,1,85
4.5322,1,85
-4.4678,0,85
4.5322,1,85
4.5322,1,85
-4.4678,0,85
-4.4678,0,85
3.5322,1,85
4.5322,1,85
4.5322,1,85
4.5322,0,85
3.5322,1,85
-4.4678,0,85
4.5322,1,85
4.5322,1,85
4.5322,1,85
-2.4678,1,85
-4.4678,1,85
-4.4678,1,85
-2.4678,1,85
3.5322,1,85
3.5322,1,85
4.5322,1,85
-3.4678,0,85
4.5322,1,86
-4.4678,1,86
-2.4678,1,86
3.5322,1,86
-2.4678,1,86
-4.4678,1,86
3.5322,1,86
-4.4678,1,86
2.5322,1,86
4.5322,1,86
2.5322,1,86
4.5322,1,86
2.5322,1,86
-4.4678,1,86
-4.4678,1,86
-4.4678,1,86
-4.4678,0,86
-3.4678,1,86
3.5322,1,86
-4.4678,1,86
-2.4678,1,86
-4.4678,1,86
3.5322,1,86
4.5322,1,86
2.5322,1,86
4.5322,1,86
0.53218,1,86
3.5322,1,86
4.5322,0,86
2.5322,1,86
4.5322,1,87
-2.4678,0,87
-3.4678,0,87
-4.4678,0,87
3.5322,1,87
4.5322,1,87
4.5322,1,87
-2.4678,1,87
-4.4678,1,87
-4.4678,0,87
4.5322,1,87
3.5322,1,87
4.5322,1,87
2.5322,1,87
-3.4678,0,87
-4.4678,1,87
2.5322,1,87
-4.4678,0,87
-0.46782,1,87
3.5322,1,87
-3.4678,1,87
-2.4678,1,87
2.5322,1,87
4.5322,1,87
-2.4678,0,87
-4.4678,1,87
-3.4678,0,87
4.5322,1,88
3.5322,1,88
-3.4678,1,88
-4.4678,1,88
4.5322,1,88
4.5322,1,88
-2.4678,1,88
-4.4678,1,88
-2.4678,1,88
-4.4678,0,88
-3.4678,0,88
-2.4678,1,88
4.5322,1,88
-4.4678,0,88
-4.4678,1,88
-2.4678,1,88
4.5322,1,88
3.5322,1,88
4.5322,1,88
4.5322,1,88
4.5322,1,88
-4.4678,1,88
-4.4678,0,88
-2.4678,1,88
-2.4678,1,88
-2.4678,0,88
2.5322,1,88
1.5322,1,88
-2.4678,1,88
2.5322,0,89
2.5322,1,89
-4.4678,0,89
3.5322,1,89
-4.4678,1,89
-2.4678,1,89
-4.4678,0,89
-4.4678,1,89
-4.4678,0,89
-4.4678,0,89
-4.4678,0,89
4.5322,1,89
4.5322,0,89
-4.4678,1,89
-4.4678,0,89
4.5322,0,89
-3.4678,0,89
-4.4678,1,89
-3.4678,1,89
4.5322,1,89
3.5322,1,89
4.5322,1,89
-3.4678,1,89
2.5322,1,89
-4.4678,1,89
4.5322,1,89
-2.4678,1,90
4.5322,1,90
4.5322,1,90
3.5322,1,90
4.5322,1,90
4.5322,1,90
2.5322,1,90
2.5322,1,90
3.5322,1,90
-4.4678,1,90
2.5322,1,90
-3.4678,1,90
-4.4678,1,90
-4.4678,0,90
-2.4678,0,90
1.5322,0,90
2.5322,1,90
3.5322,1,90
-3.4678,0,90
3.5322,1,90
4.5322,1,90
4.5322,0,90
4.5322,1,90
4.5322,1,90
3.5322,1,90
4.5322,1,90
3.5322,1,90
4.5322,1,90
2.5322,1,91
3.5322,1,91
3.5322,1,91
4.5322,1,91
-4.4678,1,91
-4.4678,1,91
4.5322,1,91
2.5322,1,91
-4.4678,1,91
-2.4678,1,91
-4.4678,1,91
4.5322,0,91
3.5322,1,91
4.5322,1,91
4.5322,0,91
4.5322,0,91
4.5322,1,91
4.5322,1,91
4.5322,1,91
-2.4678,1,91
4.5322,1,91
4.5322,1,91
4.5322,1,91
2.5322,1,91
-4.4678,1,91
-4.4678,1,91
-3.4678,1,91
4.5322,1,91
4.5322,1,91
-2.4678,0,92
2.5322,1,92
-1.4678,1,92
-4.4678,0,92
-4.4678,0,92
2.5322,1,92
4.5322,1,92
3.5322,1,92
-0.46782,1,92
3.5322,1,92
-2.4678,1,92
3.5322,1,92
-4.4678,1,92
3.5322,1,92
-2.4678,1,92
-4.4678,0,92
4.5322,1,92
-2.4678,1,92
4.5322,1,92
4.5322,1,92
-4.4678,0,92
-4.4678,0,92
-4.4678,1,92
-3.4678,1,92
-4.4678,1,92
-3.4678,1,92
4.5322,1,92
-2.4678,1,92
2.5322,0,93
4.5322,1,93
-4.4678,1,93
-3.4678,1,93
-4.4678,1,93
-4.4678,1,93
4.5322,1,93
4.5322,1,93
3.5322,1,93
-4.4678,1,93
-2.4678,1,93
-4.4678,1,93
-4.4678,0,93
-2.4678,1,93
-3.4678,1,93
-4.4678,1,93
-4.4678,1,93
-4.4678,1,93
-4.4678,0,93
-3.4678,1,93
-4.4678,0,93
2.5322,0,93
-3.4678,1,93
-3.4678,0,93
-3.4678,1,93
4.5322,1,93
4.5322,1,93
0.53218,0,93
2.5322,1,93
3.5322,1,93
-4.4678,0,94
4.5322,0,94
3.5322,0,94
4.5322,0,94
4.5322,0,94
-2.4678,1,94
4.5322,0,94
-4.4678,1,94
-4.4678,0,94
-2.4678,1,94
4.5322,1,94
4.5322,0,94
-3.4678,1,94
-4.4678,1,94
-2.4678,1,94
2.5322,0,94
-4.4678,1,94
-3.4678,0,94
-4.4678,1,94
-4.4678,1,94
-4.4678,1,94
-2.4678,1,94
-0.46782,0,94
3.5322,0,94
-4.4678,1,94
-3.4678,0,94
-4.4678,1,94
-3.4678,1,94
4.5322,0,95
4.5322,1,95
4.5322,1,95
4.5322,1,95
-4.4678,1,95
-3.4678,1,95
-2.4678,1,95
-4.4678,1,95
4.5322,1,95
2.5322,1,95
3.5322,0,95
4.5322,1,95
3.5322,1,95
4.5322,1,95
3.5322,0,95
4.5322,1,95
2.5322,1,95
-3.4678,0,95
2.5322,1,95
4.5322,0,95
4.5322,1,95
-4.4678,0,95
-2.4678,0,95
-4.4678,0,95
4.5322,1,95
2.5322,1,95
-2.4678,1,96
3.5322,1,96
4.5322,1,96
-3.4678,0,96
-2.4678,0,96
4.5322,1,96
-2.4678,1,96
4.5322,1,96
-4.4678,1,96
-3.4678,0,96
-4.4678,1,96
-4.4678,1,96
-2.4678,1,96
-4.4678,1,96
3.5322,1,96
4.5322,1,96
4.5322,1,96
4.5322,1,96
4.5322,1,96
-2.4678,0,96
4.5322,1,96
3.5322,1,96
4.5322,1,96
4.5322,1,96
4.5322,0,96
-0.46782,1,96
3.5322,1,96
-4.4678,1,97
4.5322,0,97
4.5322,0,97
3.5322,0,97
-4.4678,1,97
-3.4678,1,97
-2.4678,1,97
-4.4678,1,97
-4.4678,1,97
-4.4678,0,97
-2.4678,0,97
-4.4678,1,97
-3.4678,1,97
4.5322,1,97
4.5322,0,97
4.5322,0,97
4.5322,0,97
3.5322,1,97
3.5322,0,97
-4.4678,0,97
-4.4678,1,97
3.5322,0,97
-2.4678,0,97
3.5322,1,97
4.5322,1,97
-2.4678,1,97
2.5322,0,97
-4.4678,0,99
4.5322,1,99
4.5322,1,99
4.5322,1,99
-4.4678,0,99
-3.4678,0,99
4.5322,1,99
4.5322,1,99
-4.4678,0,99
-4.4678,0,99
2.5322,1,99
-3.4678,1,99
-4.4678,1,99
-2.4678,1,99
-4.4678,1,99
-3.4678,1,99
-4.4678,0,99
-3.4678,1,99
-2.4678,1,99
-4.4678,0,99
-4.4678,0,99
-3.4678,1,99
-3.4678,0,99
-4.4678,0,99
-2.4678,1,99
3.5322,1,99
3.5322,1,99
4.5322,1,100
4.5322,0,100
4.5322,1,100
-3.4678,0,100
-4.4678,0,100
-3.4678,0,100
-4.4678,0,100
-4.4678,0,100
-4.4678,0,100
4.5322,0,100
-2.4678,0,100
4.5322,1,100
3.5322,1,100
-1.4678,1,100
-3.4678,0,100
-3.4678,0,100
-4.4678,1,100
3.5322,1,100
3.5322,1,100
-4.4678,0,100
3.5322,1,100
4.5322,0,100
2.5322,1,100
-0.46782,1,100
4.5322,1,100
4.5322,1,100
4.5322,1,100
-3.4678,0,100
3.5322,1,100
4.5322,1,101
1.5322,1,101
4.5322,1,101
-3.4678,1,101
4.5322,1,101
-2.4678,1,101
-3.4678,1,101
2.5322,1,101
2.5322,1,101
-3.4678,1,101
4.5322,1,101
-4.4678,1,101
-4.4678,1,101
-4.4678,1,101
-4.4678,1,101
4.5322,1,101
-3.4678,1,101
-4.4678,1,101
2.5322,1,101
2.5322,1,101
-4.4678,0,101
2.5322,1,101
4.5322,1,101
4.5322,1,101
3.5322,1,101
4.5322,1,101
4.5322,1,101
-4.4678,1,101
-4.4678,1,101
1.5322,1,101
4.5322,1,101
-2.4678,1,103
4.5322,1,103
-2.4678,1,103
-3.4678,1,103
-3.4678,1,103
-4.4678,1,103
-4.4678,1,103
3.5322,1,103
-3.4678,1,103
-4.4678,1,103
-3.4678,1,103
-4.4678,1,103
4.5322,1,103
-2.4678,1,103
4.5322,1,103
4.5322,1,103
-3.4678,1,103
-4.4678,0,103
-3.4678,1,103
-3.4678,1,103
3.5322,1,103
2.5322,1,103
2.5322,1,103
-2.4678,0,103
-4.4678,1,103
-3.4678,1,103
-4.4678,1,103
-3.4678,0,103
3.5322,1,104
2.5322,0,104
4.5322,0,104
-2.4678,0,104
4.5322,1,104
-3.4678,1,104
-4.4678,1,104
4.5322,1,104
4.5322,1,104
4.5322,0,104
4.5322,1,104
4.5322,1,104
-3.4678,1,104
-4.4678,0,104
-4.4678,0,104
-2.4678,0,104
4.5322,0,104
2.5322,1,104
-3.4678,1,104
4.5322,1,104
4.5322,1,104
4.5322,1,104
4.5322,1,104
4.5322,1,104
4.5322,1,104
4.5322,1,104
-3.4678,1,104
0.53218,0,105
-2.4678,0,105
-4.4678,1,105
-4.4678,0,105
-4.4678,1,105
2.5322,0,105
4.5322,1,105
4.5322,0,105
2.5322,1,105
-3.4678,0,105
2.5322,1,105
4.5322,1,105
2.5322,1,105
1.5322,0,105
-2.4678,0,105
-3.4678,1,105
-4.4678,1,105
-2.4678,1,105
-4.4678,1,105
-4.4678,0,105
3.5322,0,105
-4.4678,1,105
-3.4678,0,105
-4.4678,1,105
2.5322,1,105
-3.4678,1,105
-4.4678,0,105
-3.4678,0,106
-4.4678,0,106
3.5322,1,106
1.5322,0,106
-3.4678,0,106
-2.4678,0,106
-2.4678,0,106
2.5322,1,106
-4.4678,0,106
-3.4678,1,106
-4.4678,1,106
2.5322,1,106
3.5322,1,106
4.5322,1,106
-4.4678,1,106
4.5322,1,106
-3.4678,0,106
2.5322,0,106
-4.4678,0,106
4.5322,0,106
-3.4678,0,106
4.5322,1,106
2.5322,1,106
4.5322,0,106
0.53218,0,106
-3.4678,0,106
-3.4678,0,106
-2.4678,0,106
3.5322,1,106
4.5322,1,106
2.5322,1,106
-4.4678,1,108
-4.4678,1,108
-2.4678,1,108
4.5322,0,108
4.5322,1,108
4.5322,1,108
3.5322,1,108
4.5322,1,108
4.5322,1,108
-2.4678,1,108
-2.4678,1,108
0.53218,1,108
2.5322,1,108
-3.4678,1,108
-4.4678,1,108
-3.4678,1,108
-3.4678,1,108
0.53218,1,108
4.5322,1,108
3.5322,1,108
4.5322,1,108
3.5322,1,108
4.5322,1,108
2.5322,0,108
4.5322,0,108
4.5322,0,108
-4.4678,1,108
-4.4678,1,108
2.5322,1,109
3.5322,1,109
4.5322,1,109
4.5322,1,109
3.5322,1,109
4.5322,1,109
-3.4678,0,109
-1.4678,0,109
-3.4678,1,109
0.53218,0,109
4.5322,0,109
4.5322,1,109
-2.4678,0,109
2.5322,1,109
-4.4678,0,109
-4.4678,1,109
3.5322,1,109
-4.4678,1,109
-4.4678,0,109
4.5322,0,109
-4.4678,0,109
4.5322,1,109
-3.4678,1,109
-3.4678,1,109
-4.4678,1,109
-2.4678,1,109
2.5322,1,109
-4.4678,1,109
0.53218,1,109
2.5322,0,109
4.5322,1,110
3.5322,1,110
-3.4678,1,110
4.5322,1,110
2.5322,1,110
-4.4678,1,110
-2.4678,1,110
-2.4678,1,110
-3.4678,1,110
4.5322,1,110
2.5322,1,110
3.5322,1,110
-4.4678,1,110
-4.4678,1,110
-4.4678,1,110
-4.4678,1,110
-2.4678,1,110
2.5322,1,110
4.5322,1,110
2.5322,1,110
3.5322,1,110
4.5322,1,110
3.5322,1,110
4.5322,1,110
4.5322,1,110
-4.4678,1,110
4.5322,1,110
4.5322,1,110
4.5322,1,110
3.5322,1,111
-4.4678,1,111
-4.4678,1,111
4.5322,1,111
-4.4678,1,111
-3.4678,1,111
-3.4678,1,111
-0.46782,1,111
-4.4678,0,111
-3.4678,1,111
3.5322,1,111
4.5322,1,111
-4.4678,1,111
-4.4678,1,111
-4.4678,1,111
4.5322,1,111
4.5322,1,111
4.5322,1,111
3.5322,1,111
-4.4678,0,111
-4.4678,1,111
-2.4678,1,111
-3.4678,0,111
-3.4678,1,111
-2.4678,1,111
-2.4678,0,111
2.5322,1,111
4.5322,1,111
1.5322,1,111
-4.4678,1,112
-4.4678,1,112
-3.4678,1,112
-1.4678,1,112
3.5322,1,112
4.5322,1,112
-4.4678,1,112
-4.4678,1,112
-3.4678,1,112
2.5322,1,112
2.5322,1,112
4.5322,1,112
3.5322,1,112
4.5322,1,112
4.5322,1,112
3.5322,1,112
-3.4678,1,112
2.5322,1,112
-4.4678,1,112
-3.4678,1,112
4.5322,1,112
-3.4678,0,112
-4.4678,1,112
4.5322,1,112
-4.4678,1,112
-4.4678,1,112
3.5322,1,112
1.5322,0,113
4.5322,1,113
3.5322,1,113
-4.4678,1,113
-3.4678,0,113
-4.4678,0,113
3.5322,1,113
-2.4678,0,113
4.5322,1,113
4.5322,1,113
3.5322,1,113
3.5322,1,113
2.5322,1,113
-2.4678,1,113
4.5322,1,113
-2.4678,0,113
-2.4678,0,113
-3.4678,1,113
-3.4678,0,113
-3.4678,0,113
4.5322,1,113
3.5322,1,113
3.5322,1,113
4.5322,1,113
-0.46782,1,113
-4.4678,0,113
-3.4678,0,113
-4.4678,0,113
-3.4678,0,113
4.5322,0,114
2.5322,0,114
-3.4678,0,114
2.5322,1,114
-4.4678,0,114
-4.4678,1,114
-4.4678,0,114
4.5322,0,114
-3.4678,1,114
2.5322,0,114
4.5322,0,114
4.5322,1,114
-2.4678,0,114
2.5322,1,114
4.5322,1,114
2.5322,0,114
4.5322,1,114
-4.4678,1,114
4.5322,0,114
-3.4678,0,114
-2.4678,0,114
3.5322,1,114
-2.4678,1,114
4.5322,1,114
3.5322,1,114
-2.4678,1,114
3.5322,0,114
4.5322,0,114
-2.4678,0,115
-4.4678,1,115
-4.4678,1,115
4.5322,0,115
-0.46782,1,115
-2.4678,0,115
4.5322,0,115
4.5322,1,115
-3.4678,1,115
2.5322,1,115
3.5322,1,115
4.5322,1,115
4.5322,1,115
-4.4678,1,115
-3.4678,1,115
-3.4678,1,115
-4.4678,0,115
-3.4678,0,115
-4.4678,0,115
-4.4678,1,115
-2.4678,1,115
-4.4678,0,115
-2.4678,0,115
-4.4678,1,115
4.5322,0,115
-2.4678,1,115
-4.4678,1,115
-2.4678,1,115
2.5322,0,115
-2.4678,1,116
-4.4678,1,116
-4.4678,0,116
-4.4678,1,116
3.5322,0,116
3.5322,1,116
4.5322,1,116
-2.4678,1,116
4.5322,1,116
-4.4678,1,116
-4.4678,1,116
-1.4678,1,116
2.5322,1,116
4.5322,1,116
4.5322,1,116
4.5322,1,116
4.5322,1,116
4.5322,1,116
3.5322,1,116
2.5322,1,116
4.5322,0,116
4.5322,0,116
2.5322,1,116
-2.4678,1,116
-4.4678,0,116
-4.4678,1,116
-1.4678,1,116
4.5322,1,116
4.5322,1,117
3.5322,1,117
2.5322,1,117
2.5322,1,117
4.5322,1,117
-2.4678,0,117
-4.4678,0,117
-3.4678,1,117
3.5322,1,117
0.53218,1,117
4.5322,1,117
4.5322,1,117
-3.4678,0,117
-2.4678,0,117
-4.4678,0,117
2.5322,1,117
-3.4678,1,117
-4.4678,1,117
0.53218,1,117
2.5322,1,117
4.5322,1,117
1.5322,1,117
4.5322,1,117
4.5322,1,117
4.5322,1,117
2.5322,1,117
4.5322,1,117
-2.4678,0,117
-3.4678,0,117
4.5322,1,117
-4.4678,0,117
2.5322,1,118
4.5322,1,118
3.5322,1,118
3.5322,1,118
-2.4678,0,118
-0.46782,1,118
4.5322,1,118
-4.4678,1,118
4.5322,1,118
4.5322,1,118
4.5322,1,118
2.5322,1,118
-2.4678,1,118
-4.4678,1,118
4.5322,0,118
4.5322,1,118
4.5322,0,118
2.5322,0,118
-3.4678,1,118
-4.4678,1,118
-3.4678,1,118
4.5322,0,118
4.5322,1,118
-2.4678,0,118
-4.4678,0,118
-4.4678,1,118
-4.4678,0,118
-3.4678,1,118
-4.4678,1,120
-3.4678,0,120
-2.4678,1,120
-2.4678,1,120
-4.4678,1,120
-4.4678,1,120
-1.4678,1,120
-2.4678,1,120
1.5322,1,120
-3.4678,1,120
2.5322,1,120
4.5322,1,120
-4.4678,1,120
-2.4678,1,120
4.5322,1,120
4.5322,1,120
-4.4678,1,120
-3.4678,0,120
-4.4678,0,120
2.5322,1,120
4.5322,1,120
-3.4678,0,120
-4.4678,0,120
-4.4678,1,120
-4.4678,1,120
-2.4678,1,120
-3.4678,1,120
4.5322,1,120
2.5322,1,120
4.5322,1,120
-2.4678,1,121
-4.4678,0,121
-4.4678,1,121
-4.4678,0,121
4.5322,1,121
-2.4678,1,121
4.5322,1,121
4.5322,1,121
-0.46782,0,121
-4.4678,0,121
2.5322,1,121
3.5322,1,121
2.5322,1,121
4.5322,1,121
4.5322,1,121
-2.4678,1,121
3.5322,1,121
4.5322,1,121
4.5322,1,121
-4.4678,0,121
4.5322,1,121
4.5322,1,121
2.5322,1,121
3.5322,0,121
3.5322,0,121
-2.4678,0,121
-3.4678,0,121
-2.4678,1,122
-3.4678,0,122
4.5322,1,122
-4.4678,1,122
-4.4678,1,122
-4.4678,1,122
-2.4678,1,122
-4.4678,1,122
-4.4678,1,122
-4.4678,0,122
-2.4678,1,122
4.5322,0,122
4.5322,1,122
-4.4678,1,122
-4.4678,0,122
-3.4678,1,122
-3.4678,1,122
-4.4678,1,122
-2.4678,1,122
-4.4678,1,122
-4.4678,0,122
4.5322,1,122
4.5322,1,122
4.5322,1,122
4.5322,1,122
4.5322,1,122
-4.4678,0,124
-4.4678,1,124
-2.4678,1,124
-4.4678,1,124
-3.4678,1,124
-4.4678,1,124
-4.4678,1,124
-4.4678,1,124
-4.4678,1,124
3.5322,1,124
-4.4678,1,124
-4.4678,1,124
4.5322,1,124
4.5322,1,124
4.5322,1,124
2.5322,1,124
-4.4678,1,124
-4.4678,1,124
4.5322,1,124
4.5322,1,124
-3.4678,0,124
-2.4678,1,124
3.5322,1,124
-4.4678,1,124
-1.4678,1,124
-2.4678,1,124
4.5322,1,124
-4.4678,1,125
-2.4678,1,125
-4.4678,1,125
-4.4678,1,125
2.5322,1,125
-4.4678,1,125
-2.4678,1,125
-4.4678,1,125
-2.4678,1,125
2.5322,1,125
-2.4678,1,125
-3.4678,0,125
-2.4678,1,125
4.5322,1,125
3.5322,1,125
-4.4678,1,125
4.5322,1,125
-2.4678,1,125
4.5322,1,125
-4.4678,1,125
-4.4678,1,125
-2.4678,1,125
3.5322,1,125
4.5322,1,125
4.5322,1,125
3.5322,1,125
4.5322,1,125
0.53218,1,125
-4.4678,1,125
3.5322,1,125
2.5322,1,126
-4.4678,1,126
-4.4678,1,126
-4.4678,1,126
-4.4678,1,126
4.5322,1,126
2.5322,1,126
-4.4678,1,126
3.5322,1,126
3.5322,1,126
4.5322,1,126
4.5322,1,126
3.5322,1,126
-4.4678,1,126
-4.4678,0,126
-4.4678,0,126
-2.4678,0,126
-2.4678,0,126
-3.4678,1,126
4.5322,1,126
4.5322,1,126
-3.4678,1,126
-2.4678,1,126
-4.4678,1,126
2.5322,1,126
-4.4678,1,126
-3.4678,0,126
-3.4678,0,126
3.5322,1,126
-4.4678,1,126
-4.4678,1,126
2.5322,1,127
-4.4678,1,127
4.5322,0,127
-4.4678,1,127
0.53218,1,127
2.5322,1,127
-2.4678,1,127
4.5322,1,127
-2.4678,1,127
2.5322,1,127
-4.4678,1,127
-4.4678,1,127
-4.4678,1,127
4.5322,0,127
4.5322,1,127
-3.4678,1,127
-3.4678,1,127
4.5322,1,127
4.5322,1,127
4.5322,1,127
2.5322,1,127
3.5322,1,127
-4.4678,0,127
-4.4678,1,127
-4.4678,0,127
-4.4678,1,127
-2.4678,1,127
-0.46782,1,127
2.5322,1,127
4.5322,1,128
-2.4678,1,128
-4.4678,0,128
-3.4678,1,128
-4.4678,1,128
-3.4678,1,128
-3.4678,1,128
-2.4678,1,128
-2.4678,1,128
4.5322,1,128
-2.4678,0,128
3.5322,1,128
4.5322,1,128
-4.4678,1,128
-4.4678,1,128
-4.4678,1,128
-3.4678,1,128
4.5322,1,128
4.5322,1,128
4.5322,1,128
4.5322,1,128
-4.4678,1,128
-4.4678,0,128
4.5322,1,128
4.5322,1,128
4.5322,1,128
-3.4678,1,128
3.5322,1,129
4.5322,1,129
3.5322,1,129
-0.46782,0,129
2.5322,1,129
2.5322,1,129
4.5322,0,129
4.5322,1,129
3.5322,1,129
-4.4678,1,129
-4.4678,1,129
4.5322,1,129
3.5322,1,129
4.5322,1,129
4.5322,1,129
-3.4678,1,129
-2.4678,1,129
-2.4678,0,129
-4.4678,0,129
-2.4678,0,129
-3.4678,0,129
-2.4678,1,129
3.5322,1,129
4.5322,1,129
4.5322,1,129
4.5322,1,129
2.5322,1,129
4.5322,1,129
-4.4678,0,129
2.5322,1,129
-2.4678,1,131
4.5322,1,131
4.5322,1,131
-4.4678,1,131
-4.4678,0,131
-4.4678,1,131
3.5322,1,131
2.5322,1,131
3.5322,1,131
4.5322,1,131
4.5322,1,131
-4.4678,1,131
-1.4678,1,131
2.5322,1,131
-1.4678,1,131
2.5322,1,131
4.5322,1,131
3.5322,1,131
-2.4678,0,131
4.5322,1,131
4.5322,1,131
3.5322,1,131
2.5322,1,131
-2.4678,1,131
2.5322,1,131
-4.4678,1,131
-4.4678,1,131
4.5322,1,131
0.53218,1,131
4.5322,0,131
-2.4678,0,132
4.5322,0,132
4.5322,1,132
4.5322,1,132
2.5322,1,132
3.5322,1,132
-2.4678,1,132
4.5322,1,132
4.5322,1,132
4.5322,1,132
3.5322,0,132
4.5322,1,132
4.5322,1,132
4.5322,1,132
3.5322,1,132
4.5322,1,132
2.5322,1,132
-3.4678,1,132
4.5322,1,132
3.5322,1,132
4.5322,0,132
4.5322,0,132
1.5322,0,132
-3.4678,1,132
-4.4678,1,132
3.5322,0,132
-4.4678,0,132
-4.4678,1,132
-4.4678,0,132
-3.4678,1,132
0.53218,1,132
-2.4678,1,132
-2.4678,1,132
3.5322,1,133
4.5322,1,133
4.5322,1,133
4.5322,1,133
-4.4678,1,133
4.5322,1,133
4.5322,1,133
4.5322,1,133
-0.46782,0,133
-3.4678,0,133
-4.4678,1,133
2.5322,1,133
-4.4678,1,133
2.5322,1,133
2.5322,1,133
4.5322,1,133
4.5322,1,133
-4.4678,1,133
3.5322,1,133
4.5322,1,133
-4.4678,0,133
-4.4678,0,133
3.5322,1,133
1.5322,1,133
4.5322,1,133
2.5322,1,133
3.5322,1,133
-3.4678,0,133
-4.4678,0,133
1.5322,1,134
-4.4678,0,134
4.5322,1,134
3.5322,1,134
-2.4678,1,134
0.53218,1,134
2.5322,1,134
4.5322,1,134
-4.4678,1,134
2.5322,1,134
-2.4678,1,134
-4.4678,1,134
2.5322,1,134
-4.4678,1,134
4.5322,1,134
3.5322,1,134
2.5322,1,134
-2.4678,0,134
3.5322,1,134
-4.4678,0,134
-4.4678,1,134
-4.4678,1,134
-4.4678,1,134
2.5322,1,134
-4.4678,1,134
-4.4678,1,134
-3.4678,0,134
-4.4678,1,134
-3.4678,0,134
-4.4678,1,134
4.5322,1,135
-4.4678,1,135
-4.4678,0,135
-4.4678,0,135
2.5322,1,135
4.5322,1,135
-3.4678,0,135
4.5322,1,135
4.5322,1,135
4.5322,1,135
4.5322,1,135
2.5322,1,135
-4.4678,1,135
-4.4678,1,135
-4.4678,1,135
2.5322,1,135
3.5322,1,135
-4.4678,1,135
-3.4678,1,135
-4.4678,1,135
-4.4678,1,135
2.5322,1,135
-4.4678,1,135
-4.4678,1,135
-4.4678,1,135
-4.4678,1,135
-4.4678,1,135
3.5322,1,136
2.5322,0,136
-3.4678,0,136
-2.4678,1,136
4.5322,0,136
4.5322,0,136
4.5322,0,136
-4.4678,1,136
-4.4678,0,136
-4.4678,1,136
4.5322,1,136
-4.4678,0,136
-4.4678,0,136
-4.4678,0,136
-4.4678,1,136
-4.4678,1,136
2.5322,0,136
2.5322,0,136
4.5322,1,136
4.5322,1,136
4.5322,1,136
2.5322,1,136
-4.4678,0,136
-4.4678,1,136
3.5322,1,136
3.5322,1,136
-0.46782,1,136
-4.4678,1,136
3.5322,1,137
-3.4678,1,137
4.5322,1,137
4.5322,1,137
-4.4678,1,137
-2.4678,1,137
-4.4678,1,137
-2.4678,0,137
2.5322,1,137
-3.4678,0,137
-3.4678,1,137
4.5322,1,137
4.5322,1,137
-4.4678,0,137
-4.4678,1,137
-4.4678,0,137
-4.4678,0,137
-3.4678,1,137
-4.4678,1,137
-4.4678,1,137
-2.4678,1,137
-4.4678,1,137
-4.4678,1,137
2.5322,1,137
-3.4678,1,137
2.5322,1,137
2.5322,1,137
-3.4678,0,137
4.5322,1,137
4.5322,1,138
4.5322,1,138
4.5322,1,138
1.5322,1,138
3.5322,1,138
4.5322,1,138
4.5322,1,138
3.5322,0,138
-4.4678,1,138
4.5322,1,138
4.5322,1,138
-4.4678,1,138
-4.4678,1,138
2.5322,1,138
3.5322,1,138
4.5322,1,138
-2.4678,1,138
4.5322,1,138
4.5322,1,138
4.5322,1,138
-2.4678,1,138
4.5322,1,138
4.5322,1,138
4.5322,1,138
3.5322,1,138
4.5322,1,138
3.5322,1,138
-0.46782,1,139
-2.4678,1,139
-2.4678,1,139
3.5322,1,139
2.5322,1,139
4.5322,1,139
2.5322,1,139
4.5322,1,139
4.5322,1,139
-2.4678,1,139
-4.4678,1,139
3.5322,1,139
-4.4678,1,139
-3.4678,1,139
-2.4678,1,139
-3.4678,1,139
4.5322,1,139
4.5322,1,139
-2.4678,0,139
2.5322,1,139
-4.4678,0,139
4.5322,1,139
4.5322,1,139
3.5322,1,139
4.5322,1,139
-2.4678,1,139
2.5322,1,139
2.5322,1,139
-3.4678,0,140
-4.4678,1,140
-3.4678,1,140
4.5322,0,140
2.5322,0,140
4.5322,0,140
2.5322,0,140
4.5322,1,140
-3.4678,0,140
-4.4678,1,140
2.5322,0,140
2.5322,0,140
4.5322,1,140
-1.4678,0,140
2.5322,1,140
4.5322,0,140
4.5322,1,140
4.5322,1,140
-3.4678,0,140
-4.4678,1,140
-3.4678,1,140
-4.4678,1,140
-2.4678,1,140
-4.4678,1,140
-2.4678,0,140
-4.4678,0,140
0.53218,0,140
-4.4678,0,140
-4.4678,1,140
2.5322,1,141
4.5322,0,141
4.5322,0,141
-3.4678,0,141
-3.4678,1,141
-4.4678,0,141
-4.4678,1,141
-2.4678,1,141
-1.4678,1,141
-4.4678,1,141
-3.4678,0,141
2.5322,1,141
4.5322,0,141
-4.4678,1,141
-4.4678,1,141
2.5322,1,141
2.5322,1,141
3.5322,1,141
4.5322,1,141
1.5322,1,141
2.5322,1,141
-2.4678,1,141
4.5322,1,141
-4.4678,0,141
3.5322,1,141
4.5322,1,141
2.5322,1,141
-4.4678,0,141
4.5322,1,141
3.5322,1,142
4.5322,1,142
-4.4678,0,142
2.5322,1,142
4.5322,1,142
0.53218,1,142
-2.4678,0,142
-4.4678,0,142
-2.4678,1,142
-2.4678,1,142
4.5322,1,142
4.5322,1,142
4.5322,1,142
-2.4678,1,142
-2.4678,1,142
2.5322,1,142
-3.4678,1,142
4.5322,1,142
3.5322,1,142
4.5322,1,142
-2.4678,1,142
4.5322,1,142
4.5322,1,142
3.5322,1,142
4.5322,1,142
4.5322,1,142
3.5322,1,142
4.5322,1,142
-4.4678,0,142
-4.4678,1,143
-2.4678,0,143
4.5322,1,143
4.5322,1,143
-2.4678,1,143
-3.4678,1,143
4.5322,1,143
-4.4678,0,143
-3.4678,0,143
-2.4678,1,143
4.5322,1,143
4.5322,1,143
3.5322,1,143
4.5322,1,143
2.5322,1,143
4.5322,1,143
-4.4678,0,143
-4.4678,1,143
3.5322,0,143
4.5322,1,143
-4.4678,1,143
-3.4678,1,143
-4.4678,1,143
-4.4678,1,143
-4.4678,1,143
4.5322,1,143
4.5322,1,143
3.5322,1,145
4.5322,1,145
4.5322,1,145
4.5322,1,145
3.5322,1,145
-4.4678,1,145
4.5322,1,145
-3.4678,1,145
-2.4678,1,145
4.5322,1,145
2.5322,1,145
-4.4678,1,145
3.5322,1,145
4.5322,0,145
4.5322,1,145
4.5322,1,145
-4.4678,0,145
-1.4678,0,145
-4.4678,0,145
-4.4678,0,145
3.5322,1,145
4.5322,1,145
3.5322,1,145
4.5322,1,145
3.5322,1,145
-4.4678,1,145
-4.4678,1,145
-4.4678,1,145
4.5322,1,146
-4.4678,0,146
-4.4678,1,146
-4.4678,1,146
4.5322,1,146
-4.4678,1,146
2.5322,1,146
-2.4678,1,146
4.5322,1,146
4.5322,0,146
2.5322,0,146
-4.4678,0,146
-4.4678,1,146
-2.4678,1,146
-2.4678,0,146
-2.4678,1,146
4.5322,0,146
2.5322,0,146
-4.4678,1,146
-4.4678,1,146
-3.4678,1,146
-2.4678,1,146
-4.4678,0,146
-2.4678,0,146
3.5322,0,146
4.5322,1,147
4.5322,1,147
-4.4678,1,147
-4.4678,1,147
-4.4678,1,147
-3.4678,1,147
3.5322,1,147
-4.4678,1,147
3.5322,1,147
3.5322,1,147
4.5322,1,147
4.5322,1,147
4.5322,1,147
-4.4678,1,147
4.5322,1,147
2.5322,1,147
4.5322,0,147
4.5322,1,147
-3.4678,1,147
-3.4678,1,147
-2.4678,1,147
-4.4678,1,147
-4.4678,1,147
-4.4678,1,147
-4.4678,1,147
4.5322,1,147
3.5322,1,148
-4.4678,0,148
-4.4678,0,148
-4.4678,0,148
-3.4678,1,148
2.5322,1,148
4.5322,0,148
2.5322,1,148
-4.4678,1,148
-4.4678,0,148
-4.4678,1,148
-4.4678,1,148
3.5322,1,148
4.5322,0,148
4.5322,0,148
3.5322,1,148
-4.4678,0,148
-2.4678,1,148
3.5322,0,148
-4.4678,1,148
2.5322,1,148
-2.4678,1,148
-4.4678,0,148
-4.4678,1,148
-2.4678,0,148
-3.4678,0,148
3.5322,0,148
4.5322,1,149
-3.4678,1,149
-4.4678,1,149
-3.4678,0,149
-4.4678,1,149
-4.4678,0,149
-3.4678,1,149
-4.4678,1,149
4.5322,1,149
2.5322,1,149
2.5322,1,149
-0.46782,1,149
2.5322,1,149
-4.4678,1,149
-3.4678,1,149
3.5322,1,149
4.5322,0,149
-3.4678,1,149
-3.4678,1,149
2.5322,1,149
-4.4678,0,149
4.5322,1,149
-2.4678,1,149
-4.4678,1,149
4.5322,1,149
4.5322,1,149
4.5322,1,149
-3.4678,1,150
4.5322,1,150
2.5322,1,150
-4.4678,1,150
-2.4678,1,150
4.5322,1,150
-2.4678,1,150
-2.4678,0,150
-4.4678,0,150
-3.4678,0,150
4.5322,1,150
4.5322,1,150
4.5322,1,150
-4.4678,0,150
-4.4678,0,150
-3.4678,0,150
-4.4678,0,150
2.5322,1,150
4.5322,1,150
4.5322,1,150
1.5322,1,150
-2.4678,1,150
-4.4678,1,150
3.5322,1,150
2.5322,1,150
-3.4678,0,150
2.5322,1,150
-2.4678,0,150
-4.4678,0,150
0.53218,0,151
-2.4678,1,151
4.5322,1,151
-4.4678,1,151
-4.4678,0,151
-3.4678,1,151
-3.4678,1,151
-3.4678,0,151
-2.4678,0,151
-2.4678,1,151
4.5322,1,151
2.5322,0,151
3.5322,0,151
-4.4678,1,151
-2.4678,1,151
4.5322,1,151
-2.4678,1,151
-4.4678,1,151
-2.4678,1,151
3.5322,1,151
-2.4678,0,151
4.5322,1,151
4.5322,1,151
3.5322,1,151
4.5322,1,151
4.5322,1,151
4.5322,1,151
-2.4678,0,151
-2.4678,1,151
2.5322,0,152
2.5322,1,152
3.5322,1,152
-3.4678,0,152
-2.4678,0,152
-4.4678,0,152
-2.4678,1,152
-4.4678,1,152
4.5322,0,152
-2.4678,1,152
-3.4678,0,152
2.5322,1,152
-4.4678,0,152
2.5322,1,152
-4.4678,1,152
4.5322,1,152
-2.4678,1,152
4.5322,1,152
-4.4678,0,152
2.5322,1,152
3.5322,1,152
-0.46782,1,152
4.5322,1,152
-4.4678,0,152
2.5322,1,152
-4.4678,0,152
4.5322,1,152
4.5322,1,152
3.5322,1,152
-0.46782,1,152
-2.4678,0,152
2.5322,1,153
4.5322,1,153
4.5322,1,153
4.5322,1,153
4.5322,1,153
4.5322,1,153
3.5322,1,153
-4.4678,1,153
-2.4678,0,153
-4.4678,0,153
-3.4678,1,153
3.5322,1,153
-4.4678,1,153
4.5322,1,153
-3.4678,0,153
-4.4678,1,153
-4.4678,1,153
-4.4678,0,153
-4.4678,0,153
2.5322,1,153
2.5322,0,153
-3.4678,1,153
-4.4678,1,153
3.5322,0,153
4.5322,1,153
4.5322,1,153
-4.4678,0,153
-4.4678,0,153
-3.4678,1,154
-2.4678,1,154
1.5322,1,154
4.5322,1,154
4.5322,1,154
-4.4678,1,154
4.5322,0,154
-2.4678,1,154
-2.4678,1,154
2.5322,1,154
-4.4678,1,154
3.5322,1,154
3.5322,0,154
4.5322,1,154
-2.4678,0,154
-4.4678,1,154
-2.4678,1,154
2.5322,1,154
-2.4678,1,154
4.5322,1,154
2.5322,1,154
-4.4678,1,154
-4.4678,0,154
4.5322,1,154
2.5322,0,154
3.5322,1,154
3.5322,0,154
-3.4678,1,154
-3.4678,1,155
-4.4678,1,155
-2.4678,1,155
4.5322,1,155
3.5322,1,155
-3.4678,1,155
2.5322,1,155
4.5322,1,155
-4.4678,1,155
2.5322,1,155
-3.4678,0,155
-4.4678,0,155
-4.4678,0,155
2.5322,1,155
-2.4678,1,155
4.5322,0,155
2.5322,1,155
4.5322,1,155
-3.4678,1,155
-4.4678,1,155
-2.4678,1,155
-4.4678,1,155
4.5322,1,155
3.5322,1,155
-4.4678,1,155
-4.4678,0,155
-3.4678,1,155
-3.4678,0,156
-3.4678,1,156
-2.4678,1,156
4.5322,1,156
1.5322,1,156
-4.4678,0,156
-3.4678,1,156
-4.4678,1,156
4.5322,1,156
-4.4678,0,156
-4.4678,0,156
-4.4678,1,156
-2.4678,1,156
-4.4678,0,156
-4.4678,1,156
-4.4678,1,156
-4.4678,0,156
3.5322,1,156
-4.4678,1,156
4.5322,1,156
4.5322,1,156
4.5322,1,156
3.5322,1,156
-2.4678,1,156
-4.4678,0,156
-4.4678,1,156
3.5322,1,156
-2.4678,0,157
2.5322,1,157
-4.4678,1,157
-2.4678,0,157
4.5322,1,157
3.5322,1,157
4.5322,1,157
2.5322,1,157
-4.4678,1,157
-4.4678,0,157
3.5322,0,157
-4.4678,0,157
-1.4678,1,157
-3.4678,1,157
2.5322,1,157
4.5322,1,157
-2.4678,0,157
4.5322,1,157
4.5322,0,157
-4.4678,1,157
4.5322,1,157
3.5322,1,157
4.5322,1,157
4.5322,0,157
4.5322,0,157
-4.4678,0,157
-2.4678,1,157
-3.4678,1,157
4.5322,1,157
4.5322,1,158
-3.4678,1,158
-4.4678,1,158
4.5322,1,158
-3.4678,1,158
4.5322,1,158
-2.4678,1,158
4.5322,0,158
2.5322,1,158
4.5322,1,158
-3.4678,0,158
-3.4678,1,158
-3.4678,0,158
3.5322,1,158
4.5322,1,158
4.5322,0,158
2.5322,1,158
-0.46782,1,158
-4.4678,1,158
-4.4678,1,158
-4.4678,1,158
4.5322,1,158
4.5322,1,158
3.5322,1,158
4.5322,0,158
1.5322,1,158
3.5322,1,158
1.5322,1,159
-4.4678,1,159
-4.4678,1,159
-4.4678,1,159
-4.4678,1,159
4.5322,1,159
3.5322,1,159
3.5322,1,159
4.5322,1,159
4.5322,1,159
4.5322,1,159
2.5322,1,159
-2.4678,1,159
4.5322,1,159
-4.4678,0,159
-2.4678,1,159
4.5322,1,159
4.5322,1,159
4.5322,1,159
-4.4678,1,159
-4.4678,1,159
-4.4678,1,159
-4.4678,0,159
-2.4678,1,159
4.5322,1,159
4.5322,1,159
3.5322,1,159
-4.4678,1,160
-4.4678,1,160
-4.4678,1,160
-4.4678,1,160
2.5322,1,160
-3.4678,1,160
-3.4678,1,160
-2.4678,1,160
-2.4678,1,160
-4.4678,1,160
-4.4678,1,160
-2.4678,0,160
4.5322,1,160
4.5322,1,160
4.5322,1,160
4.5322,1,160
-2.4678,0,160
4.5322,1,160
4.5322,1,160
4.5322,1,160
3.5322,1,160
-4.4678,1,160
4.5322,1,160
4.5322,1,160
2.5322,1,160
3.5322,1,160
-4.4678,1,160
4.5322,1,161
3.5322,1,161
-4.4678,0,161
-4.4678,0,161
4.5322,1,161
-2.4678,1,161
-4.4678,1,161
4.5322,1,161
-3.4678,1,161
-3.4678,1,161
-2.4678,1,161
-3.4678,1,161
-4.4678,1,161
-2.4678,1,161
4.5322,1,161
4.5322,1,161
4.5322,1,161
-4.4678,1,161
-3.4678,1,161
-3.4678,1,161
-4.4678,1,161
-4.4678,1,161
3.5322,1,161
-4.4678,1,161
-2.4678,1,161
4.5322,1,161
-0.46782,1,161
-3.4678,1,161
3.5322,1,163
4.5322,1,163
-4.4678,1,163
4.5322,1,163
-2.4678,1,163
4.5322,1,163
3.5322,1,163
-4.4678,1,163
-4.4678,1,163
-3.4678,1,163
4.5322,1,163
-4.4678,1,163
-3.4678,1,163
-4.4678,1,163
-4.4678,1,163
-3.4678,1,163
-2.4678,1,163
-2.4678,1,163
3.5322,1,163
-4.4678,1,163
-3.4678,1,163
-4.4678,1,163
-4.4678,1,163
-0.46782,1,163
4.5322,1,163
2.5322,1,163
3.5322,1,163
3.5322,1,163
2.5322,1,163
-3.4678,1,164
-4.4678,1,164
-4.4678,0,164
4.5322,1,164
-2.4678,1,164
2.5322,1,164
4.5322,1,164
3.5322,0,164
-2.4678,1,164
4.5322,0,164
4.5322,0,164
-2.4678,0,164
-2.4678,1,164
-4.4678,0,164
4.5322,1,164
-4.4678,0,164
4.5322,0,164
-4.4678,1,164
4.5322,1,164
-4.4678,0,164
-4.4678,0,164
4.5322,1,164
-3.4678,0,167
-4.4678,1,167
-2.4678,1,167
4.5322,1,167
4.5322,1,167
-3.4678,1,167
3.5322,1,167
-4.4678,1,167
-2.4678,1,167
3.5322,1,167
4.5322,1,167
2.5322,1,167
0.53218,1,167
2.5322,1,167
-4.4678,1,167
-4.4678,1,167
-4.4678,1,167
-2.4678,1,167
2.5322,1,167
4.5322,1,167
-4.4678,1,167
-4.4678,1,167
-4.4678,1,167
-4.4678,1,167
-4.4678,1,167
-3.4678,1,167
-2.4678,1,167
0.53218,1,167
-2.4678,1,167
4.5322,1,167
-4.4678,0,168
4.5322,1,168
2.5322,1,168
-4.4678,1,168
-2.4678,1,168
-4.4678,0,168
4.5322,1,168
-4.4678,1,168
2.5322,1,168
2.5322,1,168
-4.4678,1,168
2.5322,1,168
4.5322,0,168
-2.4678,0,168
-4.4678,1,168
-4.4678,1,168
-3.4678,0,168
-4.4678,1,168
-2.4678,0,168
4.5322,1,168
-4.4678,0,168
-4.4678,0,168
-2.4678,1,168
-2.4678,0,168
-2.4678,1,168
-4.4678,0,168
0.53218,0,168
-4.4678,0,168
3.5322,1,169
4.5322,1,169
4.5322,1,169
-3.4678,1,169
-3.4678,1,169
-4.4678,1,169
-3.4678,1,169
2.5322,1,169
-0.46782,1,169
-3.4678,1,169
4.5322,1,169
4.5322,1,169
-3.4678,1,169
-4.4678,1,169
-4.4678,1,169
-3.4678,0,169
-4.4678,1,169
-0.46782,1,169
-4.4678,1,169
4.5322,1,169
2.5322,1,169
-4.4678,1,169
4.5322,1,169
4.5322,1,169
3.5322,1,169
4.5322,1,169
-3.4678,1,169
-4.4678,0,169
-3.4678,1,169
-2.4678,1,169
-0.46782,1,169
-2.4678,0,169
-4.4678,0,170
4.5322,1,170
3.5322,1,170
-2.4678,1,170
3.5322,1,170
-4.4678,1,170
2.5322,0,170
-3.4678,1,170
-4.4678,0,170
-3.4678,0,170
4.5322,1,170
4.5322,1,170
-4.4678,1,170
2.5322,1,170
4.5322,1,170
4.5322,1,170
4.5322,0,170
4.5322,1,170
-4.4678,0,170
-4.4678,0,170
-4.4678,1,170
4.5322,1,170
3.5322,0,170
-3.4678,0,170
4.5322,1,170
-3.4678,0,170
2.5322,1,171
4.5322,1,171
3.5322,1,171
-4.4678,1,171
-3.4678,1,171
-0.46782,0,171
2.5322,1,171
-3.4678,1,171
-4.4678,1,171
3.5322,1,171
2.5322,1,171
4.5322,0,171
4.5322,1,171
-4.4678,0,171
4.5322,1,171
4.5322,0,171
4.5322,0,171
3.5322,1,171
-2.4678,1,171
-3.4678,1,171
-0.46782,0,171
3.5322,1,171
4.5322,0,171
-4.4678,0,171
-4.4678,0,171
-2.4678,0,171
4.5322,0,171
4.5322,1,171
4.5322,0,171
0.53218,1,172
4.5322,1,172
4.5322,1,172
4.5322,1,172
-3.4678,0,172
-3.4678,1,172
-4.4678,0,172
-4.4678,1,172
-4.4678,1,172
4.5322,1,172
-2.4678,0,172
4.5322,1,172
-2.4678,1,172
-2.4678,0,172
-0.46782,1,172
-2.4678,0,172
-4.4678,0,172
4.5322,1,172
-4.4678,0,172
-3.4678,0,172
4.5322,0,172
4.5322,0,172
-4.4678,1,172
-4.4678,0,172
2.5322,1,172
-4.4678,1,172
-2.4678,1,172
-4.4678,1,173
-3.4678,1,173
-4.4678,1,173
-4.4678,1,173
-4.4678,1,173
-4.4678,1,173
-2.4678,1,173
1.5322,1,173
-2.4678,0,173
4.5322,1,173
-3.4678,0,173
-3.4678,1,173
-4.4678,1,173
4.5322,1,173
4.5322,1,173
4.5322,1,173
4.5322,1,173
3.5322,1,173
4.5322,1,173
4.5322,1,173
-4.4678,1,173
4.5322,1,173
2.5322,1,173
-4.4678,1,173
2.5322,1,173
2.5322,1,173
-2.4678,1,174
2.5322,1,174
-2.4678,1,174
-4.4678,1,174
-2.4678,0,174
-3.4678,0,174
2.5322,1,174
-4.4678,1,174
-4.4678,1,174
-3.4678,0,174
-4.4678,1,174
-4.4678,1,174
-4.4678,1,174
-4.4678,1,174
-4.4678,1,174
-3.4678,1,174
2.5322,1,174
-4.4678,1,174
-2.4678,0,174
-4.4678,1,174
-4.4678,1,174
-3.4678,1,174
-4.4678,1,174
3.5322,1,174
0.53218,1,174
-4.4678,1,174
4.5322,1,174
2.5322,1,175
4.5322,1,175
-2.4678,0,175
-4.4678,1,175
-4.4678,1,175
-4.4678,0,175
-4.4678,1,175
-4.4678,1,175
-3.4678,1,175
-3.4678,1,175
-3.4678,1,175
-4.4678,1,175
-4.4678,1,175
2.5322,1,175
4.5322,1,175
4.5322,0,175
4.5322,0,175
-2.4678,0,175
4.5322,0,175
4.5322,0,175
4.5322,0,175
-4.4678,0,175
-4.4678,0,175
-4.4678,0,175
2.5322,1,175
2.5322,1,175
3.5322,1,175
4.5322,1,175
4.5322,0,175
-3.4678,0,175
-4.4678,0,176
-4.4678,1,176
-4.4678,1,176
-2.4678,1,176
2.5322,1,176
4.5322,1,176
2.5322,1,176
4.5322,1,176
4.5322,1,176
-2.4678,1,176
-4.4678,1,176
-3.4678,0,176
-4.4678,1,176
-2.4678,1,176
4.5322,1,176
2.5322,1,176
2.5322,1,176
3.5322,0,176
4.5322,0,176
4.5322,0,176
2.5322,1,176
4.5322,0,176
4.5322,1,176
4.5322,1,176
-4.4678,1,176
2.5322,1,176
4.5322,1,176
2.5322,1,176
4.5322,0,176
3.5322,1,177
-2.4678,0,177
0.53218,1,177
2.5322,1,177
-4.4678,1,177
4.5322,1,177
2.5322,0,177
4.5322,1,177
4.5322,1,177
-3.4678,1,177
4.5322,1,177
-3.4678,1,177
3.5322,1,177
3.5322,1,177
4.5322,1,177
-4.4678,0,177
-2.4678,1,177
2.5322,1,177
3.5322,1,177
2.5322,1,177
4.5322,1,177
4.5322,1,177
3.5322,1,177
-4.4678,0,177
4.5322,1,177
0.53218,1,177
-0.46782,1,177
3.5322,1,177
-4.4678,0,177
4.5322,1,178
-4.4678,1,178
-3.4678,1,178
3.5322,0,178
0.53218,1,178
4.5322,1,178
4.5322,1,178
4.5322,0,178
4.5322,1,178
-4.4678,0,178
-2.4678,1,178
4.5322,1,178
-2.4678,1,178
-4.4678,1,178
-4.4678,1,178
-3.4678,0,178
-3.4678,0,178
-4.4678,1,178
2.5322,1,178
-3.4678,0,178
4.5322,1,178
2.5322,1,178
-4.4678,1,178
4.5322,1,178
-2.4678,1,178
2.5322,1,178
3.5322,0,178
-3.4678,1,179
-1.4678,1,179
3.5322,1,179
2.5322,0,179
-3.4678,1,179
-4.4678,1,179
4.5322,0,179
-4.4678,0,179
2.5322,1,179
-4.4678,0,179
4.5322,1,179
-4.4678,1,179
3.5322,0,179
4.5322,1,179
4.5322,1,179
3.5322,0,179
4.5322,1,179
2.5322,1,179
4.5322,1,179
-2.4678,1,179
4.5322,1,179
4.5322,1,179
-3.4678,0,179
-4.4678,1,179
-4.4678,1,179
-4.4678,1,179
-4.4678,1,179
-4.4678,0,179
-4.4678,0,180
-4.4678,1,180
-3.4678,0,180
0.53218,1,180
-2.4678,1,180
-2.4678,1,180
2.5322,1,180
4.5322,1,180
4.5322,1,180
4.5322,1,180
3.5322,1,180
-2.4678,0,180
4.5322,1,180
-3.4678,1,180
-4.4678,1,180
-4.4678,1,180
4.5322,1,180
3.5322,1,180
3.5322,1,180
-1.4678,0,180
-4.4678,1,180
4.5322,1,180
-4.4678,0,180
-3.4678,1,180
-2.4678,1,180
2.5322,1,180
-4.4678,1,180
-4.4678,1,180
-4.4678,1,180
-2.4678,1,180
3.5322,1,180
-3.4678,0,181
4.5322,1,181
-4.4678,0,181
4.5322,0,181
3.5322,1,181
4.5322,0,181
3.5322,1,181
2.5322,1,181
-4.4678,1,181
-2.4678,1,181
3.5322,1,181
4.5322,1,181
-4.4678,1,181
-4.4678,0,181
-4.4678,0,181
-4.4678,0,181
-3.4678,0,181
-4.4678,1,181
3.5322,1,181
4.5322,1,181
4.5322,1,181
4.5322,1,181
2.5322,1,181
4.5322,1,181
4.5322,1,181
-4.4678,1,181
-2.4678,0,182
4.5322,0,182
2.5322,1,182
3.5322,1,182
4.5322,1,182
4.5322,1,182
-3.4678,1,182
-3.4678,1,182
3.5322,1,182
4.5322,1,182
4.5322,1,182
2.5322,1,182
4.5322,1,182
4.5322,1,182
4.5322,1,182
-2.4678,1,182
3.5322,1,182
2.5322,1,182
-4.4678,1,182
-4.4678,0,182
-4.4678,1,182
-4.4678,1,182
-4.4678,1,182
-4.4678,1,182
4.5322,1,182
4.5322,1,182
3.5322,1,182
4.5322,1,182
0.53218,1,183
4.5322,1,183
4.5322,1,183
-4.4678,0,183
-4.4678,0,183
-4.4678,0,183
-4.4678,1,183
-4.4678,0,183
-4.4678,0,183
2.5322,1,183
-2.4678,0,183
0.53218,1,183
-4.4678,0,183
4.5322,1,183
-4.4678,0,183
-3.4678,1,183
4.5322,1,183
2.5322,1,183
2.5322,1,183
-4.4678,1,183
-4.4678,0,183
-4.4678,1,183
3.5322,1,183
-3.4678,0,183
3.5322,1,183
-4.4678,0,183
-4.4678,0,183
4.5322,1,183
2.5322,1,183
2.5322,1,183
-4.4678,1,184
3.5322,1,184
-4.4678,1,184
-4.4678,1,184
-0.46782,1,184
3.5322,1,184
4.5322,1,184
-4.4678,0,184
0.53218,1,184
2.5322,1,184
3.5322,1,184
2.5322,1,184
2.5322,1,184
4.5322,1,184
3.5322,1,184
3.5322,1,184
3.5322,1,184
4.5322,1,184
3.5322,1,184
2.5322,1,184
-2.4678,1,184
4.5322,1,184
-4.4678,1,184
3.5322,1,184
-2.4678,0,184
4.5322,1,184
4.5322,1,184
-3.4678,1,184
-2.4678,0,184
-2.4678,1,184
2.5322,1,184
0.53218,1,185
-4.4678,1,185
-3.4678,1,185
-4.4678,1,185
-2.4678,1,185
3.5322,1,185
-4.4678,1,185
-4.4678,1,185
2.5322,1,185
4.5322,1,185
-3.4678,1,185
-2.4678,1,185
-4.4678,1,185
-2.4678,1,185
3.5322,1,185
4.5322,1,185
-4.4678,0,185
-2.4678,0,185
-4.4678,1,185
-4.4678,1,185
4.5322,1,185
3.5322,1,185
-4.4678,1,185
-4.4678,0,185
4.5322,1,185
-3.4678,1,185
-4.4678,1,185
0.53218,1,185
4.5322,1,185
3.5322,1,186
-1.4678,1,186
-2.4678,0,186
-4.4678,0,186
4.5322,1,186
-4.4678,1,186
-4.4678,1,186
-3.4678,1,186
2.5322,0,186
4.5322,1,186
3.5322,0,186
4.5322,1,186
-4.4678,1,186
4.5322,1,186
2.5322,1,186
3.5322,1,186
4.5322,1,186
-3.4678,1,186
-4.4678,0,186
-1.4678,1,186
-4.4678,1,186
0.53218,0,186
3.5322,1,186
3.5322,1,187
2.5322,1,187
-4.4678,1,187
-4.4678,1,187
-4.4678,1,187
-3.4678,1,187
-2.4678,1,187
-4.4678,1,187
4.5322,1,187
-4.4678,1,187
-4.4678,1,187
2.5322,1,187
4.5322,1,187
4.5322,1,187
2.5322,1,187
-2.4678,1,187
-3.4678,1,187
-4.4678,1,187
-4.4678,1,187
-3.4678,1,187
-3.4678,1,187
-4.4678,1,187
-4.4678,1,187
4.5322,1,187
2.5322,1,187
-4.4678,1,187
2.5322,1,187
-3.4678,1,187
-2.4678,1,188
-2.4678,1,188
-3.4678,1,188
4.5322,1,188
2.5322,1,188
4.5322,1,188
3.5322,1,188
2.5322,1,188
-3.4678,1,188
4.5322,1,188
1.5322,1,188
3.5322,0,188
-3.4678,0,188
-2.4678,0,188
-3.4678,1,188
-4.4678,1,188
-4.4678,1,188
4.5322,1,188
3.5322,1,188
4.5322,1,188
3.5322,1,188
3.5322,0,188
4.5322,1,188
4.5322,0,188
-4.4678,1,188
-2.4678,1,188
-4.4678,1,188
4.5322,1,188
4.5322,1,188
4.5322,1,188
2.5322,1,189
-4.4678,0,189
4.5322,1,189
-4.4678,1,189
4.5322,1,189
-2.4678,1,189
4.5322,1,189
-4.4678,0,189
2.5322,1,189
-4.4678,1,189
-4.4678,1,189
-4.4678,1,189
4.5322,1,189
4.5322,1,189
4.5322,1,189
2.5322,0,189
4.5322,1,189
-3.4678,0,189
-4.4678,1,189
-3.4678,0,189
3.5322,1,189
-3.4678,1,189
4.5322,1,189
0.53218,1,189
-3.4678,0,189
-4.4678,1,189
2.5322,1,189
-2.4678,1,190
2.5322,1,190
3.5322,1,190
-4.4678,1,190
-4.4678,1,190
-4.4678,1,190
-3.4678,0,190
-4.4678,0,190
-2.4678,0,190
-4.4678,1,190
4.5322,1,190
3.5322,1,190
-3.4678,1,190
4.5322,1,190
4.5322,1,190
4.5322,0,190
3.5322,0,190
4.5322,1,190
-4.4678,1,190
4.5322,1,190
4.5322,1,190
-4.4678,1,190
-2.4678,0,190
4.5322,1,190
4.5322,1,190
-4.4678,1,190
-3.4678,0,190
-2.4678,1,190
-4.4678,1,190
3.5322,0,191
-4.4678,1,191
3.5322,1,191
-2.4678,1,191
-4.4678,1,191
-3.4678,1,191
-4.4678,0,191
-3.4678,1,191
-1.4678,1,191
-4.4678,1,191
3.5322,1,191
-4.4678,1,191
-4.4678,0,191
4.5322,1,191
-4.4678,0,191
-4.4678,1,191
-3.4678,1,191
-4.4678,1,191
-2.4678,1,191
-4.4678,1,191
-2.4678,1,191
-3.4678,1,191
-4.4678,1,191
-4.4678,1,191
-4.4678,1,191
-4.4678,1,191
4.5322,1,191
-4.4678,1,191
-3.4678,0,192
4.5322,0,192
4.5322,1,192
4.5322,1,192
-4.4678,1,192
-4.4678,1,192
4.5322,1,192
4.5322,1,192
4.5322,1,192
4.5322,1,192
4.5322,1,192
2.5322,1,192
-4.4678,1,192
2.5322,1,192
4.5322,0,192
2.5322,1,192
4.5322,1,192
4.5322,1,192
3.5322,1,192
2.5322,1,192
3.5322,1,192
4.5322,1,192
3.5322,1,192
4.5322,1,192
2.5322,1,192
4.5322,0,192
1.5322,1,192
-4.4678,1,192
-4.4678,0,193
-2.4678,0,193
-2.4678,1,193
-2.4678,1,193
-1.4678,1,193
3.5322,1,193
4.5322,1,193
3.5322,0,193
3.5322,1,193
3.5322,0,193
4.5322,0,193
4.5322,1,193
2.5322,0,193
-2.4678,1,193
-3.4678,0,193
3.5322,1,193
4.5322,0,193
4.5322,0,193
4.5322,1,193
-2.4678,1,193
4.5322,1,193
-4.4678,1,193
-4.4678,1,193
-4.4678,0,193
-4.4678,0,193
-2.4678,1,193
-4.4678,1,193
-3.4678,0,193
2.5322,0,193
-2.4678,1,194
-4.4678,1,194
2.5322,1,194
4.5322,1,194
-2.4678,1,194
4.5322,1,194
4.5322,1,194
-2.4678,0,194
2.5322,1,194
2.5322,1,194
4.5322,1,194
4.5322,1,194
-4.4678,1,194
-4.4678,1,194
-4.4678,1,194
1.5322,1,194
-2.4678,1,194
-4.4678,1,194
2.5322,1,194
-4.4678,1,194
-4.4678,0,194
-3.4678,1,194
4.5322,1,194
4.5322,1,194
4.5322,1,194
3.5322,1,194
-4.4678,0,194
4.5322,1,197
2.5322,1,197
-4.4678,1,197
4.5322,0,197
-2.4678,0,197
-2.4678,0,197
-3.4678,0,197
4.5322,1,197
3.5322,0,197
4.5322,1,197
0.53218,1,197
2.5322,1,197
-4.4678,1,197
-4.4678,1,197
3.5322,1,197
0.53218,1,197
2.5322,1,197
2.5322,0,197
-3.4678,0,197
-3.4678,1,197
3.5322,1,197
4.5322,1,197
3.5322,1,197
3.5322,1,197
4.5322,1,197
3.5322,1,197
-2.4678,0,197
4.5322,1,198
2.5322,1,198
4.5322,1,198
4.5322,0,198
4.5322,1,198
4.5322,0,198
-4.4678,0,198
-4.4678,1,198
-4.4678,1,198
-4.4678,1,198
-4.4678,1,198
-2.4678,1,198
-4.4678,1,198
4.5322,1,198
4.5322,1,198
4.5322,1,198
2.5322,1,198
4.5322,1,198
4.5322,1,198
-2.4678,1,198
-0.46782,1,198
-2.4678,0,198
-4.4678,1,198
4.5322,1,198
4.5322,1,198
4.5322,1,198
2.5322,1,199
-4.4678,1,199
-2.4678,1,199
2.5322,1,199
3.5322,0,199
-2.4678,0,199
-3.4678,1,199
2.5322,1,199
4.5322,1,199
-3.4678,0,199
2.5322,0,199
2.5322,0,199
-4.4678,1,199
-3.4678,0,199
4.5322,1,199
2.5322,1,199
4.5322,0,199
-2.4678,0,199
-3.4678,0,199
4.5322,1,199
4.5322,0,199
3.5322,1,199
-3.4678,1,199
-4.4678,0,199
4.5322,1,199
2.5322,1,199
4.5322,0,199
-3.4678,1,200
-4.4678,0,200
-4.4678,1,200
3.5322,1,200
2.5322,1,200
4.5322,1,200
4.5322,1,200
4.5322,1,200
3.5322,1,200
3.5322,1,200
3.5322,1,200
4.5322,1,200
-3.4678,0,200
-4.4678,0,200
3.5322,1,200
4.5322,1,200
2.5322,1,200
-2.4678,0,200
-4.4678,0,200
4.5322,1,200
3.5322,1,200
4.5322,0,200
3.5322,1,200
4.5322,1,200
-3.4678,1,200
3.5322,0,200
3.5322,0,200
-3.4678,1,201
-4.4678,0,201
-4.4678,1,201
3.5322,1,201
-2.4678,1,201
-3.4678,1,201
-2.4678,1,201
-4.4678,1,201
4.5322,1,201
2.5322,1,201
4.5322,1,201
3.5322,0,201
-4.4678,1,201
-3.4678,1,201
-2.4678,1,201
3.5322,1,201
3.5322,1,201
-2.4678,1,201
-4.4678,1,201
-3.4678,1,201
-3.4678,1,201
-4.4678,1,201
-1.4678,1,201
4.5322,1,201
-2.4678,1,201
-3.4678,1,201
-4.4678,1,201
-4.4678,1,201
-3.4678,1,201
-3.4678,1,202
3.5322,1,202
4.5322,1,202
4.5322,1,202
-3.4678,1,202
-3.4678,1,202
-4.4678,1,202
-4.4678,1,202
-3.4678,1,202
-2.4678,1,202
-3.4678,1,202
-2.4678,1,202
-2.4678,1,202
-4.4678,1,202
-2.4678,1,202
4.5322,1,202
4.5322,1,202
4.5322,1,202
2.5322,1,202
4.5322,1,202
2.5322,1,202
2.5322,1,202
2.5322,1,202
-4.4678,1,202
-2.4678,1,202
3.5322,1,202
3.5322,1,203
3.5322,0,203
-4.4678,1,203
-3.4678,1,203
-3.4678,1,203
2.5322,1,203
4.5322,1,203
-4.4678,1,203
-2.4678,1,203
-4.4678,0,203
2.5322,1,203
-4.4678,1,203
4.5322,1,203
-3.4678,1,203
-3.4678,0,203
3.5322,1,203
3.5322,1,203
4.5322,1,203
-4.4678,0,203
-4.4678,1,203
-4.4678,0,203
-4.4678,0,203
3.5322,1,203
-2.4678,0,203
-4.4678,1,203
-4.4678,1,203
-4.4678,1,204
-4.4678,1,204
4.5322,1,204
-4.4678,1,204
-4.4678,1,204
-4.4678,1,204
2.5322,1,204
4.5322,1,204
3.5322,1,204
2.5322,1,204
4.5322,1,204
4.5322,1,204
-3.4678,0,204
-4.4678,1,204
-3.4678,1,204
-4.4678,1,204
2.5322,1,204
-4.4678,0,204
-2.4678,1,204
-2.4678,1,204
4.5322,1,204
4.5322,1,204
-2.4678,1,204
-2.4678,1,204
2.5322,1,204
4.5322,1,204
4.5322,1,204
-4.4678,1,205
-4.4678,1,205
-2.4678,1,205
-3.4678,1,205
4.5322,1,205
-0.46782,1,205
3.5322,1,205
-4.4678,1,205
-3.4678,1,205
-2.4678,0,205
-2.4678,1,205
4.5322,0,205
4.5322,1,205
4.5322,0,205
-2.4678,1,205
-4.4678,0,205
-4.4678,1,205
-3.4678,1,205
-2.4678,1,205
4.5322,1,205
4.5322,1,205
-2.4678,0,205
4.5322,1,205
-3.4678,1,205
-3.4678,1,205
-3.4678,1,205
-3.4678,1,205
-4.4678,1,205
4.5322,1,205
0.53218,1,205
3.5322,1,205
3.5322,1,206
1.5322,0,206
-4.4678,1,206
-3.4678,1,206
4.5322,1,206
4.5322,1,206
4.5322,1,206
3.5322,1,206
4.5322,0,206
-2.4678,0,206
-2.4678,0,206
-4.4678,1,206
-4.4678,0,206
-4.4678,0,206
4.5322,1,206
4.5322,0,206
3.5322,0,206
4.5322,1,206
-4.4678,1,206
2.5322,0,206
3.5322,0,206
2.5322,1,206
4.5322,1,206
3.5322,0,206
-3.4678,1,206
2.5322,0,206
3.5322,0,207
-4.4678,1,207
-4.4678,1,207
4.5322,0,207
4.5322,0,207
4.5322,1,207
-4.4678,1,207
-0.46782,0,207
2.5322,0,207
-3.4678,1,207
4.5322,1,207
4.5322,1,207
-2.4678,1,207
-4.4678,1,207
-4.4678,0,207
-3.4678,0,207
-4.4678,0,207
-4.4678,0,207
4.5322,1,207
4.5322,1,207
-2.4678,1,207
2.5322,1,207
3.5322,1,207
-4.4678,1,207
4.5322,1,207
4.5322,1,207
2.5322,1,207
4.5322,1,207
4.5322,1,208
-2.4678,1,208
2.5322,0,208
4.5322,1,208
4.5322,1,208
-2.4678,1,208
-4.4678,0,208
-4.4678,0,208
4.5322,1,208
4.5322,1,208
4.5322,1,208
4.5322,1,208
-2.4678,0,208
-4.4678,1,208
4.5322,1,208
-2.4678,0,208
-3.4678,0,208
-4.4678,1,208
-4.4678,1,208
-2.4678,1,208
-2.4678,0,208
3.5322,1,208
4.5322,1,208
3.5322,1,208
4.5322,1,208
-4.4678,0,208
-2.4678,0,208
-3.4678,0,208
-3.4678,1,209
-2.4678,1,209
4.5322,1,209
3.5322,1,209
-4.4678,1,209
2.5322,1,209
-3.4678,1,209
-4.4678,1,209
3.5322,1,209
2.5322,1,209
-0.46782,0,209
4.5322,1,209
-2.4678,1,209
4.5322,1,209
3.5322,1,209
2.5322,1,209
2.5322,1,209
-4.4678,1,209
-4.4678,1,209
-4.4678,1,209
-4.4678,0,209
-4.4678,1,209
-4.4678,1,209
-3.4678,1,209
-4.4678,1,209
4.5322,1,209
4.5322,1,209
1.5322,1,209
3.5322,1,210
4.5322,1,210
2.5322,1,210
0.53218,1,210
-2.4678,1,210
-4.4678,1,210
2.5322,1,210
4.5322,1,210
4.5322,1,210
4.5322,1,210
2.5322,1,210
4.5322,1,210
-4.4678,1,210
3.5322,1,210
3.5322,1,210
-4.4678,0,210
-4.4678,0,210
4.5322,1,210
4.5322,1,210
2.5322,1,210
-2.4678,1,210
-3.4678,1,210
-4.4678,1,210
-4.4678,1,210
-4.4678,0,210
-4.4678,0,210
4.5322,1,211
-4.4678,1,211
-2.4678,1,211
-3.4678,1,211
3.5322,1,211
0.53218,1,211
4.5322,1,211
4.5322,1,211
4.5322,1,211
3.5322,1,211
4.5322,1,211
-4.4678,0,211
-2.4678,1,211
4.5322,1,211
-2.4678,1,211
-4.4678,1,211
-4.4678,1,211
-3.4678,1,211
-3.4678,1,211
-3.4678,1,211
-4.4678,1,211
2.5322,1,211
-3.4678,1,211
4.5322,1,211
2.5322,1,211
-4.4678,0,211
4.5322,1,211
-2.4678,1,211
2.5322,1,211
3.5322,1,211
-3.4678,1,212
4.5322,1,212
2.5322,1,212
4.5322,1,212
-3.4678,1,212
-4.4678,1,212
4.5322,1,212
2.5322,1,212
4.5322,1,212
3.5322,1,212
2.5322,1,212
4.5322,0,212
3.5322,1,212
-1.4678,0,212
3.5322,1,212
-4.4678,0,212
4.5322,1,212
4.5322,1,212
2.5322,0,212
3.5322,0,212
3.5322,1,212
3.5322,1,212
3.5322,1,212
-0.46782,0,213
4.5322,1,213
4.5322,1,213
4.5322,1,213
4.5322,1,213
4.5322,1,213
-4.4678,1,213
4.5322,1,213
-3.4678,0,213
4.5322,1,213
4.5322,1,213
-4.4678,1,213
-3.4678,0,213
-2.4678,1,213
-4.4678,1,213
3.5322,0,213
3.5322,0,213
-2.4678,1,213
3.5322,0,213
4.5322,1,213
4.5322,1,213
-4.4678,1,213
-4.4678,1,213
-4.4678,1,213
-2.4678,1,213
-4.4678,1,213
4.5322,1,213
-2.4678,1,213
-3.4678,1,213
3.5322,1,214
4.5322,1,214
4.5322,1,214
2.5322,1,214
-0.46782,1,214
3.5322,1,214
4.5322,1,214
4.5322,1,214
-2.4678,0,214
-3.4678,1,214
-2.4678,1,214
-2.4678,0,214
-0.46782,0,214
-4.4678,1,214
-4.4678,0,214
4.5322,1,214
2.5322,1,214
3.5322,1,214
-3.4678,1,214
3.5322,1,214
-4.4678,1,214
-3.4678,0,214
-4.4678,1,214
-3.4678,1,214
-4.4678,0,214
-4.4678,1,214
2.5322,1,214
3.5322,1,214
3.5322,1,214
-3.4678,0,216
-4.4678,1,216
-3.4678,1,216
-4.4678,1,216
4.5322,1,216
3.5322,1,216
2.5322,1,216
-3.4678,1,216
-4.4678,1,216
-4.4678,0,216
-2.4678,1,216
-4.4678,1,216
-4.4678,1,216
-4.4678,1,216
3.5322,1,216
-4.4678,1,216
-4.4678,0,216
-3.4678,1,216
-2.4678,0,216
-4.4678,1,216
-4.4678,1,216
-2.4678,1,216
-4.4678,0,216
-3.4678,0,216
-4.4678,1,216
-3.4678,1,216
4.5322,0,216
-4.4678,1,216
-4.4678,1,216
-0.46782,1,217
2.5322,1,217
-4.4678,1,217
2.5322,1,217
-4.4678,1,217
-2.4678,1,217
-1.4678,1,217
-4.4678,1,217
-4.4678,1,217
-2.4678,1,217
2.5322,1,217
-3.4678,1,217
-1.4678,1,217
-4.4678,1,217
-3.4678,1,217
-4.4678,1,217
4.5322,1,217
4.5322,1,217
0.53218,1,217
4.5322,1,217
4.5322,1,217
4.5322,1,217
2.5322,1,217
4.5322,1,217
4.5322,1,217
3.5322,1,217
4.5322,1,217
4.5322,1,217
4.5322,1,217
4.5322,1,217
0.53218,1,217
3.5322,1,217
-4.4678,1,218
3.5322,1,218
-2.4678,1,218
-2.4678,1,218
-4.4678,1,218
-4.4678,1,218
-4.4678,1,218
4.5322,1,218
4.5322,1,218
2.5322,1,218
-4.4678,1,218
-2.4678,1,218
-4.4678,1,218
-4.4678,1,218
-4.4678,1,218
-4.4678,1,218
-4.4678,1,218
2.5322,1,218
-4.4678,1,218
-2.4678,1,218
4.5322,1,218
4.5322,1,218
-4.4678,1,218
-4.4678,1,218
-3.4678,1,218
-4.4678,1,218
-2.4678,0,220
-3.4678,1,220
2.5322,1,220
2.5322,1,220
-4.4678,1,220
-2.4678,1,220
3.5322,1,220
-4.4678,1,220
-4.4678,1,220
2.5322,1,220
4.5322,1,220
-4.4678,1,220
4.5322,1,220
4.5322,1,220
2.5322,1,220
3.5322,1,220
2.5322,1,220
4.5322,1,220
-4.4678,0,220
-4.4678,1,220
4.5322,1,220
-2.4678,1,220
-3.4678,1,220
-4.4678,1,220
-3.4678,1,220
-4.4678,1,220
-2.4678,1,220
-1.4678,1,221
-4.4678,1,221
-4.4678,1,221
-4.4678,1,221
-4.4678,1,221
-4.4678,1,221
-3.4678,1,221
3.5322,1,221
4.5322,1,221
4.5322,1,221
-2.4678,1,221
-2.4678,1,221
2.5322,1,221
3.5322,1,221
-2.4678,1,221
-2.4678,1,221
-4.4678,1,221
-3.4678,1,221
3.5322,1,221
-2.4678,1,221
-0.46782,1,221
-4.4678,1,221
-2.4678,1,221
-3.4678,1,221
-4.4678,1,221
-2.4678,1,221
2.5322,1,221
-2.4678,1,221
-4.4678,1,222
4.5322,1,222
4.5322,1,222
2.5322,1,222
-2.4678,1,222
3.5322,1,222
-0.46782,1,222
-4.4678,0,222
4.5322,1,222
2.5322,0,222
-2.4678,0,222
4.5322,1,222
4.5322,1,222
-1.4678,0,222
-3.4678,1,222
3.5322,1,222
-2.4678,1,222
-2.4678,0,222
4.5322,1,222
2.5322,1,222
-2.4678,0,222
4.5322,1,222
4.5322,1,222
4.5322,1,222
-2.4678,1,222
3.5322,1,222
4.5322,1,222
-4.4678,1,222
-2.4678,0,223
2.5322,1,223
3.5322,1,223
4.5322,1,223
1.5322,1,223
-3.4678,0,223
4.5322,1,223
3.5322,1,223
-2.4678,1,223
-4.4678,0,223
-2.4678,1,223
-2.4678,0,223
-2.4678,1,223
4.5322,0,223
4.5322,1,223
3.5322,1,223
3.5322,1,223
4.5322,1,223
3.5322,1,223
-4.4678,0,223
-4.4678,0,223
-3.4678,0,223
2.5322,0,223
-4.4678,1,223
-2.4678,1,223
-3.4678,1,223
3.5322,0,223
-4.4678,0,223
4.5322,0,223
0.53218,1,223
2.5322,1,224
3.5322,1,224
2.5322,0,224
-4.4678,1,224
4.5322,1,224
-4.4678,1,224
-2.4678,1,224
-4.4678,1,224
-4.4678,0,224
-4.4678,1,224
4.5322,1,224
3.5322,0,224
4.5322,1,224
4.5322,1,224
-2.4678,1,224
-4.4678,0,224
-4.4678,1,224
-2.4678,1,224
-3.4678,1,224
-4.4678,1,224
-4.4678,0,224
-4.4678,1,224
-4.4678,0,224
-4.4678,1,224
-4.4678,1,224
4.5322,1,224
-2.4678,0,224
4.5322,0,224
4.5322,1,224
-4.4678,1,225
-4.4678,1,225
-3.4678,1,225
-1.4678,1,225
2.5322,1,225
-1.4678,1,225
-4.4678,1,225
-4.4678,1,225
-4.4678,1,225
2.5322,1,225
-3.4678,1,225
-2.4678,0,225
-4.4678,0,225
-4.4678,0,225
2.5322,1,225
4.5322,1,225
4.5322,1,225
-4.4678,0,225
3.5322,1,225
-4.4678,0,225
-4.4678,1,225
-4.4678,0,225
-3.4678,1,225
4.5322,1,225
-3.4678,0,225
-3.4678,0,225
-1.4678,1,225
4.5322,1,225
-4.4678,1,225
2.5322,0,226
-4.4678,0,226
4.5322,0,226
-4.4678,1,226
0.53218,0,226
2.5322,0,226
-2.4678,1,226
4.5322,1,226
-2.4678,0,226
-4.4678,1,226
2.5322,1,226
-4.4678,0,226
-4.4678,1,226
-4.4678,0,226
4.5322,1,226
4.5322,1,226
-3.4678,0,226
-3.4678,1,226
4.5322,1,226
4.5322,0,226
4.5322,0,226
2.5322,1,226
3.5322,1,226
-4.4678,1,226
-4.4678,0,226
-4.4678,1,226
-2.4678,1,226
-0.46782,1,226
2.5322,1,226
-4.4678,0,227
0.53218,1,227
-4.4678,1,227
2.5322,1,227
-4.4678,1,227
-4.4678,0,227
-3.4678,1,227
4.5322,0,227
-2.4678,0,227
-4.4678,0,227
-4.4678,0,227
-4.4678,0,227
-4.4678,0,227
4.5322,0,227
4.5322,0,227
2.5322,1,227
4.5322,0,227
4.5322,0,227
-4.4678,0,227
-3.4678,0,227
-4.4678,0,227
4.5322,1,227
-4.4678,0,227
-2.4678,1,227
2.5322,1,227
-4.4678,1,227
-4.4678,1,227
3.5322,1,227
3.5322,0,227
4.5322,1,227
-4.4678,1,228
2.5322,1,228
4.5322,0,228
4.5322,1,228
4.5322,1,228
-2.4678,1,228
-2.4678,0,228
3.5322,0,228
-3.4678,0,228
4.5322,1,228
-2.4678,1,228
2.5322,1,228
4.5322,0,228
-2.4678,0,228
-4.4678,0,228
0.53218,1,228
-2.4678,1,228
-4.4678,0,228
-3.4678,0,228
-4.4678,1,228
-4.4678,1,228
2.5322,0,228
2.5322,1,228
-4.4678,0,228
-4.4678,1,228
2.5322,1,228
3.5322,1,228
3.5322,1,228
2.5322,1,228
-3.4678,0,229
-4.4678,1,229
-4.4678,1,229
-4.4678,0,229
-4.4678,1,229
-3.4678,1,229
-4.4678,1,229
-4.4678,1,229
-3.4678,0,229
4.5322,1,229
3.5322,1,229
4.5322,1,229
4.5322,0,229
-3.4678,0,229
-3.4678,0,229
-4.4678,1,229
-0.46782,1,229
-4.4678,0,229
2.5322,1,229
4.5322,1,229
-4.4678,1,229
-3.4678,0,229
3.5322,1,229
4.5322,1,229
4.5322,1,229
4.5322,0,229
2.5322,0,229
2.5322,0,229
3.5322,1,229
2.5322,1,229
-4.4678,0,230
-2.4678,1,230
-3.4678,0,230
4.5322,1,230
-2.4678,0,230
-3.4678,1,230
-4.4678,0,230
4.5322,1,230
-2.4678,0,230
4.5322,1,230
2.5322,1,230
-3.4678,1,230
-4.4678,0,230
-4.4678,0,230
-3.4678,1,230
-2.4678,0,230
4.5322,1,230
-4.4678,0,230
4.5322,0,230
4.5322,1,230
4.5322,1,230
-3.4678,1,230
-4.4678,1,230
-3.4678,1,230
2.5322,1,230
-2.4678,0,230
-4.4678,1,231
-4.4678,0,231
4.5322,1,231
-4.4678,1,231
2.5322,1,231
-2.4678,1,231
-3.4678,1,231
4.5322,1,231
-4.4678,1,231
4.5322,1,231
2.5322,1,231
2.5322,1,231
-4.4678,1,231
-3.4678,0,231
-4.4678,1,231
2.5322,1,231
3.5322,1,231
-4.4678,1,231
-4.4678,0,231
4.5322,1,231
3.5322,1,231
-4.4678,0,231
2.5322,1,231
-3.4678,1,231
-2.4678,1,231
-2.4678,1,231
1.5322,1,231
3.5322,1,231
-4.4678,1,232
3.5322,1,232
2.5322,1,232
4.5322,1,232
3.5322,1,232
-4.4678,1,232
-3.4678,1,232
-4.4678,1,232
-4.4678,1,232
4.5322,1,232
-3.4678,1,232
4.5322,1,232
4.5322,1,232
4.5322,1,232
-4.4678,0,232
-3.4678,1,232
-4.4678,1,232
-4.4678,1,232
-3.4678,0,232
4.5322,1,232
-2.4678,0,232
4.5322,1,232
1.5322,1,232
4.5322,1,232
4.5322,1,232
-4.4678,1,232
4.5322,1,232
