3,1,0,1
-4,1,1,1
-4,1,1,1
1,1,1,1
4,1,1,1
5,1,1,1
2,1,1,1
-3,1,0,1
3,1,1,1
5,1,1,1
5,1,1,1
5,1,1,1
4,1,1,1
-3,1,1,1
5,1,1,1
3,1,1,1
3,1,1,1
5,1,1,1
5,1,1,1
4,1,1,1
-2,1,1,1
3,1,1,1
-4,1,0,1
-3,1,1,1
3,1,1,1
3,1,1,1
5,1,1,1
-3,1,1,1
-2,1,1,2
-3,1,0,2
4,1,1,2
5,1,1,2
5,1,0,2
3,1,1,2
-2,1,1,2
5,1,0,2
5,1,0,2
5,1,0,2
5,1,1,2
5,1,1,2
4,1,1,2
4,1,1,2
4,1,0,2
4,1,0,2
-4,1,0,2
-4,1,0,2
5,1,0,2
-3,1,0,2
3,1,1,2
-4,1,0,2
-4,1,1,2
-4,1,0,2
5,1,0,2
5,1,1,2
-4,1,1,2
4,1,1,3
5,1,1,3
-2,1,0,3
5,1,1,3
5,1,1,3
5,1,1,3
5,1,1,3
5,1,1,3
5,1,1,3
4,1,1,3
5,1,1,3
-3,1,0,3
-3,1,1,3
3,1,1,3
-2,1,1,3
4,1,1,3
-4,1,1,3
-4,1,1,3
-4,1,1,3
-4,1,1,3
-4,1,1,3
-4,1,1,3
-3,1,1,3
4,1,1,3
-3,1,1,3
-3,1,1,3
5,1,1,3
-3,1,1,3
5,1,1,6
-3,1,1,6
-4,1,1,6
-3,1,0,6
-2,1,0,6
-3,1,1,6
4,1,1,6
5,1,1,6
5,1,1,6
5,1,1,6
-2,1,1,6
5,1,1,6
3,1,1,6
3,1,1,6
5,1,1,6
5,1,1,6
4,1,1,6
5,1,1,6
5,1,1,6
-3,1,1,6
-4,1,0,6
3,1,1,6
3,1,1,6
-2,1,1,6
5,1,1,6
-2,1,1,6
-3,1,1,6
-4,1,1,6
-3,1,1,7
5,1,1,7
5,1,1,7
4,1,0,7
-4,1,0,7
-4,1,1,7
-4,1,1,7
-4,1,1,7
3,1,1,7
5,1,1,7
-4,1,1,7
-3,1,1,7
4,1,1,7
5,1,0,7
5,1,1,7
5,1,1,7
3,1,1,7
5,1,1,7
4,1,1,7
-4,1,1,7
0,1,1,7
-2,1,1,7
3,1,1,7
5,1,1,7
5,1,1,7
5,1,1,7
-4,1,0,7
5,1,1,7
-4,1,0,9
-3,1,0,9
3,1,1,9
5,1,1,9
5,1,1,9
-4,1,1,9
-3,1,0,9
3,1,1,9
-4,1,0,9
3,1,1,9
4,1,1,9
-4,1,1,9
-4,1,1,9
-4,1,0,9
-2,1,0,9
3,1,1,9
-3,1,0,9
-4,1,1,9
3,1,1,9
4,1,1,9
3,1,1,9
-3,1,1,9
-4,1,1,9
-4,1,1,9
1,1,1,9
5,1,1,9
-4,1,1,9
3,1,0,10
-4,1,1,10
-4,1,1,10
-4,1,0,10
-3,1,0,10
-4,1,1,10
-2,1,1,10
3,1,1,10
-2,1,1,10
-4,1,1,10
-3,1,0,10
-4,1,1,10
4,1,1,10
4,1,1,10
5,1,1,10
3,1,1,10
-4,1,1,10
-3,1,0,10
-4,1,1,10
5,1,0,10
4,1,1,10
3,1,1,10
-4,1,1,10
-4,1,0,10
5,1,1,10
5,1,1,10
-1,1,1,10
-4,1,0,10
3,1,1,10
-2,1,1,11
-4,1,0,11
-3,1,1,11
3,1,1,11
3,1,1,11
-3,1,1,11
-3,1,1,11
3,1,1,11
-1,1,1,11
3,1,1,11
3,1,1,11
3,1,1,11
-4,1,1,11
4,1,1,11
5,1,1,11
-3,1,1,11
-4,1,1,11
-4,1,1,11
-4,1,1,11
-4,1,1,11
-4,1,1,11
-4,1,1,11
-4,1,1,11
-4,1,1,11
-3,1,0,11
4,1,1,11
5,1,1,11
5,1,1,11
-4,1,1,11
5,1,1,11
4,1,0,13
5,1,1,13
-3,1,1,13
5,1,1,13
-2,1,0,13
2,1,1,13
-4,1,1,13
3,1,1,13
-4,1,1,13
-4,1,1,13
5,1,0,13
4,1,1,13
5,1,1,13
4,1,1,13
3,1,1,13
-4,1,1,13
5,1,1,13
5,1,1,13
-2,1,1,13
5,1,1,13
-4,1,1,13
-4,1,1,13
5,1,1,13
5,1,1,13
5,1,1,13
4,1,1,13
5,1,1,13
4,1,1,13
-2,1,1,13
3,1,1,13
5,1,1,13
-2,1,1,14
4,1,1,14
5,1,1,14
-3,1,1,14
5,1,1,14
-4,1,0,14
-4,1,1,14
5,1,1,14
5,1,1,14
5,1,1,14
3,1,1,14
-4,1,0,14
5,1,1,14
3,1,1,14
4,1,1,14
5,1,1,14
5,1,1,14
4,1,1,14
-4,1,0,14
-3,1,1,14
3,1,0,14
-4,1,0,14
5,1,1,14
-4,1,0,14
3,1,1,14
4,1,1,14
3,1,1,14
4,1,1,14
3,1,1,15
-4,1,1,15
-2,1,1,15
5,1,1,15
-4,1,0,15
-3,1,1,15
5,1,1,15
5,1,1,15
3,1,1,15
-3,1,0,15
4,1,0,15
5,1,1,15
5,1,1,15
-3,1,1,15
5,1,1,15
5,1,1,15
4,1,1,15
-4,1,1,15
-3,1,1,15
-4,1,1,15
-4,1,0,15
4,1,0,15
-3,1,1,15
-3,1,0,15
-2,1,1,15
5,1,1,15
5,1,1,15
-4,1,0,15
-2,1,1,15
-2,1,0,15
3,1,1,16
5,1,1,16
-3,1,1,16
5,1,1,16
3,1,1,16
5,1,1,16
3,1,1,16
-4,1,0,16
3,1,1,16
5,1,1,16
3,1,1,16
3,1,1,16
-4,1,1,16
5,1,0,16
5,1,1,16
-3,1,0,16
4,1,0,16
3,1,1,16
3,1,0,16
-4,1,0,16
-3,1,1,16
5,1,0,16
5,1,1,16
5,1,0,16
-4,1,0,16
4,1,1,16
3,1,1,16
3,1,1,17
5,1,0,17
4,1,1,17
-4,1,1,17
-2,1,1,17
5,1,1,17
1,1,1,17
5,1,1,17
5,1,1,17
5,1,1,17
5,1,1,17
5,1,1,17
4,1,1,17
3,1,1,17
-4,1,0,17
-4,1,0,17
3,1,1,17
-4,1,0,17
3,1,1,17
-2,1,1,17
-4,1,1,17
5,1,1,17
4,1,1,17
-2,1,0,17
5,1,1,17
5,1,1,17
-4,1,0,17
-4,1,1,17
-3,1,1,18
5,1,1,18
2,1,1,18
-2,1,0,18
-4,1,1,18
-4,1,1,18
-3,1,1,18
-3,1,1,18
5,1,1,18
4,1,1,18
-3,1,1,18
-4,1,1,18
4,1,1,18
5,1,1,18
-2,1,1,18
5,1,1,18
0,1,1,18
3,1,1,18
-4,1,0,18
-2,1,1,18
3,1,1,18
-3,1,0,18
-4,1,1,18
-4,1,0,18
-4,1,1,18
5,1,1,18
2,1,1,18
3,1,1,18
-3,1,1,18
5,1,1,20
5,1,1,20
5,1,1,20
-4,1,1,20
-4,1,1,20
5,1,0,20
5,1,1,20
5,1,0,20
-4,1,1,20
5,1,1,20
4,1,1,20
3,1,1,20
4,1,1,20
-2,1,1,20
-4,1,1,20
5,1,1,20
5,1,1,20
-4,1,0,20
5,1,1,20
5,1,1,20
-2,1,0,20
4,1,1,20
5,1,1,20
-2,1,0,20
2,1,0,20
5,1,1,20
3,1,1,20
4,1,1,20
0,1,0,21
5,1,0,21
3,1,1,21
-4,1,1,21
-3,1,1,21
3,1,0,21
5,1,1,21
4,1,1,21
5,1,0,21
5,1,1,21
4,1,1,21
5,1,1,21
-4,1,1,21
5,1,0,21
5,1,1,21
4,1,1,21
5,1,1,21
4,1,1,21
-4,1,1,21
3,1,1,21
5,1,1,21
-2,1,0,21
-4,1,1,21
-4,1,1,21
5,1,1,21
-4,1,0,21
5,1,1,21
-2,1,1,22
-4,1,1,22
-4,1,1,22
-4,1,0,22
-1,1,1,22
-3,1,1,22
-4,1,1,22
5,1,1,22
3,1,1,22
3,1,1,22
5,1,1,22
-4,1,1,22
-4,1,1,22
-4,1,1,22
5,1,1,22
-2,1,0,22
-3,1,1,22
-4,1,1,22
3,1,1,22
4,1,1,22
5,1,0,22
4,1,1,22
4,1,1,22
3,1,1,22
5,1,1,22
-4,1,1,22
-4,1,0,22
3,1,1,22
5,1,1,22
1,1,1,22
5,1,1,23
-4,1,0,23
4,1,1,23
5,1,1,23
5,1,1,23
5,1,1,23
4,1,1,23
0,1,1,23
5,1,1,23
-2,1,0,23
3,1,1,23
-2,1,1,23
-2,1,1,23
-2,1,1,23
-4,1,1,23
3,1,1,23
-2,1,1,23
-2,1,1,23
-4,1,1,23
0,1,1,23
5,1,1,23
3,1,1,23
4,1,1,23
-2,1,1,23
3,1,1,23
-2,1,0,23
-4,1,1,23
4,1,0,23
-4,1,0,24
3,1,1,24
-2,1,0,24
2,1,1,24
-4,1,0,24
-2,1,0,24
5,1,1,24
5,1,0,24
5,1,0,24
-4,1,1,24
5,1,1,24
-4,1,1,24
-4,1,1,24
3,1,1,24
5,1,1,24
4,1,1,24
5,1,1,24
-2,1,1,24
-3,1,1,24
-3,1,1,24
-4,1,1,24
3,1,1,24
5,1,1,24
5,1,1,24
4,1,0,24
5,1,1,24
3,1,1,24
3,1,0,24
-2,1,0,25
5,1,1,25
4,1,1,25
3,1,1,25
5,1,1,25
-4,1,1,25
5,1,1,25
3,1,1,25
5,1,1,25
4,1,0,25
-4,1,1,25
-4,1,1,25
3,1,1,25
5,1,1,25
5,1,1,25
5,1,0,25
5,1,1,25
5,1,1,25
-4,1,0,25
-4,1,0,25
-4,1,0,25
-4,1,0,25
-4,1,0,25
5,1,1,25
5,1,1,25
-3,1,0,25
-2,1,0,25
-4,1,1,25
3,1,1,27
5,1,1,27
5,1,1,27
5,1,1,27
3,1,1,27
3,1,1,27
-3,1,1,27
-2,1,1,27
-2,1,1,27
-4,1,0,27
5,1,1,27
4,1,1,27
5,1,1,27
5,1,1,27
5,1,1,27
-3,1,0,27
-4,1,1,27
-4,1,0,27
-4,1,1,27
-2,1,1,27
-4,1,0,27
5,1,1,27
5,1,1,27
5,1,1,27
5,1,1,27
5,1,1,27
5,1,1,27
-3,1,1,27
0,1,1,27
-4,1,1,27
5,1,1,29
5,1,1,29
5,1,1,29
3,1,1,29
2,1,1,29
5,1,1,29
5,1,1,29
-4,1,1,29
5,1,1,29
-2,1,0,29
5,1,1,29
-4,1,0,29
-3,1,1,29
3,1,1,29
4,1,1,29
-3,1,1,29
-3,1,1,29
-3,1,1,29
-4,1,1,29
5,1,1,29
5,1,1,29
4,1,1,29
3,1,1,29
5,1,1,29
-2,1,1,29
3,1,1,29
-4,1,0,29
-2,1,1,29
-4,1,1,30
-2,1,1,30
-4,1,1,30
-3,1,1,30
-3,1,1,30
5,1,1,30
-4,1,1,30
5,1,1,30
5,1,1,30
-4,1,1,30
5,1,1,30
5,1,1,30
3,1,1,30
5,1,1,30
-4,1,1,30
3,1,1,30
4,1,1,30
-3,1,1,30
4,1,1,30
-3,1,1,30
-4,1,1,30
-1,1,1,30
3,1,1,30
-4,1,1,30
5,1,1,30
3,1,1,30
3,1,1,30
-4,1,1,34
5,1,1,34
5,1,1,34
5,1,1,34
-4,1,0,34
-2,1,1,34
-2,1,0,34
-4,1,0,34
-2,1,1,34
5,1,1,34
-4,1,0,34
-2,1,1,34
-1,1,1,34
-2,1,0,34
-4,1,1,34
-4,1,0,34
-4,1,1,34
4,1,1,34
5,1,1,34
5,1,1,34
2,1,1,34
5,1,1,34
4,1,1,34
-4,1,1,34
-3,1,1,34
4,1,1,34
-4,1,1,34
-3,1,0,34
-4,1,1,34
-3,1,1,34
5,1,1,37
5,1,1,37
5,1,1,37
-3,1,0,37
-2,1,1,37
-2,1,1,37
5,1,1,37
-4,1,1,37
5,1,0,37
5,1,1,37
5,1,1,37
4,1,0,37
5,1,1,37
-3,1,1,37
4,1,1,37
-2,1,0,37
4,1,0,37
-4,1,0,37
-3,1,0,37
-4,1,1,37
-4,1,0,37
-4,1,0,37
3,1,1,37
-3,1,0,37
-3,1,1,37
-4,1,0,37
-2,1,0,37
-4,1,0,37
3,1,1,39
-4,1,1,39
4,1,1,39
5,1,1,39
-1,1,1,39
-4,1,1,39
3,1,1,39
-3,1,1,39
4,1,1,39
-4,1,1,39
-4,1,0,39
-4,1,1,39
3,1,1,39
-2,1,1,39
-4,1,0,39
-3,1,0,39
3,1,1,39
-4,1,1,39
-2,1,1,39
-4,1,1,39
3,1,1,39
0,1,1,39
-2,1,1,39
-4,1,1,39
5,1,1,39
5,1,1,39
-3,1,1,39
-3,1,1,39
-2,1,1,39
-2,1,1,39
3,1,1,40
4,1,1,40
-4,1,0,40
5,1,1,40
-2,1,1,40
4,1,1,40
-4,1,0,40
-4,1,0,40
-4,1,0,40
-4,1,0,40
5,1,1,40
5,1,1,40
5,1,1,40
5,1,1,40
5,1,1,40
-3,1,0,40
-4,1,1,40
-4,1,0,40
-3,1,1,40
-2,1,0,40
4,1,1,40
4,1,0,40
5,1,1,40
5,1,1,40
-4,1,1,40
3,1,1,40
3,1,1,40
5,1,1,43
4,1,1,43
-4,1,0,43
-4,1,0,43
4,1,1,43
-3,1,0,43
-4,1,0,43
-2,1,1,43
4,1,1,43
-4,1,1,43
5,1,0,43
5,1,1,43
-4,1,0,43
-3,1,0,43
-4,1,0,43
-3,1,0,43
-2,1,1,43
5,1,1,43
-4,1,0,43
-4,1,1,43
-4,1,1,43
4,1,1,43
5,1,1,43
5,1,1,43
3,1,1,43
5,1,1,43
-3,1,1,43
5,1,1,44
-3,1,1,44
5,1,1,44
5,1,1,44
-2,1,1,44
-3,1,1,44
5,1,1,44
4,1,1,44
-2,1,1,44
5,1,1,44
3,1,0,44
5,1,1,44
-1,1,1,44
-4,1,0,44
5,1,1,44
-2,1,0,44
-2,1,1,44
-4,1,1,44
-4,1,1,44
5,1,1,44
5,1,1,44
5,1,1,44
5,1,1,44
5,1,1,44
-3,1,1,44
5,1,1,44
-2,1,0,44
5,1,1,44
4,1,1,44
-3,1,0,44
4,1,1,46
-3,1,1,46
4,1,0,46
5,1,1,46
3,1,1,46
-4,1,1,46
3,1,1,46
-4,1,1,46
5,1,1,46
-4,1,0,46
-4,1,1,46
-4,1,1,46
-4,1,1,46
-3,1,0,46
-4,1,0,46
5,1,1,46
-4,1,1,46
-3,1,1,46
-2,1,1,46
4,1,1,46
5,1,1,46
5,1,1,46
5,1,1,46
-3,1,0,46
-4,1,1,46
-2,1,0,46
-4,1,0,46
4,1,1,46
4,1,1,48
3,1,1,48
3,1,1,48
-3,1,0,48
4,1,1,48
3,1,1,48
5,1,1,48
3,1,0,48
4,1,1,48
5,1,1,48
-3,1,1,48
-2,1,0,48
-2,1,0,48
5,1,1,48
3,1,1,48
-4,1,1,48
3,1,1,48
5,1,1,48
5,1,1,48
-3,1,0,48
-4,1,1,48
5,1,1,48
3,1,0,48
4,1,1,48
-4,1,1,48
3,1,0,48
-2,1,0,48
-3,1,1,49
-4,1,1,49
-4,1,1,49
5,1,1,49
-2,1,1,49
5,1,1,49
-4,1,1,49
-4,1,1,49
4,1,1,49
5,1,1,49
-3,1,1,49
-3,1,0,49
5,1,1,49
-3,1,1,49
-4,1,0,49
4,1,1,49
-4,1,1,49
-3,1,1,49
5,1,1,49
5,1,1,49
3,1,1,49
4,1,1,49
-3,1,0,49
5,1,1,49
4,1,1,49
4,1,1,49
4,1,1,50
-4,1,1,50
-3,1,1,50
-4,1,1,50
-3,1,1,50
-3,1,1,50
-4,1,1,50
-3,1,1,50
-4,1,1,50
-2,1,1,50
-3,1,1,50
-3,1,1,50
5,1,1,50
3,1,1,50
5,1,1,50
2,1,1,50
3,1,1,50
4,1,1,50
5,1,1,50
5,1,1,50
3,1,1,50
5,1,1,50
2,1,1,50
3,1,1,50
-2,1,1,50
4,1,1,50
-4,1,1,50
5,1,1,50
4,1,1,51
3,1,1,51
-3,1,0,51
-3,1,1,51
5,1,1,51
5,1,1,51
5,1,1,51
5,1,1,51
5,1,1,51
-2,1,1,51
-3,1,0,51
-4,1,1,51
-4,1,1,51
-2,1,1,51
3,1,1,51
4,1,1,51
5,1,1,51
5,1,1,51
3,1,1,51
-4,1,1,51
-4,1,1,51
-2,1,0,51
4,1,1,51
-2,1,0,51
-1,1,1,51
5,1,1,51
4,1,1,51
-2,1,1,51
-4,1,1,51
-4,1,1,52
-4,1,1,52
4,1,1,52
5,1,1,52
3,1,1,52
5,1,1,52
-2,1,1,52
-4,1,1,52
5,1,1,52
-2,1,1,52
-3,1,1,52
-3,1,1,52
-3,1,1,52
4,1,1,52
5,1,1,52
-3,1,1,52
5,1,1,52
-3,1,0,52
4,1,1,52
-3,1,1,52
5,1,0,52
-2,1,1,52
3,1,1,52
-2,1,1,52
-4,1,1,52
5,1,1,52
-4,1,1,53
-4,1,0,53
-4,1,0,53
5,1,0,53
2,1,1,53
4,1,0,53
3,1,0,53
3,1,0,53
-2,1,0,53
5,1,0,53
-4,1,1,53
5,1,0,53
5,1,1,53
5,1,1,53
5,1,1,53
3,1,0,53
-2,1,1,53
3,1,0,53
-4,1,1,53
-4,1,1,53
-3,1,1,53
-4,1,0,53
-4,1,1,53
5,1,1,53
-4,1,1,53
-4,1,1,53
-3,1,1,53
-2,1,0,53
-4,1,0,53
5,1,0,53
5,1,0,54
-2,1,1,54
4,1,1,54
3,1,1,54
5,1,1,54
5,1,1,54
4,1,1,54
5,1,1,54
4,1,1,54
-4,1,1,54
-4,1,1,54
3,1,1,54
5,1,1,54
4,1,1,54
4,1,1,54
5,1,1,54
4,1,1,54
5,1,1,54
5,1,1,54
-4,1,0,54
-4,1,1,54
-4,1,0,54
4,1,1,54
-4,1,1,54
5,1,1,54
-2,1,1,54
3,1,1,54
0,1,0,54
-2,1,0,54
-4,1,1,54
-2,1,1,55
5,1,1,55
5,1,1,55
4,1,1,55
5,1,1,55
-3,1,1,55
5,1,1,55
-4,1,0,55
-4,1,0,55
4,1,1,55
3,1,0,55
4,1,1,55
4,1,1,55
4,1,1,55
5,1,1,55
4,1,1,55
5,1,1,55
5,1,1,55
-3,1,1,55
4,1,1,55
5,1,1,55
3,1,1,55
-4,1,1,55
3,1,1,58
4,1,1,58
3,1,1,58
5,1,1,58
5,1,1,58
4,1,1,58
3,1,1,58
5,1,1,58
-4,1,0,58
3,1,1,58
5,1,1,58
-2,1,0,58
-4,1,0,58
0,1,0,58
-3,1,1,58
-3,1,0,58
-4,1,1,58
-4,1,1,58
5,1,1,58
5,1,1,58
5,1,1,58
5,1,1,58
5,1,1,58
3,1,1,58
-3,1,0,58
3,1,1,58
-3,1,1,58
4,1,1,58
-4,1,1,59
-4,1,1,59
3,1,0,59
-3,1,1,59
5,1,1,59
5,1,1,59
5,1,1,59
5,1,0,59
5,1,1,59
3,1,1,59
-4,1,1,59
-3,1,1,59
-4,1,1,59
-2,1,1,59
-4,1,1,59
-2,1,1,59
5,1,1,59
3,1,1,59
-2,1,0,59
-4,1,1,59
-2,1,1,59
-4,1,1,59
-4,1,1,59
-4,1,0,59
4,1,1,59
-3,1,1,59
-4,1,0,59
5,1,1,59
5,1,1,62
-4,1,0,62
5,1,1,62
4,1,1,62
-3,1,1,62
-4,1,1,62
-4,1,1,62
5,1,0,62
4,1,1,62
5,1,1,62
4,1,1,62
-3,1,1,62
-3,1,1,62
4,1,1,62
5,1,1,62
5,1,1,62
-4,1,1,62
-3,1,0,62
4,1,1,62
-4,1,1,62
-4,1,1,62
-4,1,1,62
-4,1,1,62
3,1,0,62
-2,1,0,62
2,1,0,62
5,1,1,62
-4,1,1,63
3,1,1,63
3,1,1,63
3,1,1,63
3,1,1,63
5,1,1,63
5,1,1,63
-4,1,1,63
-4,1,1,63
-4,1,1,63
-3,1,1,63
-4,1,0,63
-2,1,1,63
-3,1,1,63
3,1,1,63
5,1,1,63
3,1,1,63
-4,1,1,63
-4,1,1,63
3,1,1,63
5,1,0,63
-4,1,1,63
-4,1,1,63
5,1,0,63
5,1,1,63
4,1,1,63
-4,1,1,64
4,1,1,64
4,1,1,64
-1,1,1,64
-4,1,1,64
-4,1,0,64
5,1,1,64
-4,1,1,64
3,1,1,64
5,1,1,64
-2,1,1,64
5,1,1,64
4,1,1,64
4,1,1,64
3,1,1,64
-4,1,0,64
-4,1,1,64
-4,1,1,64
-4,1,1,64
5,1,1,64
5,1,1,64
4,1,1,64
-2,1,1,64
-2,1,0,64
5,1,0,64
-4,1,0,64
3,1,1,64
5,1,1,65
5,1,1,65
3,1,1,65
3,1,1,65
5,1,1,65
-2,1,1,65
-4,1,0,65
5,1,1,65
5,1,1,65
5,1,0,65
-3,1,1,65
-4,1,1,65
-2,1,1,65
-3,1,1,65
5,1,1,65
4,1,1,65
5,1,1,65
5,1,1,65
-4,1,1,65
-2,1,1,65
5,1,0,65
-4,1,1,65
-4,1,1,65
5,1,1,65
-4,1,0,65
5,1,1,65
4,1,1,67
-3,1,1,67
3,1,1,67
-4,1,1,67
4,1,1,67
5,1,1,67
-4,1,1,67
-4,1,1,67
-4,1,1,67
-4,1,1,67
-1,1,1,67
-4,1,0,67
-3,1,1,67
5,1,1,67
5,1,1,67
-4,1,0,67
3,1,1,67
-4,1,0,67
-4,1,0,67
-4,1,0,67
-4,1,1,67
-2,1,1,67
5,1,1,67
5,1,0,67
5,1,1,67
-4,1,0,67
-4,1,1,68
-4,1,1,68
-4,1,1,68
-4,1,1,68
-4,1,1,68
3,1,1,68
5,1,1,68
4,1,1,68
-4,1,0,68
-2,1,1,68
-4,1,1,68
-4,1,1,68
-3,1,1,68
5,1,1,68
-4,1,1,68
-4,1,1,68
-3,1,1,68
-4,1,1,68
-4,1,1,68
5,1,1,68
-2,1,1,68
5,1,1,68
-2,1,1,68
3,1,1,68
-4,1,0,68
5,1,1,68
5,1,1,68
4,1,1,68
3,1,1,69
4,1,1,69
-4,1,1,69
-2,1,1,69
-3,1,1,69
-3,1,1,69
-4,1,1,69
3,1,1,69
-4,1,1,69
-2,1,1,69
-2,1,1,69
5,1,1,69
5,1,1,69
-4,1,1,69
3,1,1,69
5,1,1,69
3,1,1,69
-4,1,1,69
-4,1,1,69
5,1,1,69
-3,1,1,69
5,1,1,69
-4,1,1,69
-4,1,1,69
-2,1,1,69
5,1,1,69
4,1,1,69
-4,1,1,70
-4,1,1,70
-2,1,0,70
0,1,1,70
-1,1,0,70
4,1,1,70
4,1,1,70
4,1,1,70
3,1,1,70
-4,1,1,70
4,1,1,70
5,1,1,70
-2,1,1,70
3,1,1,70
5,1,1,70
-4,1,1,70
-4,1,1,70
-4,1,0,70
-4,1,1,70
-2,1,1,70
-4,1,0,70
-4,1,0,70
4,1,1,70
5,1,1,70
-3,1,1,70
4,1,1,70
-2,1,1,70
0,1,1,70
3,1,1,70
5,1,1,70
3,1,1,73
-3,1,0,73
-2,1,1,73
-3,1,1,73
-4,1,0,73
-4,1,1,73
4,1,1,73
4,1,1,73
3,1,1,73
-4,1,1,73
5,1,1,73
5,1,1,73
-4,1,1,73
4,1,1,73
-2,1,1,73
5,1,1,73
3,1,1,73
5,1,1,73
5,1,1,73
1,1,1,73
-4,1,0,73
3,1,1,73
-3,1,1,73
-4,1,1,73
-2,1,0,73
-4,1,1,73
5,1,1,73
5,1,1,73
1,1,1,73
5,1,1,74
5,1,1,74
5,1,1,74
3,1,1,74
-4,1,1,74
-2,1,1,74
5,1,1,74
-4,1,1,74
-3,1,1,74
5,1,1,74
5,1,1,74
4,1,1,74
3,1,1,74
5,1,1,74
5,1,1,74
-2,1,1,74
4,1,1,74
3,1,1,74
5,1,1,74
5,1,1,74
-4,1,0,74
5,1,1,74
5,1,1,74
5,1,1,74
5,1,1,74
5,1,1,74
4,1,1,74
4,1,1,77
4,1,1,77
5,1,1,77
5,1,1,77
-2,1,1,77
4,1,1,77
5,1,1,77
-3,1,1,77
-4,1,1,77
5,1,1,77
-2,1,0,77
5,1,1,77
5,1,1,77
-4,1,1,77
-3,1,1,77
-4,1,1,77
-3,1,0,77
4,1,1,77
5,1,1,77
-4,1,1,77
-2,1,1,77
3,1,1,77
-4,1,1,77
-3,1,1,77
5,1,1,77
3,1,1,77
5,1,1,77
4,1,1,78
-3,1,1,78
4,1,1,78
-4,1,1,78
-4,1,1,78
5,1,1,78
5,1,1,78
-4,1,1,78
-4,1,1,78
3,1,1,78
3,1,1,78
4,1,1,78
-2,1,1,78
5,1,1,78
4,1,1,78
-4,1,1,78
3,1,1,78
5,1,1,78
5,1,1,78
4,1,1,78
3,1,1,78
-3,1,1,78
-4,1,1,78
-4,1,1,78
-4,1,0,78
-4,1,1,78
5,1,0,79
-2,1,1,79
-2,1,1,79
0,1,1,79
-4,1,0,79
-2,1,1,79
-2,1,1,79
-4,1,1,79
1,1,0,79
4,1,1,79
3,1,1,79
-4,1,1,79
-4,1,0,79
2,1,1,79
4,1,1,79
-2,1,0,79
5,1,1,79
5,1,1,79
4,1,1,79
4,1,1,79
-3,1,0,79
-4,1,1,79
5,1,0,79
4,1,1,79
5,1,1,79
-3,1,0,79
-4,1,0,79
-4,1,0,79
5,1,1,79
2,1,1,79
4,1,1,79
-4,1,1,84
5,1,1,84
-2,1,0,84
-3,1,1,84
-4,1,1,84
5,1,1,84
-3,1,0,84
-2,1,1,84
5,1,1,84
3,1,1,84
4,1,1,84
-4,1,0,84
-4,1,0,84
-2,1,1,84
-3,1,1,84
-2,1,0,84
-4,1,0,84
-4,1,0,84
-2,1,0,84
3,1,1,84
5,1,1,84
5,1,0,84
-3,1,0,84
4,1,1,84
5,1,1,84
-3,1,1,84
-4,1,0,84
-2,1,1,84
5,1,0,84
1,1,0,85
-4,1,1,85
-4,1,0,85
3,1,1,85
5,1,1,85
-4,1,0,85
5,1,1,85
5,1,1,85
-4,1,0,85
-4,1,0,85
4,1,1,85
5,1,1,85
5,1,1,85
5,1,0,85
4,1,1,85
-4,1,0,85
5,1,1,85
5,1,1,85
5,1,1,85
-2,1,1,85
-4,1,1,85
-4,1,1,85
-2,1,1,85
4,1,1,85
4,1,1,85
5,1,1,85
-3,1,0,85
5,1,1,88
4,1,1,88
-3,1,1,88
-4,1,1,88
5,1,1,88
5,1,1,88
-2,1,1,88
-4,1,1,88
-2,1,1,88
-4,1,0,88
-3,1,0,88
-2,1,1,88
5,1,1,88
-4,1,0,88
-4,1,1,88
-2,1,1,88
5,1,1,88
4,1,1,88
5,1,1,88
5,1,1,88
5,1,1,88
-4,1,1,88
-4,1,0,88
-2,1,1,88
-2,1,1,88
-2,1,0,88
3,1,1,88
2,1,1,88
-2,1,1,88
-2,1,1,90
5,1,1,90
5,1,1,90
4,1,1,90
5,1,1,90
5,1,1,90
3,1,1,90
3,1,1,90
4,1,1,90
-4,1,1,90
3,1,1,90
-3,1,1,90
-4,1,1,90
-4,1,0,90
-2,1,0,90
2,1,0,90
3,1,1,90
4,1,1,90
-3,1,0,90
4,1,1,90
5,1,1,90
5,1,0,90
5,1,1,90
5,1,1,90
4,1,1,90
5,1,1,90
4,1,1,90
5,1,1,90
3,1,1,91
4,1,1,91
4,1,1,91
5,1,1,91
-4,1,1,91
-4,1,1,91
5,1,1,91
3,1,1,91
-4,1,1,91
-2,1,1,91
-4,1,1,91
5,1,0,91
4,1,1,91
5,1,1,91
5,1,0,91
5,1,0,91
5,1,1,91
5,1,1,91
5,1,1,91
-2,1,1,91
5,1,1,91
5,1,1,91
5,1,1,91
3,1,1,91
-4,1,1,91
-4,1,1,91
-3,1,1,91
5,1,1,91
5,1,1,91
-2,1,0,92
3,1,1,92
-1,1,1,92
-4,1,0,92
-4,1,0,92
3,1,1,92
5,1,1,92
4,1,1,92
0,1,1,92
4,1,1,92
-2,1,1,92
4,1,1,92
-4,1,1,92
4,1,1,92
-2,1,1,92
-4,1,0,92
5,1,1,92
-2,1,1,92
5,1,1,92
5,1,1,92
-4,1,0,92
-4,1,0,92
-4,1,1,92
-3,1,1,92
-4,1,1,92
-3,1,1,92
5,1,1,92
-2,1,1,92
5,1,0,95
5,1,1,95
5,1,1,95
5,1,1,95
-4,1,1,95
-3,1,1,95
-2,1,1,95
-4,1,1,95
5,1,1,95
3,1,1,95
4,1,0,95
5,1,1,95
4,1,1,95
5,1,1,95
4,1,0,95
5,1,1,95
3,1,1,95
-3,1,0,95
3,1,1,95
5,1,0,95
5,1,1,95
-4,1,0,95
-2,1,0,95
-4,1,0,95
5,1,1,95
3,1,1,95
-2,1,1,96
4,1,1,96
5,1,1,96
-3,1,0,96
-2,1,0,96
5,1,1,96
-2,1,1,96
5,1,1,96
-4,1,1,96
-3,1,0,96
-4,1,1,96
-4,1,1,96
-2,1,1,96
-4,1,1,96
4,1,1,96
5,1,1,96
5,1,1,96
5,1,1,96
5,1,1,96
-2,1,0,96
5,1,1,96
4,1,1,96
5,1,1,96
5,1,1,96
5,1,0,96
0,1,1,96
4,1,1,96
-4,1,0,99
5,1,1,99
5,1,1,99
5,1,1,99
-4,1,0,99
-3,1,0,99
5,1,1,99
5,1,1,99
-4,1,0,99
-4,1,0,99
3,1,1,99
-3,1,1,99
-4,1,1,99
-2,1,1,99
-4,1,1,99
-3,1,1,99
-4,1,0,99
-3,1,1,99
-2,1,1,99
-4,1,0,99
-4,1,0,99
-3,1,1,99
-3,1,0,99
-4,1,0,99
-2,1,1,99
4,1,1,99
4,1,1,99
5,1,1,100
5,1,0,100
5,1,1,100
-3,1,0,100
-4,1,0,100
-3,1,0,100
-4,1,0,100
-4,1,0,100
-4,1,0,100
5,1,0,100
-2,1,0,100
5,1,1,100
4,1,1,100
-1,1,1,100
-3,1,0,100
-3,1,0,100
-4,1,1,100
4,1,1,100
4,1,1,100
-4,1,0,100
4,1,1,100
5,1,0,100
3,1,1,100
0,1,1,100
5,1,1,100
5,1,1,100
5,1,1,100
-3,1,0,100
4,1,1,100
4,1,1,104
3,1,0,104
5,1,0,104
-2,1,0,104
5,1,1,104
-3,1,1,104
-4,1,1,104
5,1,1,104
5,1,1,104
5,1,0,104
5,1,1,104
5,1,1,104
-3,1,1,104
-4,1,0,104
-4,1,0,104
-2,1,0,104
5,1,0,104
3,1,1,104
-3,1,1,104
5,1,1,104
5,1,1,104
5,1,1,104
5,1,1,104
5,1,1,104
5,1,1,104
5,1,1,104
-3,1,1,104
-3,1,0,106
-4,1,0,106
4,1,1,106
2,1,0,106
-3,1,0,106
-2,1,0,106
-2,1,0,106
3,1,1,106
-4,1,0,106
-3,1,1,106
-4,1,1,106
3,1,1,106
4,1,1,106
5,1,1,106
-4,1,1,106
5,1,1,106
-3,1,0,106
3,1,0,106
-4,1,0,106
5,1,0,106
-3,1,0,106
5,1,1,106
3,1,1,106
5,1,0,106
1,1,0,106
-3,1,0,106
-3,1,0,106
-2,1,0,106
4,1,1,106
5,1,1,106
3,1,1,106
-4,1,1,108
-4,1,1,108
-2,1,1,108
5,1,0,108
5,1,1,108
5,1,1,108
4,1,1,108
5,1,1,108
5,1,1,108
-2,1,1,108
-2,1,1,108
1,1,1,108
3,1,1,108
-3,1,1,108
-4,1,1,108
-3,1,1,108
-3,1,1,108
1,1,1,108
5,1,1,108
4,1,1,108
5,1,1,108
4,1,1,108
5,1,1,108
3,1,0,108
5,1,0,108
5,1,0,108
-4,1,1,108
-4,1,1,108
3,1,1,109
4,1,1,109
5,1,1,109
5,1,1,109
4,1,1,109
5,1,1,109
-3,1,0,109
-1,1,0,109
-3,1,1,109
1,1,0,109
5,1,0,109
5,1,1,109
-2,1,0,109
3,1,1,109
-4,1,0,109
-4,1,1,109
4,1,1,109
-4,1,1,109
-4,1,0,109
5,1,0,109
-4,1,0,109
5,1,1,109
-3,1,1,109
-3,1,1,109
-4,1,1,109
-2,1,1,109
3,1,1,109
-4,1,1,109
1,1,1,109
3,1,0,109
4,1,1,111
-4,1,1,111
-4,1,1,111
5,1,1,111
-4,1,1,111
-3,1,1,111
-3,1,1,111
0,1,1,111
-4,1,0,111
-3,1,1,111
4,1,1,111
5,1,1,111
-4,1,1,111
-4,1,1,111
-4,1,1,111
5,1,1,111
5,1,1,111
5,1,1,111
4,1,1,111
-4,1,0,111
-4,1,1,111
-2,1,1,111
-3,1,0,111
-3,1,1,111
-2,1,1,111
-2,1,0,111
3,1,1,111
5,1,1,111
2,1,1,111
-4,1,1,112
-4,1,1,112
-3,1,1,112
-1,1,1,112
4,1,1,112
5,1,1,112
-4,1,1,112
-4,1,1,112
-3,1,1,112
3,1,1,112
3,1,1,112
5,1,1,112
4,1,1,112
5,1,1,112
5,1,1,112
4,1,1,112
-3,1,1,112
3,1,1,112
-4,1,1,112
-3,1,1,112
5,1,1,112
-3,1,0,112
-4,1,1,112
5,1,1,112
-4,1,1,112
-4,1,1,112
4,1,1,112
2,1,0,113
5,1,1,113
4,1,1,113
-4,1,1,113
-3,1,0,113
-4,1,0,113
4,1,1,113
-2,1,0,113
5,1,1,113
5,1,1,113
4,1,1,113
4,1,1,113
3,1,1,113
-2,1,1,113
5,1,1,113
-2,1,0,113
-2,1,0,113
-3,1,1,113
-3,1,0,113
-3,1,0,113
5,1,1,113
4,1,1,113
4,1,1,113
5,1,1,113
0,1,1,113
-4,1,0,113
-3,1,0,113
-4,1,0,113
-3,1,0,113
-2,1,0,115
-4,1,1,115
-4,1,1,115
5,1,0,115
0,1,1,115
-2,1,0,115
5,1,0,115
5,1,1,115
-3,1,1,115
3,1,1,115
4,1,1,115
5,1,1,115
5,1,1,115
-4,1,1,115
-3,1,1,115
-3,1,1,115
-4,1,0,115
-3,1,0,115
-4,1,0,115
-4,1,1,115
-2,1,1,115
-4,1,0,115
-2,1,0,115
-4,1,1,115
5,1,0,115
-2,1,1,115
-4,1,1,115
-2,1,1,115
3,1,0,115
-2,1,1,116
-4,1,1,116
-4,1,0,116
-4,1,1,116
4,1,0,116
4,1,1,116
5,1,1,116
-2,1,1,116
5,1,1,116
-4,1,1,116
-4,1,1,116
-1,1,1,116
3,1,1,116
5,1,1,116
5,1,1,116
5,1,1,116
5,1,1,116
5,1,1,116
4,1,1,116
3,1,1,116
5,1,0,116
5,1,0,116
3,1,1,116
-2,1,1,116
-4,1,0,116
-4,1,1,116
-1,1,1,116
5,1,1,116
3,1,1,118
5,1,1,118
4,1,1,118
4,1,1,118
-2,1,0,118
0,1,1,118
5,1,1,118
-4,1,1,118
5,1,1,118
5,1,1,118
5,1,1,118
3,1,1,118
-2,1,1,118
-4,1,1,118
5,1,0,118
5,1,1,118
5,1,0,118
3,1,0,118
-3,1,1,118
-4,1,1,118
-3,1,1,118
5,1,0,118
5,1,1,118
-2,1,0,118
-4,1,0,118
-4,1,1,118
-4,1,0,118
-3,1,1,118
-4,1,1,120
-3,1,0,120
-2,1,1,120
-2,1,1,120
-4,1,1,120
-4,1,1,120
-1,1,1,120
-2,1,1,120
2,1,1,120
-3,1,1,120
3,1,1,120
5,1,1,120
-4,1,1,120
-2,1,1,120
5,1,1,120
5,1,1,120
-4,1,1,120
-3,1,0,120
-4,1,0,120
3,1,1,120
5,1,1,120
-3,1,0,120
-4,1,0,120
-4,1,1,120
-4,1,1,120
-2,1,1,120
-3,1,1,120
5,1,1,120
3,1,1,120
5,1,1,120
-2,1,1,122
-3,1,0,122
5,1,1,122
-4,1,1,122
-4,1,1,122
-4,1,1,122
-2,1,1,122
-4,1,1,122
-4,1,1,122
-4,1,0,122
-2,1,1,122
5,1,0,122
5,1,1,122
-4,1,1,122
-4,1,0,122
-3,1,1,122
-3,1,1,122
-4,1,1,122
-2,1,1,122
-4,1,1,122
-4,1,0,122
5,1,1,122
5,1,1,122
5,1,1,122
5,1,1,122
5,1,1,122
-4,1,0,124
-4,1,1,124
-2,1,1,124
-4,1,1,124
-3,1,1,124
-4,1,1,124
-4,1,1,124
-4,1,1,124
-4,1,1,124
4,1,1,124
-4,1,1,124
-4,1,1,124
5,1,1,124
5,1,1,124
5,1,1,124
3,1,1,124
-4,1,1,124
-4,1,1,124
5,1,1,124
5,1,1,124
-3,1,0,124
-2,1,1,124
4,1,1,124
-4,1,1,124
-1,1,1,124
-2,1,1,124
5,1,1,124
3,1,1,127
-4,1,1,127
5,1,0,127
-4,1,1,127
1,1,1,127
3,1,1,127
-2,1,1,127
5,1,1,127
-2,1,1,127
3,1,1,127
-4,1,1,127
-4,1,1,127
-4,1,1,127
5,1,0,127
5,1,1,127
-3,1,1,127
-3,1,1,127
5,1,1,127
5,1,1,127
5,1,1,127
3,1,1,127
4,1,1,127
-4,1,0,127
-4,1,1,127
-4,1,0,127
-4,1,1,127
-2,1,1,127
0,1,1,127
3,1,1,127
5,1,1,128
-2,1,1,128
-4,1,0,128
-3,1,1,128
-4,1,1,128
-3,1,1,128
-3,1,1,128
-2,1,1,128
-2,1,1,128
5,1,1,128
-2,1,0,128
4,1,1,128
5,1,1,128
-4,1,1,128
-4,1,1,128
-4,1,1,128
-3,1,1,128
5,1,1,128
5,1,1,128
5,1,1,128
5,1,1,128
-4,1,1,128
-4,1,0,128
5,1,1,128
5,1,1,128
5,1,1,128
-3,1,1,128
4,1,1,129
5,1,1,129
4,1,1,129
0,1,0,129
3,1,1,129
3,1,1,129
5,1,0,129
5,1,1,129
4,1,1,129
-4,1,1,129
-4,1,1,129
5,1,1,129
4,1,1,129
5,1,1,129
5,1,1,129
-3,1,1,129
-2,1,1,129
-2,1,0,129
-4,1,0,129
-2,1,0,129
-3,1,0,129
-2,1,1,129
4,1,1,129
5,1,1,129
5,1,1,129
5,1,1,129
3,1,1,129
5,1,1,129
-4,1,0,129
3,1,1,129
-2,1,1,131
5,1,1,131
5,1,1,131
-4,1,1,131
-4,1,0,131
-4,1,1,131
4,1,1,131
3,1,1,131
4,1,1,131
5,1,1,131
5,1,1,131
-4,1,1,131
-1,1,1,131
3,1,1,131
-1,1,1,131
3,1,1,131
5,1,1,131
4,1,1,131
-2,1,0,131
5,1,1,131
5,1,1,131
4,1,1,131
3,1,1,131
-2,1,1,131
3,1,1,131
-4,1,1,131
-4,1,1,131
5,1,1,131
1,1,1,131
5,1,0,131
4,1,1,133
5,1,1,133
5,1,1,133
5,1,1,133
-4,1,1,133
5,1,1,133
5,1,1,133
5,1,1,133
0,1,0,133
-3,1,0,133
-4,1,1,133
3,1,1,133
-4,1,1,133
3,1,1,133
3,1,1,133
5,1,1,133
5,1,1,133
-4,1,1,133
4,1,1,133
5,1,1,133
-4,1,0,133
-4,1,0,133
4,1,1,133
2,1,1,133
5,1,1,133
3,1,1,133
4,1,1,133
-3,1,0,133
-4,1,0,133
2,1,1,134
-4,1,0,134
5,1,1,134
4,1,1,134
-2,1,1,134
1,1,1,134
3,1,1,134
5,1,1,134
-4,1,1,134
3,1,1,134
-2,1,1,134
-4,1,1,134
3,1,1,134
-4,1,1,134
5,1,1,134
4,1,1,134
3,1,1,134
-2,1,0,134
4,1,1,134
-4,1,0,134
-4,1,1,134
-4,1,1,134
-4,1,1,134
3,1,1,134
-4,1,1,134
-4,1,1,134
-3,1,0,134
-4,1,1,134
-3,1,0,134
-4,1,1,134
5,1,1,135
-4,1,1,135
-4,1,0,135
-4,1,0,135
3,1,1,135
5,1,1,135
-3,1,0,135
5,1,1,135
5,1,1,135
5,1,1,135
5,1,1,135
3,1,1,135
-4,1,1,135
-4,1,1,135
-4,1,1,135
3,1,1,135
4,1,1,135
-4,1,1,135
-3,1,1,135
-4,1,1,135
-4,1,1,135
3,1,1,135
-4,1,1,135
-4,1,1,135
-4,1,1,135
-4,1,1,135
-4,1,1,135
4,1,1,137
-3,1,1,137
5,1,1,137
5,1,1,137
-4,1,1,137
-2,1,1,137
-4,1,1,137
-2,1,0,137
3,1,1,137
-3,1,0,137
-3,1,1,137
5,1,1,137
5,1,1,137
-4,1,0,137
-4,1,1,137
-4,1,0,137
-4,1,0,137
-3,1,1,137
-4,1,1,137
-4,1,1,137
-2,1,1,137
-4,1,1,137
-4,1,1,137
3,1,1,137
-3,1,1,137
3,1,1,137
3,1,1,137
-3,1,0,137
5,1,1,137
5,1,1,138
5,1,1,138
5,1,1,138
2,1,1,138
4,1,1,138
5,1,1,138
5,1,1,138
4,1,0,138
-4,1,1,138
5,1,1,138
5,1,1,138
-4,1,1,138
-4,1,1,138
3,1,1,138
4,1,1,138
5,1,1,138
-2,1,1,138
5,1,1,138
5,1,1,138
5,1,1,138
-2,1,1,138
5,1,1,138
5,1,1,138
5,1,1,138
4,1,1,138
5,1,1,138
4,1,1,138
0,1,1,139
-2,1,1,139
-2,1,1,139
4,1,1,139
3,1,1,139
5,1,1,139
3,1,1,139
5,1,1,139
5,1,1,139
-2,1,1,139
-4,1,1,139
4,1,1,139
-4,1,1,139
-3,1,1,139
-2,1,1,139
-3,1,1,139
5,1,1,139
5,1,1,139
-2,1,0,139
3,1,1,139
-4,1,0,139
5,1,1,139
5,1,1,139
4,1,1,139
5,1,1,139
-2,1,1,139
3,1,1,139
3,1,1,139
3,1,1,141
5,1,0,141
5,1,0,141
-3,1,0,141
-3,1,1,141
-4,1,0,141
-4,1,1,141
-2,1,1,141
-1,1,1,141
-4,1,1,141
-3,1,0,141
3,1,1,141
5,1,0,141
-4,1,1,141
-4,1,1,141
3,1,1,141
3,1,1,141
4,1,1,141
5,1,1,141
2,1,1,141
3,1,1,141
-2,1,1,141
5,1,1,141
-4,1,0,141
4,1,1,141
5,1,1,141
3,1,1,141
-4,1,0,141
5,1,1,141
4,1,1,142
5,1,1,142
-4,1,0,142
3,1,1,142
5,1,1,142
1,1,1,142
-2,1,0,142
-4,1,0,142
-2,1,1,142
-2,1,1,142
5,1,1,142
5,1,1,142
5,1,1,142
-2,1,1,142
-2,1,1,142
3,1,1,142
-3,1,1,142
5,1,1,142
4,1,1,142
5,1,1,142
-2,1,1,142
5,1,1,142
5,1,1,142
4,1,1,142
5,1,1,142
5,1,1,142
4,1,1,142
5,1,1,142
-4,1,0,142
-4,1,1,143
-2,1,0,143
5,1,1,143
5,1,1,143
-2,1,1,143
-3,1,1,143
5,1,1,143
-4,1,0,143
-3,1,0,143
-2,1,1,143
5,1,1,143
5,1,1,143
4,1,1,143
5,1,1,143
3,1,1,143
5,1,1,143
-4,1,0,143
-4,1,1,143
4,1,0,143
5,1,1,143
-4,1,1,143
-3,1,1,143
-4,1,1,143
-4,1,1,143
-4,1,1,143
5,1,1,143
5,1,1,143
5,1,1,147
5,1,1,147
-4,1,1,147
-4,1,1,147
-4,1,1,147
-3,1,1,147
4,1,1,147
-4,1,1,147
4,1,1,147
4,1,1,147
5,1,1,147
5,1,1,147
5,1,1,147
-4,1,1,147
5,1,1,147
3,1,1,147
5,1,0,147
5,1,1,147
-3,1,1,147
-3,1,1,147
-2,1,1,147
-4,1,1,147
-4,1,1,147
-4,1,1,147
-4,1,1,147
5,1,1,147
-3,1,1,150
5,1,1,150
3,1,1,150
-4,1,1,150
-2,1,1,150
5,1,1,150
-2,1,1,150
-2,1,0,150
-4,1,0,150
-3,1,0,150
5,1,1,150
5,1,1,150
5,1,1,150
-4,1,0,150
-4,1,0,150
-3,1,0,150
-4,1,0,150
3,1,1,150
5,1,1,150
5,1,1,150
2,1,1,150
-2,1,1,150
-4,1,1,150
4,1,1,150
3,1,1,150
-3,1,0,150
3,1,1,150
-2,1,0,150
-4,1,0,150
1,1,0,151
-2,1,1,151
5,1,1,151
-4,1,1,151
-4,1,0,151
-3,1,1,151
-3,1,1,151
-3,1,0,151
-2,1,0,151
-2,1,1,151
5,1,1,151
3,1,0,151
4,1,0,151
-4,1,1,151
-2,1,1,151
5,1,1,151
-2,1,1,151
-4,1,1,151
-2,1,1,151
4,1,1,151
-2,1,0,151
5,1,1,151
5,1,1,151
4,1,1,151
5,1,1,151
5,1,1,151
5,1,1,151
-2,1,0,151
-2,1,1,151
3,1,0,152
3,1,1,152
4,1,1,152
-3,1,0,152
-2,1,0,152
-4,1,0,152
-2,1,1,152
-4,1,1,152
5,1,0,152
-2,1,1,152
-3,1,0,152
3,1,1,152
-4,1,0,152
3,1,1,152
-4,1,1,152
5,1,1,152
-2,1,1,152
5,1,1,152
-4,1,0,152
3,1,1,152
4,1,1,152
0,1,1,152
5,1,1,152
-4,1,0,152
3,1,1,152
-4,1,0,152
5,1,1,152
5,1,1,152
4,1,1,152
0,1,1,152
-2,1,0,152
-3,1,1,155
-4,1,1,155
-2,1,1,155
5,1,1,155
4,1,1,155
-3,1,1,155
3,1,1,155
5,1,1,155
-4,1,1,155
3,1,1,155
-3,1,0,155
-4,1,0,155
-4,1,0,155
3,1,1,155
-2,1,1,155
5,1,0,155
3,1,1,155
5,1,1,155
-3,1,1,155
-4,1,1,155
-2,1,1,155
-4,1,1,155
5,1,1,155
4,1,1,155
-4,1,1,155
-4,1,0,155
-3,1,1,155
-2,1,0,157
3,1,1,157
-4,1,1,157
-2,1,0,157
5,1,1,157
4,1,1,157
5,1,1,157
3,1,1,157
-4,1,1,157
-4,1,0,157
4,1,0,157
-4,1,0,157
-1,1,1,157
-3,1,1,157
3,1,1,157
5,1,1,157
-2,1,0,157
5,1,1,157
5,1,0,157
-4,1,1,157
5,1,1,157
4,1,1,157
5,1,1,157
5,1,0,157
5,1,0,157
-4,1,0,157
-2,1,1,157
-3,1,1,157
5,1,1,157
5,1,1,158
-3,1,1,158
-4,1,1,158
5,1,1,158
-3,1,1,158
5,1,1,158
-2,1,1,158
5,1,0,158
3,1,1,158
5,1,1,158
-3,1,0,158
-3,1,1,158
-3,1,0,158
4,1,1,158
5,1,1,158
5,1,0,158
3,1,1,158
0,1,1,158
-4,1,1,158
-4,1,1,158
-4,1,1,158
5,1,1,158
5,1,1,158
4,1,1,158
5,1,0,158
2,1,1,158
4,1,1,158
-4,1,1,160
-4,1,1,160
-4,1,1,160
-4,1,1,160
3,1,1,160
-3,1,1,160
-3,1,1,160
-2,1,1,160
-2,1,1,160
-4,1,1,160
-4,1,1,160
-2,1,0,160
5,1,1,160
5,1,1,160
5,1,1,160
5,1,1,160
-2,1,0,160
5,1,1,160
5,1,1,160
5,1,1,160
4,1,1,160
-4,1,1,160
5,1,1,160
5,1,1,160
3,1,1,160
4,1,1,160
-4,1,1,160
5,1,1,161
4,1,1,161
-4,1,0,161
-4,1,0,161
5,1,1,161
-2,1,1,161
-4,1,1,161
5,1,1,161
-3,1,1,161
-3,1,1,161
-2,1,1,161
-3,1,1,161
-4,1,1,161
-2,1,1,161
5,1,1,161
5,1,1,161
5,1,1,161
-4,1,1,161
-3,1,1,161
-3,1,1,161
-4,1,1,161
-4,1,1,161
4,1,1,161
-4,1,1,161
-2,1,1,161
5,1,1,161
0,1,1,161
-3,1,1,161
4,1,1,169
5,1,1,169
5,1,1,169
-3,1,1,169
-3,1,1,169
-4,1,1,169
-3,1,1,169
3,1,1,169
0,1,1,169
-3,1,1,169
5,1,1,169
5,1,1,169
-3,1,1,169
-4,1,1,169
-4,1,1,169
-3,1,0,169
-4,1,1,169
0,1,1,169
-4,1,1,169
5,1,1,169
3,1,1,169
-4,1,1,169
5,1,1,169
5,1,1,169
4,1,1,169
5,1,1,169
-3,1,1,169
-4,1,0,169
-3,1,1,169
-2,1,1,169
0,1,1,169
-2,1,0,169
3,1,1,171
5,1,1,171
4,1,1,171
-4,1,1,171
-3,1,1,171
0,1,0,171
3,1,1,171
-3,1,1,171
-4,1,1,171
4,1,1,171
3,1,1,171
5,1,0,171
5,1,1,171
-4,1,0,171
5,1,1,171
5,1,0,171
5,1,0,171
4,1,1,171
-2,1,1,171
-3,1,1,171
0,1,0,171
4,1,1,171
5,1,0,171
-4,1,0,171
-4,1,0,171
-2,1,0,171
5,1,0,171
5,1,1,171
5,1,0,171
1,1,1,172
5,1,1,172
5,1,1,172
5,1,1,172
-3,1,0,172
-3,1,1,172
-4,1,0,172
-4,1,1,172
-4,1,1,172
5,1,1,172
-2,1,0,172
5,1,1,172
-2,1,1,172
-2,1,0,172
0,1,1,172
-2,1,0,172
-4,1,0,172
5,1,1,172
-4,1,0,172
-3,1,0,172
5,1,0,172
5,1,0,172
-4,1,1,172
-4,1,0,172
3,1,1,172
-4,1,1,172
-2,1,1,172
-4,1,1,173
-3,1,1,173
-4,1,1,173
-4,1,1,173
-4,1,1,173
-4,1,1,173
-2,1,1,173
2,1,1,173
-2,1,0,173
5,1,1,173
-3,1,0,173
-3,1,1,173
-4,1,1,173
5,1,1,173
5,1,1,173
5,1,1,173
5,1,1,173
4,1,1,173
5,1,1,173
5,1,1,173
-4,1,1,173
5,1,1,173
3,1,1,173
-4,1,1,173
3,1,1,173
3,1,1,173
3,1,1,175
5,1,1,175
-2,1,0,175
-4,1,1,175
-4,1,1,175
-4,1,0,175
-4,1,1,175
-4,1,1,175
-3,1,1,175
-3,1,1,175
-3,1,1,175
-4,1,1,175
-4,1,1,175
3,1,1,175
5,1,1,175
5,1,0,175
5,1,0,175
-2,1,0,175
5,1,0,175
5,1,0,175
5,1,0,175
-4,1,0,175
-4,1,0,175
-4,1,0,175
3,1,1,175
3,1,1,175
4,1,1,175
5,1,1,175
5,1,0,175
-3,1,0,175
-4,1,0,176
-4,1,1,176
-4,1,1,176
-2,1,1,176
3,1,1,176
5,1,1,176
3,1,1,176
5,1,1,176
5,1,1,176
-2,1,1,176
-4,1,1,176
-3,1,0,176
-4,1,1,176
-2,1,1,176
5,1,1,176
3,1,1,176
3,1,1,176
4,1,0,176
5,1,0,176
5,1,0,176
3,1,1,176
5,1,0,176
5,1,1,176
5,1,1,176
-4,1,1,176
3,1,1,176
5,1,1,176
3,1,1,176
5,1,0,176
4,1,1,177
-2,1,0,177
1,1,1,177
3,1,1,177
-4,1,1,177
5,1,1,177
3,1,0,177
5,1,1,177
5,1,1,177
-3,1,1,177
5,1,1,177
-3,1,1,177
4,1,1,177
4,1,1,177
5,1,1,177
-4,1,0,177
-2,1,1,177
3,1,1,177
4,1,1,177
3,1,1,177
5,1,1,177
5,1,1,177
4,1,1,177
-4,1,0,177
5,1,1,177
1,1,1,177
0,1,1,177
4,1,1,177
-4,1,0,177
5,1,1,178
-4,1,1,178
-3,1,1,178
4,1,0,178
1,1,1,178
5,1,1,178
5,1,1,178
5,1,0,178
5,1,1,178
-4,1,0,178
-2,1,1,178
5,1,1,178
-2,1,1,178
-4,1,1,178
-4,1,1,178
-3,1,0,178
-3,1,0,178
-4,1,1,178
3,1,1,178
-3,1,0,178
5,1,1,178
3,1,1,178
-4,1,1,178
5,1,1,178
-2,1,1,178
3,1,1,178
4,1,0,178
-4,1,0,180
-4,1,1,180
-3,1,0,180
1,1,1,180
-2,1,1,180
-2,1,1,180
3,1,1,180
5,1,1,180
5,1,1,180
5,1,1,180
4,1,1,180
-2,1,0,180
5,1,1,180
-3,1,1,180
-4,1,1,180
-4,1,1,180
5,1,1,180
4,1,1,180
4,1,1,180
-1,1,0,180
-4,1,1,180
5,1,1,180
-4,1,0,180
-3,1,1,180
-2,1,1,180
3,1,1,180
-4,1,1,180
-4,1,1,180
-4,1,1,180
-2,1,1,180
4,1,1,180
1,1,1,183
5,1,1,183
5,1,1,183
-4,1,0,183
-4,1,0,183
-4,1,0,183
-4,1,1,183
-4,1,0,183
-4,1,0,183
3,1,1,183
-2,1,0,183
1,1,1,183
-4,1,0,183
5,1,1,183
-4,1,0,183
-3,1,1,183
5,1,1,183
3,1,1,183
3,1,1,183
-4,1,1,183
-4,1,0,183
-4,1,1,183
4,1,1,183
-3,1,0,183
4,1,1,183
-4,1,0,183
-4,1,0,183
5,1,1,183
3,1,1,183
3,1,1,183
-4,1,1,184
4,1,1,184
-4,1,1,184
-4,1,1,184
0,1,1,184
4,1,1,184
5,1,1,184
-4,1,0,184
1,1,1,184
3,1,1,184
4,1,1,184
3,1,1,184
3,1,1,184
5,1,1,184
4,1,1,184
4,1,1,184
4,1,1,184
5,1,1,184
4,1,1,184
3,1,1,184
-2,1,1,184
5,1,1,184
-4,1,1,184
4,1,1,184
-2,1,0,184
5,1,1,184
5,1,1,184
-3,1,1,184
-2,1,0,184
-2,1,1,184
3,1,1,184
4,1,1,187
3,1,1,187
-4,1,1,187
-4,1,1,187
-4,1,1,187
-3,1,1,187
-2,1,1,187
-4,1,1,187
5,1,1,187
-4,1,1,187
-4,1,1,187
3,1,1,187
5,1,1,187
5,1,1,187
3,1,1,187
-2,1,1,187
-3,1,1,187
-4,1,1,187
-4,1,1,187
-3,1,1,187
-3,1,1,187
-4,1,1,187
-4,1,1,187
5,1,1,187
3,1,1,187
-4,1,1,187
3,1,1,187
-3,1,1,187
-2,1,1,188
-2,1,1,188
-3,1,1,188
5,1,1,188
3,1,1,188
5,1,1,188
4,1,1,188
3,1,1,188
-3,1,1,188
5,1,1,188
2,1,1,188
4,1,0,188
-3,1,0,188
-2,1,0,188
-3,1,1,188
-4,1,1,188
-4,1,1,188
5,1,1,188
4,1,1,188
5,1,1,188
4,1,1,188
4,1,0,188
5,1,1,188
5,1,0,188
-4,1,1,188
-2,1,1,188
-4,1,1,188
5,1,1,188
5,1,1,188
5,1,1,188
-2,1,1,190
3,1,1,190
4,1,1,190
-4,1,1,190
-4,1,1,190
-4,1,1,190
-3,1,0,190
-4,1,0,190
-2,1,0,190
-4,1,1,190
5,1,1,190
4,1,1,190
-3,1,1,190
5,1,1,190
5,1,1,190
5,1,0,190
4,1,0,190
5,1,1,190
-4,1,1,190
5,1,1,190
5,1,1,190
-4,1,1,190
-2,1,0,190
5,1,1,190
5,1,1,190
-4,1,1,190
-3,1,0,190
-2,1,1,190
-4,1,1,190
-3,1,0,192
5,1,0,192
5,1,1,192
5,1,1,192
-4,1,1,192
-4,1,1,192
5,1,1,192
5,1,1,192
5,1,1,192
5,1,1,192
5,1,1,192
3,1,1,192
-4,1,1,192
3,1,1,192
5,1,0,192
3,1,1,192
5,1,1,192
5,1,1,192
4,1,1,192
3,1,1,192
4,1,1,192
5,1,1,192
4,1,1,192
5,1,1,192
3,1,1,192
5,1,0,192
2,1,1,192
-4,1,1,192
-4,1,0,193
-2,1,0,193
-2,1,1,193
-2,1,1,193
-1,1,1,193
4,1,1,193
5,1,1,193
4,1,0,193
4,1,1,193
4,1,0,193
5,1,0,193
5,1,1,193
3,1,0,193
-2,1,1,193
-3,1,0,193
4,1,1,193
5,1,0,193
5,1,0,193
5,1,1,193
-2,1,1,193
5,1,1,193
-4,1,1,193
-4,1,1,193
-4,1,0,193
-4,1,0,193
-2,1,1,193
-4,1,1,193
-3,1,0,193
3,1,0,193
-2,1,1,194
-4,1,1,194
3,1,1,194
5,1,1,194
-2,1,1,194
5,1,1,194
5,1,1,194
-2,1,0,194
3,1,1,194
3,1,1,194
5,1,1,194
5,1,1,194
-4,1,1,194
-4,1,1,194
-4,1,1,194
2,1,1,194
-2,1,1,194
-4,1,1,194
3,1,1,194
-4,1,1,194
-4,1,0,194
-3,1,1,194
5,1,1,194
5,1,1,194
5,1,1,194
4,1,1,194
-4,1,0,194
5,1,1,197
3,1,1,197
-4,1,1,197
5,1,0,197
-2,1,0,197
-2,1,0,197
-3,1,0,197
5,1,1,197
4,1,0,197
5,1,1,197
1,1,1,197
3,1,1,197
-4,1,1,197
-4,1,1,197
4,1,1,197
1,1,1,197
3,1,1,197
3,1,0,197
-3,1,0,197
-3,1,1,197
4,1,1,197
5,1,1,197
4,1,1,197
4,1,1,197
5,1,1,197
4,1,1,197
-2,1,0,197
3,1,1,199
-4,1,1,199
-2,1,1,199
3,1,1,199
4,1,0,199
-2,1,0,199
-3,1,1,199
3,1,1,199
5,1,1,199
-3,1,0,199
3,1,0,199
3,1,0,199
-4,1,1,199
-3,1,0,199
5,1,1,199
3,1,1,199
5,1,0,199
-2,1,0,199
-3,1,0,199
5,1,1,199
5,1,0,199
4,1,1,199
-3,1,1,199
-4,1,0,199
5,1,1,199
3,1,1,199
5,1,0,199
-3,1,1,200
-4,1,0,200
-4,1,1,200
4,1,1,200
3,1,1,200
5,1,1,200
5,1,1,200
5,1,1,200
4,1,1,200
4,1,1,200
4,1,1,200
5,1,1,200
-3,1,0,200
-4,1,0,200
4,1,1,200
5,1,1,200
3,1,1,200
-2,1,0,200
-4,1,0,200
5,1,1,200
4,1,1,200
5,1,0,200
4,1,1,200
5,1,1,200
-3,1,1,200
4,1,0,200
4,1,0,200
-3,1,1,201
-4,1,0,201
-4,1,1,201
4,1,1,201
-2,1,1,201
-3,1,1,201
-2,1,1,201
-4,1,1,201
5,1,1,201
3,1,1,201
5,1,1,201
4,1,0,201
-4,1,1,201
-3,1,1,201
-2,1,1,201
4,1,1,201
4,1,1,201
-2,1,1,201
-4,1,1,201
-3,1,1,201
-3,1,1,201
-4,1,1,201
-1,1,1,201
5,1,1,201
-2,1,1,201
-3,1,1,201
-4,1,1,201
-4,1,1,201
-3,1,1,201
-3,1,1,202
4,1,1,202
5,1,1,202
5,1,1,202
-3,1,1,202
-3,1,1,202
-4,1,1,202
-4,1,1,202
-3,1,1,202
-2,1,1,202
-3,1,1,202
-2,1,1,202
-2,1,1,202
-4,1,1,202
-2,1,1,202
5,1,1,202
5,1,1,202
5,1,1,202
3,1,1,202
5,1,1,202
3,1,1,202
3,1,1,202
3,1,1,202
-4,1,1,202
-2,1,1,202
4,1,1,202
-4,1,1,204
-4,1,1,204
5,1,1,204
-4,1,1,204
-4,1,1,204
-4,1,1,204
3,1,1,204
5,1,1,204
4,1,1,204
3,1,1,204
5,1,1,204
5,1,1,204
-3,1,0,204
-4,1,1,204
-3,1,1,204
-4,1,1,204
3,1,1,204
-4,1,0,204
-2,1,1,204
-2,1,1,204
5,1,1,204
5,1,1,204
-2,1,1,204
-2,1,1,204
3,1,1,204
5,1,1,204
5,1,1,204
4,1,0,207
-4,1,1,207
-4,1,1,207
5,1,0,207
5,1,0,207
5,1,1,207
-4,1,1,207
0,1,0,207
3,1,0,207
-3,1,1,207
5,1,1,207
5,1,1,207
-2,1,1,207
-4,1,1,207
-4,1,0,207
-3,1,0,207
-4,1,0,207
-4,1,0,207
5,1,1,207
5,1,1,207
-2,1,1,207
3,1,1,207
4,1,1,207
-4,1,1,207
5,1,1,207
5,1,1,207
3,1,1,207
5,1,1,207
-3,1,1,209
-2,1,1,209
5,1,1,209
4,1,1,209
-4,1,1,209
3,1,1,209
-3,1,1,209
-4,1,1,209
4,1,1,209
3,1,1,209
0,1,0,209
5,1,1,209
-2,1,1,209
5,1,1,209
4,1,1,209
3,1,1,209
3,1,1,209
-4,1,1,209
-4,1,1,209
-4,1,1,209
-4,1,0,209
-4,1,1,209
-4,1,1,209
-3,1,1,209
-4,1,1,209
5,1,1,209
5,1,1,209
2,1,1,209
4,1,1,210
5,1,1,210
3,1,1,210
1,1,1,210
-2,1,1,210
-4,1,1,210
3,1,1,210
5,1,1,210
5,1,1,210
5,1,1,210
3,1,1,210
5,1,1,210
-4,1,1,210
4,1,1,210
4,1,1,210
-4,1,0,210
-4,1,0,210
5,1,1,210
5,1,1,210
3,1,1,210
-2,1,1,210
-3,1,1,210
-4,1,1,210
-4,1,1,210
-4,1,0,210
-4,1,0,210
5,1,1,211
-4,1,1,211
-2,1,1,211
-3,1,1,211
4,1,1,211
1,1,1,211
5,1,1,211
5,1,1,211
5,1,1,211
4,1,1,211
5,1,1,211
-4,1,0,211
-2,1,1,211
5,1,1,211
-2,1,1,211
-4,1,1,211
-4,1,1,211
-3,1,1,211
-3,1,1,211
-3,1,1,211
-4,1,1,211
3,1,1,211
-3,1,1,211
5,1,1,211
3,1,1,211
-4,1,0,211
5,1,1,211
-2,1,1,211
3,1,1,211
4,1,1,211
-3,1,1,212
5,1,1,212
3,1,1,212
5,1,1,212
-3,1,1,212
-4,1,1,212
5,1,1,212
3,1,1,212
5,1,1,212
4,1,1,212
3,1,1,212
5,1,0,212
4,1,1,212
-1,1,0,212
4,1,1,212
-4,1,0,212
5,1,1,212
5,1,1,212
3,1,0,212
4,1,0,212
4,1,1,212
4,1,1,212
4,1,1,212
0,1,0,213
5,1,1,213
5,1,1,213
5,1,1,213
5,1,1,213
5,1,1,213
-4,1,1,213
5,1,1,213
-3,1,0,213
5,1,1,213
5,1,1,213
-4,1,1,213
-3,1,0,213
-2,1,1,213
-4,1,1,213
4,1,0,213
4,1,0,213
-2,1,1,213
4,1,0,213
5,1,1,213
5,1,1,213
-4,1,1,213
-4,1,1,213
-4,1,1,213
-2,1,1,213
-4,1,1,213
5,1,1,213
-2,1,1,213
-3,1,1,213
4,1,1,214
5,1,1,214
5,1,1,214
3,1,1,214
0,1,1,214
4,1,1,214
5,1,1,214
5,1,1,214
-2,1,0,214
-3,1,1,214
-2,1,1,214
-2,1,0,214
0,1,0,214
-4,1,1,214
-4,1,0,214
5,1,1,214
3,1,1,214
4,1,1,214
-3,1,1,214
4,1,1,214
-4,1,1,214
-3,1,0,214
-4,1,1,214
-3,1,1,214
-4,1,0,214
-4,1,1,214
3,1,1,214
4,1,1,214
4,1,1,214
0,1,1,217
3,1,1,217
-4,1,1,217
3,1,1,217
-4,1,1,217
-2,1,1,217
-1,1,1,217
-4,1,1,217
-4,1,1,217
-2,1,1,217
3,1,1,217
-3,1,1,217
-1,1,1,217
-4,1,1,217
-3,1,1,217
-4,1,1,217
5,1,1,217
5,1,1,217
1,1,1,217
5,1,1,217
5,1,1,217
5,1,1,217
3,1,1,217
5,1,1,217
5,1,1,217
4,1,1,217
5,1,1,217
5,1,1,217
5,1,1,217
5,1,1,217
1,1,1,217
4,1,1,217
-1,1,1,221
-4,1,1,221
-4,1,1,221
-4,1,1,221
-4,1,1,221
-4,1,1,221
-3,1,1,221
4,1,1,221
5,1,1,221
5,1,1,221
-2,1,1,221
-2,1,1,221
3,1,1,221
4,1,1,221
-2,1,1,221
-2,1,1,221
-4,1,1,221
-3,1,1,221
4,1,1,221
-2,1,1,221
0,1,1,221
-4,1,1,221
-2,1,1,221
-3,1,1,221
-4,1,1,221
-2,1,1,221
3,1,1,221
-2,1,1,221
-4,1,1,222
5,1,1,222
5,1,1,222
3,1,1,222
-2,1,1,222
4,1,1,222
0,1,1,222
-4,1,0,222
5,1,1,222
3,1,0,222
-2,1,0,222
5,1,1,222
5,1,1,222
-1,1,0,222
-3,1,1,222
4,1,1,222
-2,1,1,222
-2,1,0,222
5,1,1,222
3,1,1,222
-2,1,0,222
5,1,1,222
5,1,1,222
5,1,1,222
-2,1,1,222
4,1,1,222
5,1,1,222
-4,1,1,222
-2,1,0,223
3,1,1,223
4,1,1,223
5,1,1,223
2,1,1,223
-3,1,0,223
5,1,1,223
4,1,1,223
-2,1,1,223
-4,1,0,223
-2,1,1,223
-2,1,0,223
-2,1,1,223
5,1,0,223
5,1,1,223
4,1,1,223
4,1,1,223
5,1,1,223
4,1,1,223
-4,1,0,223
-4,1,0,223
-3,1,0,223
3,1,0,223
-4,1,1,223
-2,1,1,223
-3,1,1,223
4,1,0,223
-4,1,0,223
5,1,0,223
1,1,1,223
3,1,0,226
-4,1,0,226
5,1,0,226
-4,1,1,226
1,1,0,226
3,1,0,226
-2,1,1,226
5,1,1,226
-2,1,0,226
-4,1,1,226
3,1,1,226
-4,1,0,226
-4,1,1,226
-4,1,0,226
5,1,1,226
5,1,1,226
-3,1,0,226
-3,1,1,226
5,1,1,226
5,1,0,226
5,1,0,226
3,1,1,226
4,1,1,226
-4,1,1,226
-4,1,0,226
-4,1,1,226
-2,1,1,226
0,1,1,226
3,1,1,226
-4,1,1,231
-4,1,0,231
5,1,1,231
-4,1,1,231
3,1,1,231
-2,1,1,231
-3,1,1,231
5,1,1,231
-4,1,1,231
5,1,1,231
3,1,1,231
3,1,1,231
-4,1,1,231
-3,1,0,231
-4,1,1,231
3,1,1,231
4,1,1,231
-4,1,1,231
-4,1,0,231
5,1,1,231
4,1,1,231
-4,1,0,231
3,1,1,231
-3,1,1,231
-2,1,1,231
-2,1,1,231
2,1,1,231
4,1,1,231
-4,1,1,232
4,1,1,232
3,1,1,232
5,1,1,232
4,1,1,232
-4,1,1,232
-3,1,1,232
-4,1,1,232
-4,1,1,232
5,1,1,232
-3,1,1,232
5,1,1,232
5,1,1,232
5,1,1,232
-4,1,0,232
-3,1,1,232
-4,1,1,232
-4,1,1,232
-3,1,0,232
5,1,1,232
-2,1,0,232
5,1,1,232
2,1,1,232
5,1,1,232
5,1,1,232
-4,1,1,232
5,1,1,232
