-8,1,1
3,1,1
-8,1,1
8,1,1
8,1,1
3,1,1
-2,1,1
8,0,1
5,1,1
-2,1,1
-8,1,1
8,1,1
-2,1,1
7,0,1
3,1,1
8,1,1
8,1,1
-7,1,1
-2,1,1
-8,1,1
-2,0,1
-7,0,1
6,1,1
4,1,1
8,1,1
-4,0,2
-7,0,2
-6,0,2
-8,1,2
7,1,2
7,1,2
3,1,2
-3,1,2
-2,1,2
-5,1,2
-8,1,2
4,1,2
7,1,2
-4,1,2
-8,1,2
5,0,2
8,1,2
8,0,2
5,1,2
-4,1,2
-4,1,2
5,0,2
6,1,2
-3,1,2
-5,1,2
-2,1,3
-4,1,3
8,1,3
8,1,3
4,1,3
5,1,3
4,1,3
6,1,3
-3,1,3
3,1,3
-7,1,3
3,1,3
-4,1,3
-4,1,3
-7,1,3
4,1,3
-5,1,3
-6,1,3
3,0,3
-8,1,3
3,1,3
5,1,3
6,1,3
-3,1,3
5,1,3
4,1,4
-8,1,4
-4,1,4
7,0,4
8,0,4
5,1,4
6,1,4
4,1,4
8,1,4
3,0,4
-4,1,4
-3,1,4
-3,0,4
-6,1,4
5,0,4
6,0,4
8,0,4
8,1,4
5,0,4
4,1,4
4,0,4
-2,1,4
-2,1,4
4,1,4
6,1,4
-8,1,5
8,1,5
8,0,5
5,1,5
-2,1,5
-2,1,5
7,1,5
8,1,5
7,1,5
8,0,5
7,1,5
6,1,5
7,1,5
8,0,5
7,1,5
-3,0,5
-2,1,5
-7,1,5
-4,1,5
-2,0,5
-3,1,5
-2,1,5
-8,1,5
-4,1,5
-7,1,5
-7,1,6
-3,1,6
-7,1,6
-7,1,6
-4,1,6
-6,1,6
-3,1,6
-2,1,6
3,1,6
5,1,6
5,1,6
8,0,6
8,1,6
5,1,6
-7,1,6
4,1,6
-2,1,6
-8,1,6
-5,1,6
-8,1,6
-8,1,6
-3,1,6
4,0,6
-8,1,6
-6,1,6
8,1,7
3,1,7
-4,1,7
5,1,7
4,1,7
8,1,7
8,1,7
4,1,7
5,1,7
8,1,7
4,1,7
-6,1,7
-2,1,7
-5,1,7
-3,1,7
-8,1,7
7,1,7
7,1,7
3,1,7
4,1,7
-4,1,7
-6,1,7
-5,1,7
-2,1,7
3,1,7
-3,1,8
4,1,8
-3,1,8
-2,1,8
8,1,8
8,1,8
6,1,8
4,0,8
4,1,8
8,1,8
8,1,8
8,1,8
8,1,8
-6,0,8
-7,1,8
8,0,8
-7,1,8
-4,1,8
8,1,8
8,1,8
3,0,8
8,1,8
8,1,8
7,1,8
8,1,8
7,1,9
6,1,9
6,1,9
-2,1,9
-6,1,9
4,1,9
7,0,9
8,1,9
8,0,9
-2,1,9
-2,1,9
-3,1,9
7,0,9
8,1,9
8,1,9
7,1,9
4,0,9
5,1,9
-8,1,9
8,1,9
-4,1,9
-8,1,9
-5,1,9
-7,1,9
-8,1,9
-8,1,10
5,1,10
5,1,10
-7,0,10
-7,1,10
-2,1,10
3,1,10
3,0,10
-8,1,10
-2,1,10
3,0,10
7,1,10
7,1,10
8,1,10
8,1,10
8,1,10
8,1,10
-3,1,10
-8,1,10
-5,1,10
-4,1,10
-8,1,10
-7,0,10
-6,1,10
-7,1,10
8,1,11
-3,0,11
6,0,11
7,1,11
-7,1,11
-6,1,11
-8,1,11
8,1,11
7,1,11
7,1,11
5,1,11
7,1,11
6,1,11
6,0,11
3,1,11
7,1,11
-2,1,11
4,1,11
-6,1,11
-7,1,11
8,1,11
6,1,11
4,1,11
8,1,11
8,1,11
8,1,12
5,1,12
5,1,12
4,1,12
-3,1,12
6,0,12
8,1,12
8,1,12
-8,1,12
-7,1,12
8,1,12
8,1,12
5,1,12
-2,1,12
3,0,12
3,1,12
-8,0,12
-5,0,12
-5,1,12
-6,1,12
-6,1,12
8,1,12
8,1,12
8,1,12
8,1,12
8,1,13
7,1,13
-2,1,13
-6,0,13
-3,1,13
-7,1,13
-4,1,13
4,1,13
-3,1,13
3,1,13
4,1,13
3,1,13
-5,1,13
-8,1,13
-8,1,13
-7,1,13
-5,1,13
-5,1,13
-8,1,13
-4,1,13
-8,1,13
5,1,13
8,1,13
3,1,13
-2,1,13
7,0,14
-8,1,14
3,1,14
3,1,14
7,1,14
5,1,14
6,1,14
7,1,14
-4,1,14
8,1,14
7,1,14
8,1,14
5,0,14
8,1,14
8,1,14
8,1,14
7,1,14
7,1,14
4,1,14
8,1,14
8,1,14
8,1,14
8,1,14
8,1,14
8,1,14
-4,1,15
-6,1,15
4,0,15
4,1,15
4,1,15
4,1,15
-2,1,15
-3,1,15
-8,1,15
-7,1,15
3,1,15
-5,1,15
6,1,15
3,1,15
4,1,15
8,1,15
3,1,15
8,0,15
7,1,15
3,1,15
-8,1,15
4,1,15
3,1,15
-2,1,15
5,1,15
-8,1,16
7,0,16
-4,1,16
-5,1,16
8,1,16
-8,1,16
-2,1,16
8,1,16
8,1,16
8,1,16
6,1,16
3,1,16
7,0,16
6,0,16
6,1,16
7,0,16
8,1,16
-3,1,16
-7,0,16
-7,0,16
-6,1,16
-3,1,16
-8,1,16
-5,1,16
-4,0,16
-4,1,17
-8,1,17
3,1,17
-3,1,17
3,1,17
4,1,17
-5,1,17
-2,1,17
-8,1,17
6,0,17
8,1,17
8,1,17
7,1,17
-2,1,17
-6,1,17
-6,1,17
5,1,17
-7,1,17
-8,1,17
-8,1,17
3,1,17
-8,1,17
-3,1,17
6,1,17
7,1,17
8,0,18
8,0,18
8,1,18
4,1,18
5,1,18
-6,1,18
7,1,18
8,1,18
3,1,18
-8,1,18
8,0,18
8,1,18
6,1,18
6,1,18
3,1,18
8,1,18
8,1,18
8,1,18
8,1,18
8,1,18
8,1,18
-5,1,18
8,1,18
-4,1,18
-8,1,18
-3,1,19
7,1,19
8,1,19
-4,1,19
-6,1,19
-7,1,19
-5,1,19
-4,1,19
3,1,19
-8,1,19
-6,1,19
-3,1,19
-8,1,19
-6,1,19
-8,1,19
-7,1,19
8,0,19
-2,0,19
5,1,19
6,1,19
8,1,19
-5,1,19
-6,0,19
4,1,19
6,1,19
8,1,20
7,0,20
8,0,20
8,1,20
5,1,20
6,1,20
5,1,20
4,1,20
8,1,20
8,1,20
8,1,20
-8,0,20
8,1,20
-2,0,20
8,0,20
7,0,20
8,0,20
6,1,20
7,1,20
8,0,20
7,1,20
-4,1,20
-7,0,20
-8,0,20
-3,0,20
7,1,21
6,1,21
3,1,21
7,1,21
5,1,21
3,1,21
8,1,21
8,1,21
7,1,21
8,1,21
8,1,21
6,1,21
7,1,21
-2,1,21
-3,1,21
-8,0,21
-6,1,21
-7,1,21
3,1,21
-6,1,21
6,1,21
8,1,21
8,1,21
7,0,21
5,0,21
8,0,22
7,1,22
-4,1,22
-3,0,22
-8,1,22
-4,1,22
-3,1,22
-4,1,22
-7,1,22
-3,1,22
-8,1,22
-8,1,22
-8,1,22
8,1,22
7,1,22
8,1,22
4,1,22
6,1,22
4,1,22
8,1,22
8,1,22
-6,0,22
-8,1,22
-5,1,22
-7,1,22
8,0,23
5,1,23
-4,1,23
6,0,23
7,1,23
6,1,23
-5,1,23
-3,1,23
5,1,23
3,1,23
6,1,23
7,1,23
-2,1,23
7,1,23
8,1,23
8,1,23
8,1,23
-3,1,23
-7,1,23
-5,1,23
-8,1,23
-7,1,23
-2,1,23
-8,1,23
-8,1,23
6,1,24
8,1,24
3,0,24
4,1,24
4,1,24
-8,1,24
-8,0,24
-8,1,24
-7,1,24
7,1,24
7,1,24
8,1,24
6,1,24
8,1,24
5,1,24
4,1,24
6,1,24
-6,1,24
4,1,24
-3,1,24
-6,1,24
-4,0,24
-3,1,24
-6,1,24
-2,1,24
5,0,25
7,1,25
8,1,25
8,1,25
8,1,25
8,1,25
7,1,25
8,1,25
3,1,25
3,1,25
6,0,25
-7,1,25
5,1,25
6,1,25
8,0,25
3,0,25
-6,0,25
-5,1,25
-8,0,25
-5,1,25
-6,1,25
-4,1,25
-3,1,25
5,1,25
-4,0,25
-8,1,26
-8,1,26
-3,1,26
7,1,26
7,1,26
4,0,26
3,1,26
-2,1,26
4,0,26
3,1,26
-2,0,26
-6,1,26
-8,1,26
-5,1,26
6,1,26
8,1,26
-2,1,26
7,1,26
8,1,26
-3,1,26
3,1,26
3,1,26
-3,1,26
-5,0,26
8,1,26
-3,1,27
3,1,27
-3,1,27
6,1,27
8,1,27
5,1,27
6,1,27
7,1,27
6,1,27
-7,1,27
-7,1,27
-6,1,27
-6,1,27
-4,1,27
7,0,27
8,1,27
-5,1,27
6,0,27
3,1,27
6,1,27
7,1,27
8,1,27
8,1,27
7,1,27
8,1,27
3,1,28
-3,1,28
8,0,28
7,1,28
7,1,28
6,1,28
-3,0,28
-5,1,28
8,0,28
8,0,28
-3,0,28
-3,1,28
3,0,28
-2,1,28
8,1,28
8,1,28
6,1,28
8,1,28
8,1,28
8,1,28
6,1,28
3,1,28
-2,1,28
-7,1,28
-5,1,28
-7,1,29
-5,1,29
-4,1,29
-8,1,29
5,1,29
5,1,29
8,1,29
7,1,29
4,1,29
6,1,29
8,1,29
8,1,29
8,1,29
8,1,29
3,1,29
-6,1,29
8,1,29
7,1,29
8,1,29
-3,1,29
4,1,29
3,1,29
8,1,29
8,1,29
5,1,29
-2,0,30
-4,1,30
6,1,30
8,1,30
8,1,30
6,1,30
8,1,30
8,1,30
-8,1,30
-7,1,30
-4,1,30
5,1,30
8,1,30
5,1,30
8,1,30
7,1,30
-8,1,30
-8,1,30
4,1,30
8,1,30
7,1,30
3,1,30
-6,1,30
-8,1,30
7,1,30
-8,1,31
-6,1,31
-6,1,31
4,1,31
4,1,31
-3,1,31
4,1,31
8,1,31
4,1,31
-6,1,31
-6,1,31
-8,1,31
-2,1,31
-5,1,31
6,1,31
6,1,31
-6,1,31
3,1,31
6,1,31
8,1,31
8,1,31
6,1,31
6,1,31
-3,1,31
5,1,31
7,1,32
6,1,32
-3,1,32
-3,1,32
6,1,32
5,1,32
7,1,32
7,1,32
6,1,32
5,1,32
6,1,32
7,1,32
8,1,32
-7,1,32
-6,1,32
3,1,32
-8,1,32
-8,1,32
5,1,32
-8,1,32
-8,0,32
-8,1,32
-8,1,32
-8,1,32
-7,1,32
5,1,33
8,1,33
8,1,33
6,1,33
-7,1,33
-5,1,33
-8,1,33
-6,1,33
-6,1,33
7,1,33
8,1,33
-8,1,33
-7,1,33
-6,1,33
5,1,33
7,1,33
6,1,33
3,1,33
6,1,33
-5,1,33
8,1,33
8,1,33
-2,1,33
-5,1,33
-8,0,33
-7,1,34
-8,1,34
7,1,34
-6,1,34
-5,1,34
-8,1,34
-8,1,34
4,1,34
-8,1,34
-6,1,34
-7,0,34
7,0,34
-4,0,34
-5,1,34
5,1,34
4,1,34
-4,1,34
4,1,34
5,1,34
7,1,34
7,1,34
-7,1,34
-8,1,34
-6,1,34
-4,1,34
8,1,35
8,1,35
5,1,35
8,1,35
8,0,35
6,1,35
5,1,35
8,0,35
-5,0,35
8,0,35
8,0,35
-7,1,35
-8,1,35
-7,1,35
-6,1,35
-6,1,35
-7,1,35
-2,1,35
6,1,35
-6,1,35
-4,1,35
-8,1,35
8,1,35
8,1,35
8,0,35
-7,1,36
8,0,36
6,1,36
7,1,36
6,0,36
3,0,36
6,1,36
4,0,36
-2,1,36
3,1,36
8,1,36
6,1,36
-4,1,36
-8,0,36
-7,1,36
8,1,36
7,1,36
-4,1,36
-3,0,36
-6,1,36
-2,1,36
4,1,36
-7,1,36
-3,1,36
-7,1,36
7,1,37
-5,1,37
-8,1,37
-7,1,37
7,1,37
3,1,37
-8,1,37
-6,1,37
-7,1,37
-8,1,37
-6,0,37
3,1,37
-4,1,37
6,1,37
6,1,37
7,0,37
8,0,37
8,0,37
8,1,37
8,0,37
8,1,37
-3,1,37
6,1,37
8,1,37
-6,0,37
-3,1,38
-6,1,38
5,1,38
-6,1,38
6,1,38
6,1,38
-3,1,38
-6,1,38
4,1,38
8,1,38
5,1,38
-4,0,38
-4,0,38
8,1,38
5,1,38
-2,1,38
5,1,38
8,0,38
8,1,38
8,1,38
-4,1,38
-7,1,38
4,1,38
-3,1,38
7,0,38
8,1,39
4,1,39
-3,1,39
-6,0,39
-8,1,39
3,1,39
4,1,39
-4,1,39
-2,1,39
-5,0,39
3,1,39
5,1,39
-8,1,39
-4,1,39
-7,1,39
-4,1,39
-8,1,39
3,1,39
8,1,39
4,1,39
-6,1,39
-7,1,39
-6,0,39
-2,1,39
-8,1,39
3,1,40
3,0,40
-3,0,40
-4,0,40
5,0,40
8,1,40
8,1,40
8,1,40
7,1,40
3,1,40
-4,0,40
-7,1,40
-8,1,40
6,1,40
8,0,40
6,1,40
3,0,40
-4,0,40
-2,1,40
-7,1,40
-7,0,40
7,1,40
7,1,40
5,1,40
-3,1,40
-8,1,41
8,1,41
8,1,41
-6,1,41
-7,1,41
-7,1,41
-4,1,41
-6,1,41
-4,1,41
4,1,41
7,1,41
8,1,41
8,1,41
8,1,41
5,1,41
5,1,41
6,1,41
-6,1,41
-8,1,41
-8,1,41
-8,1,41
-5,1,41
-6,1,41
-8,1,41
-8,1,41
-4,0,42
-8,1,42
8,0,42
8,0,42
6,1,42
8,1,42
8,1,42
8,1,42
-4,1,42
-6,1,42
-7,1,42
6,1,42
3,1,42
5,1,42
7,1,42
8,1,42
5,1,42
7,0,42
6,0,42
-8,1,42
-6,1,42
5,1,42
6,1,42
8,1,42
8,1,42
8,1,43
4,1,43
8,1,43
8,1,43
8,1,43
8,1,43
-4,1,43
-8,1,43
-3,1,43
-3,0,43
-3,0,43
4,1,43
8,1,43
8,0,43
-4,0,43
-2,1,43
-5,1,43
8,1,43
-8,1,43
-8,1,43
-8,1,43
-3,1,43
-3,1,43
-5,1,43
-4,1,43
-4,1,44
-5,0,44
-8,1,44
-2,0,44
-8,0,44
-8,1,44
-8,0,44
-6,0,44
-5,1,44
-2,1,44
-3,1,44
-3,1,44
-7,1,44
-8,1,44
-8,1,44
-8,1,44
-2,1,44
-7,1,44
-6,1,44
-5,1,44
3,1,44
6,1,44
-2,1,44
-4,0,44
-7,0,44
8,1,45
5,1,45
5,0,45
7,1,45
8,1,45
6,1,45
5,1,45
-8,1,45
3,1,45
-6,1,45
-8,1,45
3,1,45
-7,1,45
-7,1,45
4,1,45
-5,0,45
7,1,45
8,1,45
-2,1,45
-7,1,45
-3,1,45
-5,1,45
-8,0,45
-5,1,45
-8,0,45
-8,0,46
7,0,46
7,0,46
6,0,46
-7,1,46
-8,1,46
-8,0,46
-8,1,46
-4,1,46
-5,1,46
-7,0,46
-8,1,46
3,1,46
8,1,46
6,1,46
8,1,46
6,0,46
6,0,46
4,1,46
3,1,46
3,0,46
8,0,46
6,1,46
5,1,46
3,1,46
-5,0,47
8,0,47
5,1,47
8,1,47
-5,1,47
-8,0,47
-5,1,47
-4,1,47
8,0,47
-6,1,47
8,1,47
-2,1,47
5,1,47
-7,0,47
3,1,47
8,1,47
-8,1,47
8,1,47
4,1,47
8,1,47
8,1,47
-4,1,47
-5,1,47
-6,1,47
-8,0,47
8,0,48
6,0,48
6,1,48
8,1,48
8,1,48
8,1,48
8,0,48
7,1,48
3,1,48
-3,0,48
-6,0,48
8,1,48
8,1,48
-3,1,48
4,1,48
8,1,48
6,1,48
-8,0,48
-5,0,48
-4,1,48
-3,1,48
-5,1,48
-7,1,48
3,1,48
3,1,48
4,1,49
-5,1,49
6,0,49
8,1,49
8,1,49
6,0,49
6,0,49
7,1,49
8,1,49
-2,1,49
5,1,49
-8,0,49
7,1,49
7,1,49
8,1,49
7,1,49
6,1,49
-3,1,49
8,0,49
5,0,49
-2,1,49
7,1,49
5,1,49
4,1,49
7,1,49
8,1,50
8,0,50
5,1,50
6,0,50
8,1,50
8,1,50
8,0,50
8,1,50
8,1,50
6,1,50
7,1,50
7,1,50
4,1,50
3,1,50
-4,1,50
3,1,50
6,1,50
8,1,50
8,1,50
8,1,50
-4,1,50
-8,1,50
-6,1,50
-8,1,50
-5,1,50
-8,1,51
-8,1,51
-8,1,51
-5,1,51
-8,0,51
-8,1,51
3,1,51
6,1,51
3,0,51
4,1,51
6,1,51
8,1,51
3,1,51
4,1,51
6,1,51
-3,0,51
-8,1,51
-7,1,51
-3,1,51
8,0,51
8,1,51
3,1,51
8,1,51
8,1,51
8,1,51
7,1,52
4,1,52
8,1,52
5,1,52
6,1,52
7,1,52
6,0,52
4,0,52
8,1,52
5,1,52
8,1,52
-8,1,52
-8,1,52
-5,1,52
-2,1,52
4,1,52
6,1,52
3,1,52
-3,1,52
-6,1,52
-5,1,52
8,1,52
6,1,52
-2,1,52
3,1,52
6,0,53
-3,0,53
8,1,53
6,1,53
5,1,53
8,1,53
7,1,53
5,1,53
-5,0,53
8,1,53
8,1,53
8,1,53
3,1,53
8,1,53
8,1,53
8,1,53
6,1,53
4,1,53
7,1,53
-2,1,53
3,1,53
8,1,53
3,1,53
-5,1,53
-8,1,53
3,1,54
3,1,54
3,1,54
-5,1,54
-5,1,54
6,1,54
8,0,54
8,1,54
7,1,54
-4,1,54
-2,1,54
-7,1,54
-3,1,54
-2,1,54
-5,0,54
-5,1,54
-8,1,54
-5,1,54
3,1,54
-8,1,54
6,1,54
-2,1,54
3,1,54
-4,1,54
-8,1,54
-4,1,55
-2,1,55
5,1,55
8,1,55
8,1,55
4,1,55
-3,1,55
6,1,55
7,1,55
-8,1,55
6,0,55
-7,1,55
-8,1,55
-4,1,55
-3,1,55
-2,1,55
6,1,55
8,1,55
7,1,55
-5,1,55
-6,1,55
-8,1,55
-2,1,55
-7,1,55
-7,1,55
7,1,56
-7,1,56
-8,1,56
-5,1,56
-8,1,56
-8,1,56
-6,1,56
-3,1,56
8,0,56
-4,1,56
-6,1,56
3,1,56
8,1,56
8,1,56
7,1,56
8,0,56
8,0,56
8,0,56
8,1,56
8,0,56
8,1,56
5,1,56
-4,0,56
-3,1,56
-2,1,56
-4,0,57
8,1,57
-8,0,57
-4,1,57
8,0,57
8,1,57
8,1,57
4,1,57
8,1,57
6,1,57
8,0,57
6,0,57
5,0,57
8,1,57
-4,1,57
-7,1,57
-7,0,57
-7,1,57
6,0,57
4,0,57
4,1,57
4,1,57
4,1,57
-7,1,57
3,0,57
5,1,58
-2,0,58
-5,1,58
-2,1,58
-3,1,58
-5,1,58
8,1,58
4,1,58
8,1,58
-7,1,58
-8,0,58
-5,1,58
-6,1,58
-4,1,58
-6,1,58
-6,1,58
-3,1,58
-5,0,58
-7,1,58
6,1,58
-4,0,58
6,1,58
-6,1,58
-8,1,58
-4,1,58
-2,0,59
-3,1,59
3,1,59
3,1,59
-8,0,59
-2,1,59
-6,1,59
-5,1,59
-5,1,59
-5,1,59
-3,1,59
3,1,59
3,1,59
-3,1,59
8,1,59
8,1,59
4,1,59
8,1,59
8,0,59
8,1,59
7,1,59
-4,1,59
5,1,59
6,1,59
6,0,59
-4,0,60
-4,1,60
-4,1,60
-5,1,60
4,1,60
3,1,60
8,1,60
8,1,60
8,1,60
4,1,60
6,1,60
-8,1,60
7,1,60
-2,1,60
-6,1,60
-8,1,60
3,1,60
4,1,60
-8,1,60
-3,1,60
-6,1,60
-6,1,60
-8,0,60
-7,1,60
6,1,60
3,0,61
-8,1,61
-6,0,61
-3,0,61
6,1,61
-7,1,61
-6,1,61
6,0,61
-7,1,61
8,0,61
8,0,61
-4,1,61
-2,1,61
-5,1,61
-2,1,61
6,0,61
6,0,61
5,1,61
8,0,61
3,0,61
4,0,61
-3,0,61
-8,1,61
-5,0,61
-8,1,61
7,1,62
7,0,62
7,1,62
6,1,62
-2,1,62
8,1,62
8,1,62
3,1,62
7,1,62
8,1,62
7,1,62
5,1,62
-5,1,62
-4,1,62
7,1,62
8,1,62
8,1,62
-2,1,62
6,1,62
6,1,62
8,1,62
8,1,62
8,1,62
-2,1,62
-8,1,62
8,1,63
-5,1,63
3,0,63
-6,0,63
7,1,63
7,1,63
6,1,63
7,1,63
6,0,63
-4,1,63
6,0,63
-5,1,63
-4,0,63
-3,1,63
4,1,63
8,0,63
-7,0,63
-2,1,63
8,1,63
-4,1,63
6,0,63
-4,0,63
-3,1,63
-8,1,63
-8,0,63
-8,0,64
5,1,64
-4,1,64
-2,1,64
6,0,64
5,1,64
5,1,64
7,1,64
4,1,64
-5,0,64
-8,1,64
-7,0,64
-8,0,64
6,1,64
-8,1,64
8,1,64
-4,1,64
-3,0,64
-3,1,64
-6,1,64
-2,1,64
-8,1,64
-6,0,64
4,0,64
7,1,64
-8,1,65
-7,1,65
-2,0,65
-6,1,65
5,1,65
8,1,65
6,1,65
4,1,65
6,0,65
4,1,65
3,1,65
8,1,65
7,1,65
-3,1,65
5,1,65
6,1,65
3,1,65
4,1,65
5,0,65
8,1,65
6,1,65
7,1,65
-3,1,65
4,1,65
-5,1,65
4,1,66
-4,1,66
-8,1,66
-3,1,66
-3,1,66
-8,1,66
-8,1,66
-7,1,66
-3,1,66
-4,0,66
3,1,66
8,1,66
5,1,66
-6,1,66
3,0,66
8,1,66
-3,1,66
6,1,66
4,1,66
-4,1,66
-5,0,66
-4,0,66
-2,1,66
3,1,66
-8,1,66
-4,1,67
-5,0,67
7,1,67
7,1,67
-3,1,67
-8,1,67
-8,1,67
-8,1,67
5,1,67
5,1,67
8,1,67
8,1,67
7,1,67
-3,1,67
-8,1,67
-7,0,67
5,1,67
-3,1,67
-8,1,67
-2,1,67
-6,0,67
6,1,67
5,1,67
7,0,67
5,0,67
7,1,68
8,1,68
5,1,68
-2,1,68
-4,1,68
-2,1,68
8,1,68
4,0,68
6,1,68
-2,1,68
5,1,68
-3,0,68
-2,1,68
-7,1,68
3,1,68
-3,1,68
-5,1,68
-4,1,68
-7,1,68
-8,1,68
-3,1,68
5,1,68
7,1,68
8,1,68
8,1,68
8,0,69
-2,1,69
-8,1,69
8,1,69
4,1,69
5,1,69
-5,0,69
-7,0,69
-3,1,69
-2,1,69
5,1,69
-2,1,69
3,1,69
8,1,69
8,1,69
8,1,69
3,1,69
-4,0,69
6,1,69
8,1,69
-2,0,69
-8,1,69
-4,1,69
-6,1,69
-8,0,69
3,1,70
4,0,70
5,1,70
8,0,70
6,1,70
-3,1,70
-4,1,70
-4,1,70
-4,0,70
8,1,70
3,1,70
-7,1,70
-8,1,70
-8,1,70
-8,1,70
-3,1,70
-2,1,70
-5,1,70
5,1,70
-6,1,70
-8,1,70
4,1,70
5,1,70
-5,1,70
-6,1,70
3,0,71
-2,1,71
-5,1,71
-8,1,71
3,1,71
8,1,71
8,1,71
8,1,71
8,1,71
8,1,71
-2,1,71
7,1,71
7,1,71
-3,0,71
-2,1,71
-6,1,71
-6,1,71
3,1,71
-6,1,71
4,1,71
5,0,71
-4,1,71
7,1,71
6,1,71
-3,1,71
-5,1,72
-2,1,72
-2,1,72
-4,1,72
4,1,72
-2,1,72
3,1,72
4,1,72
7,1,72
4,1,72
5,1,72
-4,1,72
-3,1,72
6,1,72
5,1,72
8,1,72
-6,1,72
6,1,72
7,1,72
-2,1,72
-8,1,72
-3,1,72
3,1,72
8,1,72
-2,1,72
7,1,73
3,1,73
6,0,73
-3,1,73
6,1,73
-8,1,73
8,1,73
-2,1,73
-8,1,73
3,1,73
6,1,73
5,1,73
6,1,73
5,1,73
6,1,73
8,1,73
-3,1,73
-2,1,73
3,1,73
-4,0,73
-8,1,73
-8,0,73
-5,1,73
-5,1,73
-5,1,73
-8,1,74
6,1,74
4,1,74
4,1,74
8,1,74
8,1,74
-2,1,74
-8,1,74
-8,1,74
4,1,74
6,1,74
6,1,74
4,1,74
4,1,74
8,1,74
4,1,74
8,1,74
6,1,74
4,1,74
8,1,74
8,1,74
4,1,74
7,1,74
8,1,74
4,1,74
7,1,75
7,1,75
6,1,75
8,1,75
-2,1,75
6,1,75
4,1,75
-2,1,75
-2,1,75
-5,1,75
-8,1,75
8,1,75
7,1,75
8,1,75
8,1,75
8,1,75
6,1,75
8,1,75
7,1,75
7,1,75
-2,1,75
-6,1,75
5,1,75
8,1,75
4,1,75
6,0,76
8,0,76
6,0,76
8,1,76
7,0,76
6,1,76
6,1,76
3,1,76
-8,0,76
4,1,76
8,0,76
-8,0,76
5,0,76
7,0,76
8,0,76
5,0,76
6,0,76
7,1,76
5,1,76
3,1,76
3,1,76
-7,0,76
-7,0,76
-8,1,76
-4,1,76
4,1,77
4,1,77
4,1,77
-5,0,77
-8,0,77
-7,0,77
-2,1,77
6,1,77
-6,1,77
-2,1,77
-7,0,77
5,0,77
8,1,77
-5,0,77
-4,0,77
-5,1,77
-3,1,77
-5,1,77
-8,1,77
-3,0,77
6,1,77
-3,0,77
-5,1,77
-5,0,77
-8,1,77
7,1,78
3,1,78
5,0,78
-6,1,78
4,1,78
8,1,78
5,1,78
4,1,78
-4,1,78
3,1,78
5,1,78
3,1,78
4,1,78
7,1,78
-5,1,78
-7,1,78
-8,1,78
5,1,78
7,0,78
4,1,78
-4,1,78
-3,0,78
4,1,78
5,1,78
5,1,78
-4,0,79
3,0,79
-2,1,79
8,1,79
8,1,79
6,1,79
3,1,79
-4,1,79
4,1,79
4,1,79
6,1,79
7,1,79
8,1,79
-8,1,79
-6,1,79
-7,0,79
3,0,79
-5,1,79
-7,1,79
-7,0,79
-3,1,79
4,1,79
-4,1,79
-2,1,79
4,0,79
-3,0,80
3,1,80
3,1,80
-6,1,80
8,1,80
8,0,80
8,1,80
8,0,80
8,1,80
8,1,80
7,1,80
5,1,80
5,1,80
-8,0,80
3,1,80
8,1,80
8,1,80
7,1,80
4,1,80
6,1,80
6,0,80
-8,1,80
7,1,80
-5,1,80
-7,1,80
3,1,81
-6,1,81
-8,1,81
-8,1,81
4,1,81
5,1,81
8,1,81
8,1,81
8,1,81
-5,1,81
-3,1,81
7,0,81
8,1,81
7,0,81
5,1,81
4,1,81
7,0,81
-2,1,81
3,1,81
6,1,81
7,1,81
-4,1,81
4,1,81
-8,1,81
-8,1,81
-5,1,82
8,1,82
8,1,82
8,1,82
6,1,82
4,1,82
8,1,82
7,0,82
6,1,82
8,1,82
4,1,82
-5,1,82
8,1,82
-5,1,82
4,1,82
-6,1,82
-3,1,82
-4,1,82
8,1,82
8,1,82
8,1,82
7,1,82
7,1,82
8,1,82
7,1,82
-4,1,83
-8,1,83
8,1,83
6,1,83
-4,1,83
8,1,83
8,1,83
7,1,83
7,1,83
4,1,83
8,1,83
5,1,83
5,1,83
-8,1,83
-6,1,83
-8,0,83
-8,1,83
-7,1,83
8,1,83
6,0,83
-2,1,83
7,1,83
-2,1,83
6,1,83
8,1,83
8,1,84
8,1,84
8,1,84
5,1,84
3,1,84
8,1,84
7,1,84
8,1,84
7,1,84
8,0,84
6,1,84
-8,1,84
-5,1,84
-8,1,84
-3,1,84
-8,1,84
-5,1,84
-8,1,84
-2,1,84
8,1,84
8,1,84
7,1,84
-3,1,84
-6,1,84
-2,1,84
3,1,85
-8,1,85
-6,1,85
5,1,85
-2,1,85
-6,1,85
3,1,85
3,1,85
5,1,85
-3,1,85
6,1,85
8,1,85
-3,1,85
-2,1,85
6,1,85
7,1,85
8,1,85
6,1,85
4,1,85
8,1,85
3,1,85
8,0,85
4,1,85
4,1,85
7,1,85
-7,1,86
5,1,86
8,1,86
8,0,86
4,1,86
4,1,86
-5,1,86
-8,1,86
-7,1,86
8,0,86
5,1,86
5,1,86
3,1,86
5,1,86
5,1,86
-2,1,86
7,1,86
4,1,86
6,0,86
5,1,86
7,1,86
8,1,86
-4,1,86
-6,1,86
-8,1,86
5,1,87
-6,1,87
6,1,87
7,0,87
5,0,87
4,0,87
4,1,87
-4,1,87
8,0,87
-6,1,87
-8,0,87
-8,1,87
-5,1,87
3,1,87
6,1,87
8,1,87
-2,1,87
-8,0,87
-3,0,87
-5,1,87
-3,0,87
-5,1,87
6,1,87
3,1,87
-3,1,87
5,1,88
8,1,88
8,1,88
3,1,88
8,1,88
8,1,88
8,1,88
3,1,88
-7,1,88
-5,1,88
-8,0,88
-6,1,88
-6,1,88
-7,1,88
8,1,88
8,1,88
-2,1,88
8,1,88
-3,1,88
-5,1,88
-8,0,88
-8,1,88
7,1,88
8,1,88
8,1,88
-8,1,89
8,1,89
7,1,89
7,1,89
8,1,89
-2,1,89
3,1,89
3,1,89
6,0,89
-6,0,89
-3,1,89
8,1,89
4,1,89
-5,1,89
-8,1,89
-8,1,89
-6,1,89
-5,1,89
-8,1,89
-8,1,89
-6,1,89
-5,1,89
7,1,89
8,1,89
8,1,89
8,1,90
8,1,90
7,0,90
8,1,90
4,1,90
8,1,90
8,1,90
5,1,90
4,1,90
5,1,90
-3,1,90
-2,1,90
-8,1,90
-8,1,90
3,0,90
-3,1,90
8,1,90
-3,0,90
8,1,90
6,0,90
6,0,90
4,1,90
-8,1,90
-4,0,90
5,1,90
-3,0,91
6,1,91
-2,1,91
4,1,91
4,1,91
6,1,91
5,1,91
-5,1,91
3,1,91
-5,1,91
7,1,91
5,1,91
8,1,91
-8,1,91
-6,1,91
4,1,91
4,1,91
-4,1,91
-5,1,91
-6,1,91
-5,0,91
-7,0,91
-3,0,91
6,1,91
5,1,91
5,1,92
3,1,92
-7,0,92
-7,1,92
-6,1,92
-8,1,92
-7,1,92
-8,1,92
-8,1,92
-8,1,92
-8,1,92
3,1,92
5,1,92
-6,1,92
-2,1,92
-7,1,92
-5,1,92
4,1,92
-7,1,92
8,1,92
8,1,92
8,1,92
8,1,92
6,1,92
4,1,92
3,1,93
-4,1,93
-7,1,93
-2,1,93
-6,1,93
-7,1,93
-2,0,93
-7,1,93
-6,1,93
-7,1,93
-8,1,93
8,1,93
-2,1,93
-8,1,93
-8,0,93
-8,1,93
-8,0,93
-8,1,93
-4,1,93
5,1,93
8,1,93
-5,1,93
-4,1,93
-8,1,93
-6,0,93
-8,0,94
-8,0,94
3,1,94
-8,1,94
-8,1,94
-3,1,94
-3,1,94
-6,1,94
-8,1,94
-3,1,94
6,1,94
5,1,94
-2,1,94
-8,1,94
-5,1,94
-5,1,94
-8,0,94
-8,1,94
7,1,94
5,1,94
8,1,94
8,1,94
7,1,94
-2,1,94
-2,1,94
8,1,95
7,1,95
8,1,95
5,1,95
8,1,95
3,1,95
3,1,95
8,1,95
3,1,95
8,1,95
7,1,95
-7,1,95
-7,1,95
8,1,95
6,1,95
3,1,95
4,1,95
-2,1,95
-7,1,95
5,1,95
4,1,95
-8,1,95
-4,1,95
7,1,95
4,1,95
-7,1,96
-3,1,96
4,1,96
4,1,96
8,1,96
5,1,96
4,1,96
4,1,96
8,1,96
4,1,96
3,1,96
-8,0,96
8,1,96
3,1,96
5,1,96
8,1,96
5,1,96
8,1,96
4,0,96
-3,0,96
3,1,96
-6,0,96
-8,0,96
8,1,96
8,0,96
8,1,97
3,1,97
-6,1,97
-4,1,97
-5,1,97
-3,1,97
8,0,97
8,1,97
5,0,97
-3,0,97
-8,1,97
8,1,97
8,1,97
-2,0,97
7,1,97
5,1,97
8,1,97
8,1,97
6,1,97
7,0,97
-4,0,97
-2,1,97
-3,1,97
-8,0,97
-7,1,97
-8,1,98
8,1,98
-4,1,98
-4,1,98
-4,1,98
-5,0,98
-6,1,98
-3,1,98
-3,1,98
-8,1,98
-4,1,98
-3,1,98
-5,1,98
-8,1,98
-8,0,98
-8,0,98
4,0,98
8,1,98
8,1,98
8,1,98
8,1,98
-3,1,98
3,1,98
-4,1,98
-2,1,98
6,0,99
7,1,99
5,1,99
4,1,99
-4,0,99
4,0,99
6,1,99
5,1,99
-7,1,99
-5,1,99
-7,0,99
-8,1,99
-7,1,99
3,1,99
-5,1,99
-2,1,99
-2,1,99
-7,0,99
-6,1,99
-8,1,99
-6,1,99
6,1,99
8,1,99
7,1,99
6,1,99
8,1,100
8,1,100
8,1,100
6,1,100
8,1,100
-4,1,100
-6,1,100
7,1,100
6,1,100
5,1,100
7,1,100
4,1,100
5,1,100
-5,1,100
-4,1,100
3,1,100
3,1,100
6,1,100
8,1,100
3,1,100
7,0,100
-4,1,100
6,0,100
-2,1,100
6,1,100
-7,1,101
5,1,101
7,1,101
6,0,101
8,1,101
-5,1,101
-8,1,101
3,1,101
5,1,101
8,0,101
-8,1,101
-3,1,101
-4,1,101
5,1,101
8,1,101
8,1,101
-4,1,101
3,1,101
-5,1,101
-3,1,101
5,1,101
-6,1,101
-3,1,101
-6,1,101
-5,1,101
6,1,102
-5,1,102
-6,1,102
3,1,102
3,1,102
-7,1,102
3,1,102
7,1,102
-6,1,102
8,0,102
7,1,102
3,0,102
3,1,102
8,1,102
3,1,102
-2,1,102
-6,1,102
-2,0,102
8,1,102
-2,0,102
-4,1,102
3,1,102
-2,0,102
8,1,102
6,0,102
5,1,103
-2,1,103
-8,1,103
4,1,103
5,1,103
4,1,103
-2,0,103
-2,1,103
8,1,103
4,1,103
3,1,103
5,1,103
-4,1,103
3,1,103
6,1,103
-6,0,103
7,0,103
-3,0,103
5,1,103
4,1,103
-2,1,103
-2,1,103
-5,1,103
8,1,103
-2,1,103
-6,0,104
-3,1,104
6,1,104
8,1,104
8,1,104
8,1,104
3,1,104
-8,1,104
5,1,104
-4,1,104
3,0,104
3,0,104
-8,0,104
-8,1,104
8,0,104
3,0,104
-8,0,104
-5,0,104
-3,1,104
-3,1,104
-7,1,104
4,1,104
4,1,104
-2,1,104
8,1,104
-2,1,105
-2,1,105
6,1,105
-6,1,105
-4,0,105
5,0,105
-3,0,105
-3,0,105
-8,0,105
6,1,105
-8,1,105
8,1,105
7,1,105
3,1,105
6,1,105
4,1,105
-5,1,105
-8,1,105
-8,1,105
-4,0,105
-6,1,105
-7,1,105
-6,1,105
-5,1,105
-8,1,105
3,1,106
-2,1,106
8,1,106
8,1,106
8,1,106
6,0,106
8,0,106
7,0,106
-3,1,106
5,1,106
7,1,106
4,0,106
7,0,106
-6,1,106
6,1,106
5,1,106
-4,0,106
-7,1,106
-4,0,106
-2,1,106
6,1,106
8,1,106
7,0,106
8,1,106
6,1,106
3,1,107
8,1,107
-3,0,107
5,1,107
-3,1,107
3,1,107
-2,1,107
-6,1,107
3,1,107
8,1,107
5,1,107
-6,1,107
-2,1,107
6,1,107
8,1,107
8,1,107
6,1,107
8,1,107
-4,1,107
6,1,107
8,1,107
-6,1,107
3,0,107
8,1,107
8,1,107
-8,0,108
-2,0,108
7,0,108
6,1,108
8,1,108
-5,1,108
-8,1,108
-8,1,108
-8,1,108
-7,1,108
-8,1,108
5,1,108
3,1,108
-8,1,108
-6,1,108
-8,1,108
-8,0,108
-6,1,108
-8,1,108
-3,0,108
-6,1,108
5,1,108
3,1,108
4,1,108
5,1,108
-2,0,109
-6,1,109
8,1,109
4,1,109
6,1,109
6,1,109
6,1,109
4,1,109
-5,1,109
-3,1,109
-3,1,109
5,1,109
-2,1,109
5,1,109
3,0,109
-5,0,109
8,1,109
8,1,109
8,0,109
5,1,109
7,1,109
-2,1,109
-6,1,109
-4,1,109
-2,1,109
8,1,110
7,1,110
8,1,110
-3,1,110
5,1,110
-2,1,110
3,1,110
6,1,110
3,1,110
-8,1,110
-6,1,110
3,1,110
7,0,110
8,1,110
-4,1,110
-2,1,110
-7,1,110
-5,1,110
-4,1,110
7,1,110
8,1,110
8,1,110
3,1,110
4,1,110
-3,1,110
-7,1,111
3,1,111
5,1,111
-2,1,111
-4,1,111
-4,1,111
-8,1,111
5,1,111
6,1,111
-7,1,111
-8,0,111
-2,1,111
-8,0,111
7,1,111
7,1,111
8,1,111
8,1,111
6,1,111
8,1,111
4,1,111
8,1,111
4,0,111
5,1,111
-3,1,111
-3,0,111
-2,0,112
-7,0,112
-3,0,112
-5,0,112
-7,0,112
3,1,112
-7,0,112
-8,0,112
-7,0,112
-5,1,112
-8,0,112
-8,0,112
-7,0,112
5,0,112
5,1,112
6,1,112
8,1,112
-4,1,112
-4,1,112
-8,1,112
-7,1,112
-7,1,112
-3,1,112
-8,1,112
-8,1,112
-3,1,113
5,1,113
5,1,113
4,1,113
7,1,113
4,1,113
4,1,113
7,1,113
8,1,113
-4,1,113
-2,1,113
-5,1,113
-6,1,113
-3,1,113
-8,1,113
5,1,113
3,1,113
5,1,113
8,1,113
-2,1,113
6,1,113
-2,1,113
-8,0,113
-3,1,113
4,0,113
6,1,114
7,1,114
4,0,114
-5,0,114
-8,1,114
-5,1,114
-8,1,114
-8,1,114
-8,1,114
8,1,114
-2,1,114
-3,1,114
-7,1,114
-4,1,114
4,1,114
4,1,114
-5,1,114
8,1,114
5,1,114
8,1,114
7,1,114
4,1,114
7,1,114
8,1,114
8,0,114
6,0,115
6,1,115
3,1,115
-2,1,115
8,1,115
7,1,115
-7,1,115
-4,1,115
5,0,115
6,1,115
7,1,115
7,1,115
-4,1,115
-7,1,115
-7,1,115
5,1,115
-4,1,115
-4,1,115
4,0,115
8,1,115
7,1,115
4,1,115
8,1,115
8,1,115
-5,1,115
-8,0,116
-8,0,116
-8,1,116
-6,1,116
6,1,116
6,0,116
4,1,116
8,1,116
6,1,116
3,1,116
6,1,116
8,1,116
5,1,116
7,1,116
8,0,116
8,1,116
8,1,116
4,1,116
8,1,116
8,1,116
7,0,116
4,0,116
-8,1,116
-7,1,116
-7,1,116
5,1,117
-8,1,117
-3,1,117
-7,1,117
8,1,117
8,1,117
8,1,117
8,1,117
-8,1,117
-7,0,117
-8,1,117
3,1,117
-7,1,117
-2,1,117
-6,1,117
-8,1,117
-2,1,117
-4,1,117
-6,1,117
-4,1,117
-4,1,117
7,1,117
-5,1,117
-8,1,117
-8,1,117
-2,1,118
-7,1,118
8,1,118
8,1,118
8,1,118
8,1,118
8,1,118
4,1,118
4,1,118
-6,1,118
5,1,118
8,1,118
8,1,118
-8,1,118
-5,0,118
5,1,118
8,0,118
6,0,118
8,1,118
7,1,118
5,1,118
7,1,118
5,1,118
5,1,118
8,1,118
-7,1,119
7,1,119
8,1,119
8,0,119
8,1,119
8,1,119
8,1,119
5,1,119
3,1,119
8,1,119
6,1,119
-6,1,119
5,0,119
4,1,119
-4,1,119
-5,1,119
-8,1,119
-2,0,119
-8,1,119
-3,1,119
-8,0,119
5,1,119
5,1,119
-4,1,119
-3,0,119
-6,1,120
-2,1,120
3,0,120
-8,1,120
-5,0,120
-8,1,120
5,1,120
6,1,120
6,1,120
-3,1,120
-4,1,120
-8,1,120
-4,0,120
-3,1,120
-8,0,120
-5,1,120
7,1,120
8,1,120
4,1,120
5,1,120
8,1,120
8,0,120
8,1,120
5,1,120
8,1,120
8,1,121
8,1,121
5,1,121
5,1,121
4,1,121
5,1,121
8,1,121
8,1,121
5,1,121
7,1,121
4,1,121
-8,1,121
-8,1,121
-7,1,121
5,1,121
6,1,121
7,1,121
8,1,121
8,1,121
-2,1,121
-6,1,121
6,1,121
7,1,121
8,1,121
7,1,121
7,1,122
8,1,122
-4,1,122
-4,1,122
-3,1,122
-6,1,122
-3,0,122
-3,1,122
6,1,122
-6,1,122
-8,1,122
-8,1,122
-8,1,122
-4,1,122
3,1,122
-2,1,122
3,1,122
-7,1,122
-7,1,122
-8,1,122
-8,1,122
5,1,122
8,1,122
8,1,122
8,1,122
8,1,123
7,1,123
7,0,123
-2,1,123
6,1,123
-2,1,123
8,1,123
-4,0,123
-2,0,123
8,1,123
8,1,123
3,0,123
-2,0,123
-5,1,123
8,1,123
-4,1,123
-3,0,123
8,0,123
5,1,123
4,1,123
4,0,123
3,1,123
8,0,123
6,0,123
5,1,123
8,1,124
4,1,124
5,1,124
6,0,124
-5,1,124
-6,1,124
8,1,124
7,0,124
-6,1,124
-2,1,124
-4,1,124
-8,1,124
5,1,124
8,1,124
-5,1,124
-3,1,124
-7,1,124
-8,1,124
6,0,124
4,1,124
6,1,124
7,1,124
8,1,124
8,1,124
8,1,124
5,1,125
8,1,125
8,1,125
7,1,125
7,1,125
3,1,125
-5,1,125
-7,1,125
7,1,125
8,1,125
5,1,125
-3,1,125
-2,1,125
3,1,125
6,1,125
-4,1,125
-6,0,125
4,1,125
-5,1,125
-8,0,125
-8,1,125
-2,1,125
-5,0,125
-5,1,125
4,0,125
-8,0,126
-4,1,126
-8,1,126
-8,1,126
-4,1,126
-8,0,126
-8,0,126
-8,0,126
6,1,126
-5,0,126
8,0,126
-8,1,126
-8,1,126
4,1,126
8,1,126
7,1,126
5,1,126
3,1,126
-5,1,126
-8,1,126
8,0,126
8,0,126
8,0,126
4,1,126
6,1,126
-2,0,127
5,0,127
3,1,127
-2,0,127
4,0,127
5,0,127
7,1,127
-6,1,127
6,1,127
-2,1,127
-2,1,127
-3,0,127
-8,0,127
-5,0,127
-4,1,127
-6,0,127
-8,0,127
6,1,127
8,1,127
5,1,127
8,1,127
3,1,127
8,1,127
8,1,127
-6,1,127
-8,1,128
-6,1,128
-5,0,128
3,1,128
3,1,128
-4,1,128
-6,1,128
-7,1,128
-8,1,128
8,1,128
8,1,128
7,1,128
8,1,128
8,1,128
8,1,128
8,0,128
-4,1,128
-7,1,128
-8,1,128
4,0,128
-4,1,128
-8,1,128
-4,1,128
8,1,128
7,1,128
5,1,129
4,1,129
8,1,129
8,0,129
-6,1,129
8,1,129
8,1,129
8,1,129
7,1,129
8,1,129
8,1,129
8,1,129
7,1,129
5,1,129
3,1,129
4,1,129
-4,1,129
-4,1,129
-2,1,129
-2,1,129
-8,1,129
-4,1,129
8,1,129
-2,1,129
-7,1,129
-2,1,130
4,1,130
6,1,130
-3,1,130
-5,1,130
4,1,130
8,1,130
5,0,130
3,1,130
-7,1,130
-7,1,130
5,1,130
4,1,130
5,1,130
8,1,130
5,1,130
-4,1,130
-3,1,130
-6,1,130
8,1,130
8,1,130
-5,1,130
-8,1,130
-5,1,130
-6,0,130
-6,1,131
8,1,131
3,1,131
-6,0,131
-6,1,131
-4,1,131
-3,1,131
-2,1,131
-3,1,131
3,1,131
-4,1,131
4,1,131
7,1,131
8,0,131
3,1,131
8,1,131
8,1,131
8,1,131
7,1,131
8,1,131
8,1,131
-7,1,131
8,1,131
8,1,131
6,1,131
3,1,132
-8,1,132
-7,0,132
-8,1,132
3,1,132
8,1,132
4,1,132
-8,1,132
4,1,132
3,1,132
7,1,132
4,1,132
6,1,132
4,1,132
8,1,132
8,1,132
8,1,132
8,1,132
-5,1,132
-3,1,132
-7,1,132
-8,0,132
4,0,132
8,0,132
6,1,132
8,1,133
8,1,133
4,1,133
-3,1,133
-2,1,133
-8,1,133
8,1,133
8,1,133
3,1,133
-3,1,133
7,1,133
8,1,133
-4,1,133
-3,1,133
8,1,133
8,1,133
7,1,133
-3,1,133
5,1,133
6,1,133
-2,1,133
8,0,133
5,1,133
8,1,133
7,1,133
-5,1,134
7,0,134
8,1,134
8,0,134
-8,1,134
8,1,134
-6,1,134
-8,0,134
-4,1,134
4,1,134
5,1,134
-2,1,134
-8,1,134
8,0,134
-2,0,134
6,1,134
-6,0,134
3,0,134
-6,0,134
5,1,134
8,1,134
-8,1,134
-8,1,134
8,1,134
-7,1,134
8,1,135
6,1,135
4,0,135
-5,1,135
-5,1,135
3,0,135
-7,1,135
4,1,135
8,1,135
6,0,135
-2,1,135
-3,1,135
-4,0,135
8,1,135
5,1,135
8,1,135
8,0,135
8,1,135
8,1,135
4,1,135
5,1,135
-4,1,135
-5,1,135
8,1,135
8,1,135
6,1,136
6,0,136
-2,1,136
-3,1,136
-6,1,136
8,0,136
5,1,136
6,0,136
5,1,136
4,1,136
3,1,136
8,1,136
6,1,136
8,1,136
8,1,136
8,1,136
5,1,136
4,1,136
-8,1,136
-7,1,136
-6,1,136
-8,1,136
-7,1,136
-8,1,136
-5,1,136
8,1,137
5,1,137
-8,0,137
-2,0,137
-6,1,137
-2,1,137
5,1,137
7,1,137
6,1,137
6,1,137
8,1,137
7,1,137
5,1,137
5,1,137
-2,1,137
8,1,137
8,0,137
8,1,137
7,1,137
8,0,137
4,1,137
5,1,137
-4,1,137
4,1,137
-2,1,137
5,1,138
4,1,138
8,1,138
8,1,138
3,0,138
4,1,138
8,0,138
5,0,138
6,1,138
8,1,138
7,0,138
8,1,138
8,1,138
-2,1,138
-5,0,138
-4,0,138
8,1,138
6,1,138
3,1,138
8,1,138
8,0,138
6,1,138
-2,1,138
8,0,138
7,1,138
8,1,139
6,1,139
8,1,139
7,1,139
8,1,139
7,0,139
-6,1,139
-4,1,139
-4,1,139
-2,1,139
-2,1,139
-3,1,139
-2,1,139
-7,1,139
6,1,139
6,1,139
4,1,139
-5,1,139
4,1,139
-2,1,139
-2,0,139
5,1,139
4,1,139
3,1,139
-3,1,139
6,1,140
8,1,140
7,0,140
6,0,140
8,0,140
3,0,140
-4,0,140
3,1,140
-8,0,140
6,0,140
-3,0,140
-6,0,140
-8,1,140
-8,1,140
3,1,140
6,1,140
8,1,140
8,1,140
-4,0,140
-8,0,140
-8,1,140
7,1,140
-4,0,140
-6,1,140
-3,1,140
-7,1,141
4,1,141
-2,1,141
4,1,141
-2,1,141
5,1,141
3,1,141
4,1,141
-6,1,141
-8,1,141
6,1,141
-8,1,141
-8,1,141
-8,1,141
8,0,141
6,0,141
8,0,141
4,0,141
-8,1,141
8,0,141
7,0,141
-2,1,141
8,1,141
8,1,141
-3,1,141
-8,1,142
-5,1,142
-8,1,142
-4,1,142
-8,1,142
-2,1,142
-3,1,142
-8,1,142
-8,1,142
-8,1,142
-3,1,142
-8,1,142
-7,1,142
-4,1,142
-4,1,142
-4,1,142
8,1,142
7,1,142
8,1,142
4,1,142
4,1,142
-5,1,142
-2,1,142
7,1,142
8,1,142
8,0,143
5,0,143
-3,0,143
8,1,143
-3,1,143
-6,0,143
4,1,143
5,0,143
8,1,143
-3,1,143
-4,1,143
-3,1,143
8,1,143
-3,1,143
6,1,143
6,0,143
-3,1,143
8,1,143
8,1,143
4,1,143
-4,1,143
7,1,143
8,1,143
8,1,143
7,1,143
-4,1,144
8,1,144
8,1,144
3,1,144
-4,1,144
-5,1,144
-6,1,144
-5,1,144
-8,1,144
-5,0,144
-8,0,144
-8,1,144
-6,1,144
-3,1,144
-5,1,144
5,1,144
-7,1,144
5,1,144
-5,1,144
-6,1,144
-2,1,144
-4,1,144
-7,1,144
-8,0,144
7,1,144
5,1,145
8,1,145
8,1,145
4,0,145
-8,1,145
-5,1,145
-6,0,145
-6,1,145
-8,1,145
8,1,145
7,1,145
5,1,145
8,0,145
6,1,145
7,1,145
7,1,145
-6,1,145
-7,1,145
7,0,145
8,1,145
6,1,145
4,1,145
6,1,145
4,1,145
-8,1,145
-8,1,146
-7,1,146
-8,1,146
-3,1,146
-6,1,146
-8,1,146
-7,1,146
-7,1,146
-8,1,146
-2,1,146
-8,0,146
3,1,146
5,1,146
8,1,146
6,1,146
7,1,146
8,1,146
8,1,146
8,1,146
-4,1,146
-8,1,146
3,0,146
5,1,146
8,1,146
8,1,146
8,0,147
-4,1,147
6,1,147
7,1,147
8,1,147
-6,1,147
-4,1,147
3,1,147
-8,1,147
-5,1,147
4,0,147
-5,0,147
3,1,147
-5,1,147
-8,1,147
5,0,147
6,1,147
-2,1,147
8,1,147
4,0,147
3,1,147
-8,1,147
-5,1,147
-6,1,147
-8,1,147
-8,1,148
-7,1,148
-8,1,148
8,1,148
-3,1,148
-6,1,148
-7,1,148
-8,1,148
-4,1,148
-2,1,148
7,1,148
7,1,148
3,1,148
6,1,148
-3,1,148
6,1,148
6,1,148
4,1,148
6,0,148
-8,1,148
-8,1,148
4,1,148
-6,1,148
-6,1,148
-8,1,148
-4,1,149
-7,1,149
-2,1,149
7,1,149
5,1,149
4,1,149
6,1,149
6,1,149
3,0,149
8,0,149
-2,1,149
3,1,149
5,1,149
6,1,149
-8,1,149
4,1,149
8,1,149
8,1,149
8,1,149
8,1,149
8,1,149
4,1,149
6,0,149
-2,1,149
4,0,149
-5,1,150
8,1,150
6,1,150
-5,1,150
-5,1,150
4,0,150
4,1,150
8,1,150
7,1,150
8,1,150
8,1,150
4,0,150
-5,1,150
-3,1,150
-2,1,150
3,1,150
-7,1,150
-5,0,150
-8,0,150
7,1,150
5,0,150
-7,1,150
4,1,150
8,1,150
8,1,150
-2,1,151
3,1,151
3,1,151
-3,0,151
-7,1,151
6,0,151
8,0,151
8,0,151
8,1,151
-2,1,151
4,1,151
-7,0,151
5,1,151
-5,0,151
-8,1,151
-2,0,151
7,1,151
6,1,151
8,1,151
-3,1,151
-3,1,151
-4,0,151
-8,0,151
-2,1,151
8,1,151
-8,0,152
-7,0,152
-7,1,152
-2,0,152
-2,1,152
-7,0,152
-5,1,152
-8,1,152
-8,0,152
-7,0,152
-3,0,152
-8,0,152
-8,1,152
-4,1,152
-5,1,152
-4,1,152
-2,0,152
4,1,152
4,1,152
4,0,152
-8,1,152
7,1,152
-5,1,152
-6,0,152
-6,0,152
6,0,153
7,0,153
-6,1,153
-7,1,153
4,0,153
8,0,153
7,1,153
7,1,153
5,1,153
8,1,153
7,1,153
8,1,153
7,1,153
8,1,153
8,1,153
8,0,153
7,0,153
3,1,153
-8,0,153
-8,0,153
-6,1,153
4,0,153
6,1,153
6,1,153
4,1,153
-5,1,154
8,1,154
3,1,154
3,1,154
5,1,154
8,1,154
5,1,154
8,1,154
5,1,154
4,1,154
4,1,154
-3,0,154
8,1,154
3,1,154
-8,0,154
-6,1,154
8,1,154
6,1,154
-4,1,154
-7,1,154
7,1,154
-7,1,154
4,1,154
4,1,154
8,1,154
8,1,155
8,1,155
5,0,155
-2,0,155
-7,1,155
-5,1,155
-6,1,155
-7,1,155
-7,1,155
-6,1,155
-3,1,155
-5,1,155
-7,1,155
8,1,155
6,1,155
-3,0,155
-2,0,155
-2,1,155
8,0,155
8,1,155
3,0,155
-3,1,155
-6,1,155
-8,0,155
-7,0,155
-7,1,156
-8,0,156
-8,1,156
-4,1,156
-6,0,156
-5,1,156
6,1,156
-4,0,156
7,0,156
3,1,156
4,1,156
8,1,156
4,0,156
-8,0,156
8,0,156
-8,1,156
4,0,156
-8,1,156
-3,0,156
5,0,156
-2,1,156
3,0,156
5,1,156
5,1,156
8,1,156
-3,1,157
-4,1,157
-7,0,157
-7,1,157
-6,1,157
-8,1,157
-7,1,157
-8,1,157
-5,1,157
8,1,157
5,0,157
-6,1,157
-8,1,157
-5,1,157
-3,1,157
-8,0,157
-5,1,157
-8,0,157
-6,0,157
5,0,157
8,0,157
8,0,157
4,1,157
-4,1,157
4,1,157
-5,1,158
-6,1,158
8,1,158
5,1,158
-6,1,158
-7,1,158
4,1,158
6,1,158
-2,1,158
-4,1,158
8,1,158
6,1,158
8,1,158
-2,1,158
-7,1,158
7,1,158
8,1,158
8,1,158
4,1,158
-8,1,158
-8,1,158
-3,1,158
-8,1,158
-6,1,158
3,1,158
-8,1,159
-4,1,159
-5,1,159
-4,1,159
8,1,159
7,1,159
7,1,159
3,1,159
3,0,159
5,0,159
8,0,159
8,0,159
3,1,159
8,1,159
8,1,159
5,1,159
8,1,159
-2,1,159
4,1,159
4,1,159
8,1,159
-7,1,159
-8,1,159
-7,1,159
-5,0,159
-8,1,160
-8,1,160
-8,1,160
-4,1,160
-4,1,160
-2,1,160
-7,1,160
-7,1,160
-4,1,160
-4,1,160
-5,1,160
-3,1,160
8,1,160
8,1,160
8,1,160
7,1,160
4,0,160
6,1,160
4,0,160
-7,1,160
3,1,160
-7,1,160
5,0,160
8,1,160
5,0,160
-5,1,161
8,1,161
4,1,161
-4,1,161
-4,1,161
-8,1,161
-3,1,161
-3,1,161
-6,1,161
-5,1,161
-8,1,161
-8,1,161
-7,1,161
3,0,161
8,1,161
7,1,161
5,1,161
7,0,161
6,1,161
8,0,161
8,0,161
7,1,161
6,1,161
-8,1,161
-8,1,161
-8,1,162
8,1,162
8,0,162
8,1,162
7,1,162
6,1,162
3,1,162
-2,1,162
4,0,162
3,1,162
7,1,162
-2,0,162
8,0,162
-7,1,162
3,0,162
7,0,162
-2,0,162
-5,1,162
-2,1,162
6,1,162
5,1,162
8,1,162
6,1,162
6,1,162
3,1,162
4,1,163
3,1,163
8,1,163
7,1,163
8,1,163
8,1,163
8,1,163
7,1,163
4,1,163
6,0,163
6,0,163
-6,1,163
8,1,163
7,1,163
6,1,163
4,0,163
5,0,163
6,1,163
7,1,163
7,1,163
4,1,163
-5,1,163
-4,1,163
-6,0,163
-8,1,163
5,1,164
7,1,164
8,1,164
-6,1,164
-2,1,164
-2,1,164
8,1,164
5,1,164
5,1,164
6,1,164
5,1,164
-2,1,164
7,1,164
-5,1,164
-3,1,164
4,1,164
3,1,164
-2,1,164
4,1,164
-4,1,164
7,1,164
8,1,164
3,0,164
6,1,164
8,1,164
-3,0,165
4,0,165
-4,0,165
8,1,165
4,1,165
-8,0,165
8,1,165
8,0,165
5,0,165
6,0,165
6,1,165
-3,0,165
-7,1,165
-6,1,165
-8,0,165
-8,0,165
-3,0,165
-6,0,165
-5,0,165
-5,1,165
-8,0,165
-8,1,165
-3,1,165
5,0,165
5,0,165
8,0,166
7,1,166
8,1,166
4,1,166
4,1,166
-3,1,166
-4,1,166
-2,1,166
5,1,166
-8,1,166
5,1,166
5,1,166
8,1,166
8,1,166
7,1,166
-3,1,166
4,1,166
-5,1,166
5,1,166
-8,1,166
-4,1,166
8,1,166
8,1,166
7,1,166
8,0,166
5,0,167
4,1,167
3,1,167
8,0,167
8,1,167
4,1,167
-2,0,167
-8,1,167
8,1,167
-4,1,167
8,1,167
8,1,167
-3,1,167
8,1,167
4,1,167
4,1,167
-3,0,167
-8,0,167
-8,1,167
-5,1,167
-6,0,167
-4,1,167
-8,1,167
-6,0,167
-8,1,167
-8,0,168
-4,1,168
-5,1,168
-8,1,168
-6,1,168
-4,1,168
-8,1,168
-8,0,168
-7,1,168
-8,1,168
-3,1,168
8,0,168
-2,1,168
8,1,168
8,1,168
8,1,168
8,1,168
3,1,168
4,1,168
8,1,168
8,0,168
8,1,168
7,1,168
-2,1,168
-5,1,168
-2,1,169
-2,0,169
6,1,169
3,1,169
-5,0,169
4,1,169
-6,1,169
3,0,169
-8,0,169
-4,1,169
6,0,169
6,1,169
6,1,169
6,1,169
5,0,169
-6,0,169
4,1,169
-5,1,169
-4,1,169
-7,1,169
-8,1,169
-8,1,169
-3,1,169
-2,1,169
3,0,169
-8,0,170
-5,1,170
-6,1,170
-7,1,170
-4,1,170
-8,1,170
-5,1,170
-4,1,170
-8,1,170
-8,1,170
-6,0,170
-7,0,170
6,1,170
5,1,170
-4,0,170
-2,1,170
5,1,170
5,0,170
7,0,170
6,1,170
7,1,170
-6,0,170
-8,1,170
-5,1,170
-8,1,170
-5,1,171
-8,1,171
8,1,171
-2,1,171
-3,1,171
-7,1,171
8,1,171
6,1,171
8,1,171
-4,1,171
-5,1,171
-7,1,171
-8,1,171
-6,1,171
-8,1,171
-8,1,171
-5,1,171
7,1,171
8,1,171
3,1,171
-8,1,171
-3,1,171
-8,0,171
-7,1,171
-8,1,171
-4,1,172
7,1,172
7,1,172
8,1,172
8,1,172
5,1,172
5,1,172
8,1,172
3,1,172
7,1,172
6,1,172
-3,1,172
-7,1,172
6,1,172
8,1,172
6,1,172
8,1,172
4,1,172
8,1,172
8,1,172
4,1,172
-4,1,172
7,1,172
-2,1,172
-7,1,172
-5,1,173
3,1,173
8,1,173
-2,1,173
-8,1,173
-8,1,173
-6,0,173
-8,0,173
-5,1,173
-4,1,173
-3,1,173
3,1,173
-5,1,173
6,1,173
-2,1,173
5,1,173
6,1,173
-2,1,173
-5,0,173
8,0,173
6,0,173
5,1,173
3,1,173
3,0,173
7,0,173
-3,0,174
-4,1,174
8,1,174
8,1,174
-2,1,174
3,1,174
3,1,174
5,1,174
-2,1,174
4,1,174
7,1,174
4,1,174
-2,1,174
-8,1,174
-8,1,174
-8,1,174
-8,1,174
-3,1,174
6,1,174
-5,1,174
4,1,174
6,1,174
5,0,174
8,1,174
7,0,174
6,1,175
8,1,175
4,1,175
6,1,175
4,1,175
-2,1,175
7,1,175
8,1,175
7,1,175
8,1,175
6,1,175
-5,1,175
-7,1,175
8,1,175
-4,1,175
3,0,175
-7,1,175
8,1,175
8,1,175
8,1,175
4,1,175
-8,1,175
-7,1,175
-7,1,175
-8,1,175
7,0,176
7,1,176
-4,1,176
6,1,176
8,1,176
7,1,176
8,1,176
5,1,176
6,1,176
8,1,176
6,1,176
8,0,176
3,1,176
-2,0,176
4,1,176
8,0,176
7,1,176
6,0,176
8,1,176
5,1,176
4,1,176
-8,1,176
-8,1,176
-7,1,176
-8,0,176
-8,1,177
-4,0,177
-8,0,177
5,1,177
7,1,177
5,1,177
-3,0,177
-6,1,177
-2,1,177
-3,1,177
-8,0,177
-8,1,177
-8,1,177
-8,0,177
6,0,177
6,1,177
8,0,177
8,0,177
8,1,177
8,1,177
3,1,177
-7,1,177
8,1,177
7,1,177
8,1,177
6,1,178
8,1,178
6,1,178
5,0,178
-8,1,178
-2,1,178
3,1,178
5,1,178
8,1,178
-2,1,178
-2,1,178
8,1,178
8,1,178
4,1,178
-8,1,178
3,1,178
5,1,178
6,1,178
8,1,178
8,0,178
8,1,178
8,1,178
7,1,178
6,1,178
5,1,178
5,1,179
-6,0,179
-2,1,179
-8,1,179
7,1,179
4,1,179
-8,1,179
-8,0,179
-2,1,179
4,0,179
-2,0,179
-2,1,179
8,1,179
8,1,179
7,1,179
4,1,179
4,1,179
8,1,179
8,1,179
6,1,179
-7,1,179
-8,1,179
4,1,179
-3,1,179
-5,0,179
6,0,180
7,1,180
5,1,180
8,1,180
8,1,180
7,1,180
6,1,180
-3,1,180
-8,1,180
-2,1,180
-2,1,180
3,1,180
6,0,180
-3,1,180
4,1,180
6,1,180
8,0,180
4,1,180
-6,0,180
-6,1,180
-2,1,180
6,1,180
-8,1,180
-8,1,180
-8,1,180
5,1,181
-2,1,181
7,1,181
-5,1,181
5,1,181
-5,1,181
-6,1,181
-7,1,181
-8,1,181
8,1,181
4,1,181
-7,1,181
-5,1,181
7,1,181
-8,1,181
-8,1,181
-5,1,181
-4,1,181
-3,1,181
-4,1,181
-8,0,181
-7,1,181
-8,1,181
5,1,181
7,1,181
-6,1,182
-2,1,182
-6,1,182
-5,1,182
-4,1,182
-6,1,182
-5,1,182
8,1,182
-4,0,182
-4,1,182
-6,1,182
-6,1,182
-8,0,182
-4,0,182
-8,1,182
-3,1,182
-8,1,182
-5,1,182
-5,1,182
-2,1,182
-2,1,182
3,1,182
-3,1,182
3,0,182
6,1,182
-3,1,183
3,1,183
4,1,183
8,1,183
6,1,183
8,1,183
8,1,183
-2,1,183
3,1,183
8,1,183
8,1,183
8,1,183
6,1,183
-4,1,183
-6,1,183
-3,1,183
6,1,183
8,0,183
5,1,183
-3,1,183
-8,1,183
-8,1,183
-3,0,183
-5,1,183
-7,1,183
3,1,184
7,1,184
7,1,184
4,1,184
-2,1,184
-6,0,184
8,0,184
8,1,184
6,1,184
-2,1,184
3,1,184
-5,1,184
-8,1,184
8,1,184
4,1,184
6,1,184
5,0,184
6,1,184
8,1,184
8,1,184
6,1,184
8,1,184
4,1,184
8,1,184
-4,1,184
7,0,185
7,1,185
3,0,185
4,1,185
-5,1,185
-6,1,185
-4,1,185
-3,1,185
-2,0,185
8,1,185
8,1,185
4,1,185
4,1,185
-8,1,185
-8,1,185
3,1,185
8,1,185
7,1,185
-2,1,185
5,0,185
4,1,185
5,1,185
4,1,185
-2,1,185
-3,0,185
-5,0,186
-6,0,186
-5,1,186
-4,0,186
-8,1,186
-6,1,186
-3,0,186
-7,0,186
-4,1,186
8,1,186
4,1,186
6,1,186
8,0,186
-8,1,186
-8,1,186
-8,0,186
-8,0,186
-6,1,186
-8,1,186
-8,1,186
3,1,186
-4,1,186
-8,1,186
-3,1,186
-2,1,186
-8,1,187
-2,1,187
4,1,187
-2,1,187
5,1,187
-2,1,187
-8,0,187
-3,1,187
8,1,187
8,1,187
8,1,187
3,1,187
-3,1,187
5,0,187
7,1,187
-3,1,187
-8,1,187
-8,0,187
-3,1,187
-8,1,187
-8,0,187
6,0,187
5,0,187
-3,0,187
-4,1,187
8,0,188
5,1,188
5,0,188
-2,1,188
4,1,188
3,1,188
-3,1,188
-2,0,188
4,1,188
-7,1,188
-3,0,188
6,1,188
7,1,188
6,1,188
-2,1,188
-3,1,188
8,1,188
6,1,188
-4,1,188
-3,1,188
-4,1,188
-7,1,188
8,1,188
-2,1,188
-3,0,188
8,1,189
8,0,189
8,1,189
3,1,189
-3,1,189
5,1,189
6,1,189
6,1,189
8,1,189
8,1,189
8,1,189
-3,1,189
3,1,189
4,1,189
4,1,189
-2,1,189
-7,1,189
-8,1,189
3,1,189
8,1,189
8,1,189
-3,0,189
3,1,189
-4,1,189
3,1,189
-8,1,190
-7,0,190
-8,0,190
-3,0,190
-6,0,190
-8,0,190
4,1,190
8,0,190
8,1,190
-5,1,190
-8,0,190
-7,0,190
8,1,190
-7,1,190
-6,1,190
-4,1,190
-5,0,190
7,1,190
5,1,190
8,1,190
-4,1,190
8,0,190
8,0,190
-2,1,190
8,0,190
6,1,191
6,1,191
4,1,191
5,1,191
8,1,191
7,1,191
7,1,191
8,1,191
8,1,191
8,1,191
8,1,191
3,1,191
-7,1,191
-4,1,191
-8,1,191
-8,1,191
-6,1,191
-4,1,191
-3,1,191
-3,1,191
-3,1,191
-8,1,191
-5,1,191
-6,1,191
-5,1,191
8,1,192
8,1,192
6,1,192
-2,1,192
-5,1,192
8,1,192
6,1,192
7,0,192
3,1,192
8,1,192
8,1,192
-5,1,192
5,1,192
-8,1,192
-8,0,192
-4,1,192
6,1,192
7,1,192
8,1,192
3,1,192
-4,1,192
4,1,192
-8,1,192
-4,1,192
-4,1,192
6,1,193
8,1,193
5,1,193
6,1,193
8,1,193
8,1,193
-4,1,193
-4,1,193
-8,0,193
3,1,193
6,0,193
4,1,193
3,1,193
-7,1,193
-3,1,193
-2,1,193
-8,1,193
-8,1,193
-5,1,193
-8,1,193
8,1,193
8,1,193
7,1,193
3,1,193
-3,1,193
-8,1,194
8,0,194
7,1,194
-2,0,194
4,1,194
5,1,194
8,1,194
8,1,194
8,1,194
6,1,194
5,1,194
8,1,194
8,1,194
8,1,194
5,1,194
-2,1,194
4,1,194
-5,1,194
-8,1,194
-8,1,194
-8,1,194
-5,1,194
-4,1,194
-5,1,194
-5,1,194
-6,1,195
3,1,195
-4,0,195
-2,1,195
-5,1,195
-8,1,195
8,1,195
8,1,195
-5,1,195
-8,1,195
-3,1,195
8,0,195
5,1,195
-3,1,195
-7,1,195
-7,1,195
-8,1,195
4,1,195
5,1,195
-5,1,195
-8,0,195
-8,1,195
-6,1,195
3,1,195
-3,1,195
-3,1,196
6,0,196
8,0,196
8,1,196
6,1,196
-6,1,196
-5,1,196
-8,1,196
4,1,196
-5,1,196
-8,1,196
7,1,196
5,1,196
8,1,196
7,1,196
7,1,196
8,1,196
8,1,196
3,1,196
8,1,196
5,1,196
8,1,196
6,1,196
8,1,196
7,1,196
8,1,197
8,1,197
7,1,197
6,0,197
6,1,197
-5,0,197
-3,1,197
3,1,197
5,1,197
8,1,197
8,0,197
7,1,197
8,1,197
6,0,197
-2,1,197
-5,1,197
7,1,197
8,1,197
8,1,197
8,1,197
5,1,197
6,0,197
4,1,197
5,1,197
8,1,197
-4,0,198
3,1,198
-5,1,198
-4,1,198
-4,1,198
-6,1,198
-7,0,198
6,0,198
-3,1,198
-3,1,198
-4,1,198
8,1,198
8,0,198
-2,0,198
6,0,198
8,1,198
8,1,198
-2,0,198
-3,0,198
-3,0,198
-6,1,198
8,1,198
8,1,198
8,1,198
7,1,198
-6,0,199
4,0,199
6,1,199
-3,0,199
-7,1,199
-3,1,199
8,1,199
8,0,199
6,0,199
7,1,199
-3,1,199
7,1,199
7,1,199
6,1,199
8,1,199
8,1,199
8,1,199
8,1,199
8,1,199
3,1,199
5,1,199
7,1,199
8,1,199
8,1,199
7,1,199
5,1,200
-2,1,200
-4,1,200
3,0,200
-5,1,200
-7,0,200
5,1,200
-3,1,200
8,1,200
-3,1,200
3,0,200
3,1,200
-3,1,200
8,1,200
8,1,200
8,1,200
-7,1,200
-8,1,200
-8,0,200
4,1,200
4,1,200
3,1,200
-4,1,200
-2,1,200
-4,1,200
