-4.8436,0,2
-4.8436,1,2
-1.8436,1,2
-2.8436,1,2
4.1564,1,2
-1.8436,1,2
5.1564,0,2
-4.8436,1,2
-2.8436,1,2
-4.8436,1,2
-4.8436,1,2
3.1564,0,2
5.1564,1,2
-1.8436,1,2
4.1564,0,2
-2.8436,1,2
-3.8436,1,2
5.1564,0,2
5.1564,1,2
5.1564,0,2
5.1564,1,2
-4.8436,1,2
-4.8436,1,2
-2.8436,0,2
3.1564,0,2
-4.8436,1,2
5.1564,1,3
-3.8436,1,3
3.1564,1,3
-4.8436,1,3
-4.8436,1,3
-4.8436,1,3
4.1564,1,3
-3.8436,1,3
5.1564,1,3
4.1564,1,3
-1.8436,1,3
-4.8436,1,3
-4.8436,1,3
-4.8436,1,3
-3.8436,1,3
3.1564,1,3
4.1564,1,3
4.1564,1,3
-4.8436,1,3
-4.8436,1,3
3.1564,1,3
-4.8436,0,3
-3.8436,1,3
-4.8436,1,3
-4.8436,1,3
5.1564,1,3
-1.8436,1,4
-4.8436,1,4
5.1564,1,4
5.1564,1,4
-3.8436,1,4
4.1564,1,4
3.1564,1,4
-4.8436,1,4
-1.8436,1,4
-4.8436,1,4
-4.8436,1,4
-4.8436,1,4
-4.8436,1,4
-1.8436,1,4
-4.8436,1,4
-4.8436,1,4
-4.8436,1,4
4.1564,1,4
-4.8436,1,4
-4.8436,1,4
5.1564,0,4
5.1564,1,4
5.1564,1,4
5.1564,1,4
-2.8436,1,4
-4.8436,0,4
4.1564,0,5
-1.8436,0,5
3.1564,0,5
-2.8436,1,5
4.1564,1,5
-4.8436,1,5
-4.8436,0,5
4.1564,1,5
3.1564,0,5
5.1564,1,5
3.1564,1,5
-1.8436,1,5
5.1564,0,5
5.1564,0,5
5.1564,1,5
-1.8436,1,5
4.1564,1,5
-4.8436,1,5
-4.8436,0,5
-3.8436,1,5
-2.8436,1,5
-4.8436,1,5
4.1564,0,5
5.1564,1,5
-2.8436,1,5
5.1564,1,5
5.1564,1,6
4.1564,1,6
-4.8436,1,6
-3.8436,0,6
5.1564,1,6
-4.8436,1,6
5.1564,0,6
5.1564,1,6
3.1564,1,6
3.1564,1,6
-2.8436,1,6
-4.8436,0,6
-4.8436,1,6
-1.8436,1,6
5.1564,1,6
5.1564,1,6
4.1564,1,6
5.1564,1,6
-3.8436,1,6
5.1564,1,6
-1.8436,0,6
4.1564,0,6
3.1564,1,6
-4.8436,0,6
4.1564,1,6
-4.8436,1,6
-4.8436,0,7
-4.8436,1,7
3.1564,1,7
5.1564,1,7
-1.8436,0,7
4.1564,1,7
-1.8436,1,7
3.1564,0,7
-2.8436,1,7
-4.8436,1,7
-2.8436,1,7
5.1564,1,7
5.1564,1,7
5.1564,1,7
4.1564,0,7
5.1564,1,7
-2.8436,0,7
4.1564,1,7
-2.8436,0,7
5.1564,0,7
4.1564,1,7
5.1564,0,7
-4.8436,0,7
5.1564,0,7
4.1564,1,7
5.1564,1,7
-4.8436,0,8
-3.8436,1,8
5.1564,1,8
-1.8436,0,8
4.1564,1,8
-2.8436,1,8
5.1564,1,8
-3.8436,1,8
-3.8436,1,8
-4.8436,1,8
-4.8436,1,8
-4.8436,1,8
-4.8436,1,8
-4.8436,1,8
5.1564,1,8
-2.8436,1,8
3.1564,1,8
-2.8436,1,8
-3.8436,1,8
5.1564,1,8
-4.8436,1,8
5.1564,1,8
-1.8436,1,8
5.1564,1,8
-4.8436,1,8
-4.8436,0,8
4.1564,1,9
5.1564,1,9
5.1564,1,9
-3.8436,1,9
5.1564,1,9
-2.8436,1,9
-4.8436,1,9
4.1564,1,9
-4.8436,0,9
-2.8436,1,9
-4.8436,0,9
-3.8436,0,9
-4.8436,1,9
-4.8436,1,9
-4.8436,0,9
3.1564,0,9
5.1564,1,9
-4.8436,1,9
-3.8436,1,9
-4.8436,1,9
-4.8436,1,9
-3.8436,0,9
-3.8436,1,9
3.1564,1,9
4.1564,0,9
4.1564,0,10
5.1564,1,10
-1.8436,1,10
4.1564,0,10
5.1564,1,10
5.1564,1,10
3.1564,0,10
-4.8436,1,10
5.1564,1,10
3.1564,0,10
-4.8436,0,10
-1.8436,0,10
-1.8436,0,10
4.1564,0,10
5.1564,0,10
-2.8436,0,10
-2.8436,1,10
5.1564,1,10
5.1564,0,10
5.1564,0,10
-4.8436,1,10
-4.8436,1,10
-3.8436,0,10
-4.8436,0,10
5.1564,0,10
-3.8436,1,10
-4.8436,1,11
-4.8436,1,11
-4.8436,0,11
5.1564,1,11
4.1564,1,11
-1.8436,1,11
3.1564,1,11
-4.8436,1,11
-4.8436,0,11
-4.8436,1,11
-3.8436,1,11
-4.8436,1,11
3.1564,1,11
-2.8436,1,11
-4.8436,0,11
-1.8436,0,11
-2.8436,0,11
3.1564,1,11
5.1564,1,11
5.1564,1,11
5.1564,1,11
-1.8436,1,11
5.1564,0,11
-2.8436,1,11
5.1564,1,11
-4.8436,1,12
5.1564,1,12
5.1564,1,12
5.1564,1,12
-4.8436,1,12
-1.8436,1,12
-2.8436,1,12
5.1564,1,12
5.1564,1,12
5.1564,1,12
-1.8436,1,12
5.1564,1,12
-2.8436,1,12
-2.8436,1,12
-1.8436,1,12
5.1564,1,12
-3.8436,1,12
-4.8436,1,12
-3.8436,1,12
-4.8436,1,12
-3.8436,1,12
-1.8436,1,12
-3.8436,1,12
-2.8436,1,12
5.1564,1,12
5.1564,1,12
-4.8436,1,13
5.1564,1,13
3.1564,1,13
3.1564,1,13
-4.8436,1,13
5.1564,1,13
-4.8436,1,13
5.1564,0,13
5.1564,0,13
4.1564,0,13
5.1564,1,13
-4.8436,0,13
-4.8436,0,13
5.1564,1,13
-4.8436,1,13
5.1564,1,13
5.1564,0,13
4.1564,1,13
5.1564,1,13
-1.8436,0,13
5.1564,0,13
-3.8436,1,14
-2.8436,1,14
5.1564,1,14
5.1564,1,14
-2.8436,1,14
5.1564,1,14
5.1564,1,14
5.1564,1,14
5.1564,1,14
5.1564,1,14
5.1564,1,14
5.1564,0,14
5.1564,1,14
3.1564,1,14
4.1564,1,14
5.1564,1,14
4.1564,1,14
4.1564,1,14
-4.8436,1,14
-2.8436,1,14
-2.8436,1,14
3.1564,1,14
5.1564,1,14
-1.8436,1,14
3.1564,0,14
5.1564,1,15
-2.8436,0,15
-3.8436,0,15
-4.8436,1,15
-3.8436,1,15
-4.8436,0,15
3.1564,1,15
5.1564,0,15
5.1564,0,15
-3.8436,1,15
-2.8436,1,15
-3.8436,1,15
-2.8436,1,15
4.1564,0,15
5.1564,1,15
-2.8436,0,15
-4.8436,0,15
-4.8436,0,15
5.1564,1,15
-4.8436,1,15
-3.8436,1,15
4.1564,0,15
-3.8436,1,15
-4.8436,1,15
4.1564,0,15
-4.8436,1,15
-4.8436,1,16
-1.8436,1,16
3.1564,1,16
5.1564,1,16
3.1564,1,16
-4.8436,0,16
-2.8436,0,16
5.1564,1,16
-4.8436,1,16
4.1564,1,16
5.1564,1,16
-1.8436,1,16
-1.8436,1,16
-3.8436,1,16
-1.8436,1,16
-2.8436,1,16
-3.8436,1,16
-4.8436,1,16
5.1564,1,16
4.1564,1,16
5.1564,1,16
5.1564,1,16
5.1564,1,16
5.1564,1,16
-3.8436,0,16
-1.8436,1,17
5.1564,0,17
-3.8436,0,17
-1.8436,1,17
-2.8436,1,17
-2.8436,0,17
-4.8436,0,17
-3.8436,1,17
5.1564,0,17
-1.8436,1,17
5.1564,1,17
-1.8436,0,17
3.1564,0,17
5.1564,0,17
-4.8436,1,17
4.1564,1,17
-4.8436,1,17
4.1564,0,17
-2.8436,0,17
4.1564,0,17
5.1564,1,17
3.1564,0,17
-4.8436,1,17
5.1564,0,17
4.1564,0,17
-4.8436,1,18
-1.8436,0,18
-1.8436,1,18
-3.8436,1,18
3.1564,1,18
3.1564,1,18
-4.8436,1,18
3.1564,1,18
5.1564,1,18
5.1564,1,18
3.1564,1,18
3.1564,1,18
-1.8436,1,18
-4.8436,1,18
3.1564,0,18
4.1564,1,18
-2.8436,1,18
5.1564,1,18
4.1564,1,18
5.1564,1,18
3.1564,1,18
5.1564,1,18
-2.8436,1,18
5.1564,1,18
-4.8436,1,18
4.1564,1,18
3.1564,0,19
5.1564,1,19
5.1564,1,19
-3.8436,0,19
-3.8436,1,19
5.1564,1,19
5.1564,1,19
-2.8436,0,19
-4.8436,0,19
-3.8436,1,19
5.1564,1,19
3.1564,1,19
4.1564,1,19
5.1564,0,19
4.1564,1,19
3.1564,1,19
5.1564,0,19
4.1564,0,19
5.1564,0,19
5.1564,1,19
5.1564,1,19
5.1564,0,19
-1.8436,1,19
5.1564,0,19
4.1564,1,19
-2.8436,1,20
-1.8436,1,20
4.1564,1,20
4.1564,0,20
-4.8436,1,20
-4.8436,1,20
-4.8436,1,20
3.1564,0,20
-1.8436,1,20
-3.8436,0,20
-1.8436,1,20
5.1564,1,20
-4.8436,1,20
4.1564,1,20
5.1564,1,20
5.1564,1,20
-4.8436,1,20
3.1564,1,20
5.1564,1,20
3.1564,1,20
3.1564,1,20
-3.8436,1,20
5.1564,1,20
-3.8436,1,20
4.1564,1,20
5.1564,1,20
-3.8436,1,21
-4.8436,1,21
-2.8436,1,21
3.1564,0,21
-3.8436,1,21
-2.8436,1,21
-4.8436,0,21
-4.8436,1,21
-3.8436,1,21
5.1564,0,21
5.1564,1,21
-4.8436,1,21
-4.8436,1,21
-3.8436,0,21
3.1564,1,21
-1.8436,1,21
5.1564,1,21
5.1564,1,21
3.1564,1,21
4.1564,1,21
5.1564,1,21
-4.8436,1,21
5.1564,1,21
5.1564,1,21
-3.8436,1,21
-2.8436,1,21
-2.8436,1,22
5.1564,1,22
-4.8436,1,22
4.1564,1,22
5.1564,1,22
-4.8436,1,22
5.1564,1,22
5.1564,0,22
-3.8436,1,22
-4.8436,1,22
-2.8436,1,22
-4.8436,0,22
-4.8436,1,22
-3.8436,1,22
5.1564,1,22
-2.8436,1,22
-1.8436,1,22
3.1564,1,22
4.1564,1,22
5.1564,1,22
5.1564,1,22
5.1564,1,22
-1.8436,1,22
-2.8436,1,22
5.1564,1,22
-2.8436,1,22
5.1564,1,25
-1.8436,1,25
3.1564,1,25
-2.8436,1,25
-2.8436,1,25
-3.8436,1,25
-4.8436,1,25
-4.8436,1,25
-3.8436,1,25
-1.8436,1,25
5.1564,1,25
-3.8436,1,25
-1.8436,1,25
5.1564,1,25
-2.8436,1,25
-1.8436,1,25
-1.8436,1,25
-4.8436,1,25
-4.8436,1,25
-2.8436,1,25
-1.8436,1,25
5.1564,1,25
5.1564,1,25
-1.8436,1,25
5.1564,1,25
-3.8436,1,25
-3.8436,1,26
-4.8436,1,26
-4.8436,1,26
-3.8436,1,26
-2.8436,1,26
-4.8436,1,26
-4.8436,1,26
-4.8436,1,26
4.1564,1,26
3.1564,1,26
5.1564,1,26
-1.8436,0,26
-4.8436,1,26
-4.8436,1,26
-4.8436,1,26
-2.8436,1,26
-4.8436,1,26
5.1564,1,26
-2.8436,1,26
4.1564,1,26
-4.8436,1,26
4.1564,1,26
-4.8436,1,26
5.1564,1,26
-4.8436,1,26
-3.8436,1,26
5.1564,1,28
3.1564,1,28
-2.8436,1,28
-3.8436,0,28
5.1564,1,28
5.1564,1,28
4.1564,0,28
-3.8436,0,28
-4.8436,1,28
-4.8436,0,28
-4.8436,1,28
-2.8436,1,28
5.1564,1,28
5.1564,1,28
-2.8436,1,28
-1.8436,0,28
5.1564,0,28
5.1564,1,28
4.1564,1,28
-2.8436,1,28
-2.8436,0,28
-1.8436,1,28
-1.8436,1,28
-4.8436,1,28
4.1564,1,28
-4.8436,0,28
-3.8436,0,29
-3.8436,1,29
-3.8436,1,29
-2.8436,0,29
-2.8436,1,29
-1.8436,1,29
5.1564,1,29
-1.8436,1,29
-4.8436,1,29
5.1564,1,29
5.1564,1,29
-4.8436,1,29
-4.8436,1,29
-1.8436,1,29
5.1564,1,29
-2.8436,1,29
5.1564,1,29
4.1564,1,29
5.1564,1,29
4.1564,1,29
5.1564,1,29
-4.8436,1,29
4.1564,1,29
4.1564,1,29
5.1564,1,29
-4.8436,1,29
-4.8436,0,30
-4.8436,1,30
3.1564,0,30
-4.8436,0,30
-1.8436,1,30
4.1564,1,30
-4.8436,1,30
5.1564,0,30
-4.8436,1,30
-2.8436,1,30
3.1564,1,30
-2.8436,1,30
-2.8436,1,30
-4.8436,1,30
-3.8436,1,30
-4.8436,1,30
3.1564,1,30
3.1564,0,30
3.1564,1,30
3.1564,1,30
5.1564,1,30
5.1564,1,30
4.1564,1,30
5.1564,1,30
-1.8436,1,30
-4.8436,1,30
5.1564,1,31
-4.8436,1,31
-3.8436,1,31
5.1564,0,31
4.1564,0,31
5.1564,1,31
-1.8436,1,31
-2.8436,0,31
5.1564,1,31
-3.8436,0,31
-2.8436,1,31
3.1564,1,31
3.1564,0,31
4.1564,1,31
-4.8436,1,31
-4.8436,1,31
-4.8436,1,31
-4.8436,0,31
-1.8436,0,31
5.1564,0,31
3.1564,1,31
4.1564,0,31
-1.8436,1,31
4.1564,0,31
5.1564,0,31
-1.8436,1,31
3.1564,0,32
5.1564,1,32
5.1564,1,32
5.1564,1,32
3.1564,1,32
5.1564,1,32
5.1564,0,32
5.1564,1,32
5.1564,0,32
-4.8436,0,32
3.1564,1,32
3.1564,1,32
-3.8436,0,32
5.1564,1,32
4.1564,0,32
-2.8436,0,32
3.1564,0,32
-4.8436,0,32
5.1564,1,32
-2.8436,1,32
-2.8436,0,32
-4.8436,0,32
4.1564,1,32
-2.8436,0,32
-4.8436,0,32
-1.8436,1,32
-1.8436,0,33
-4.8436,0,33
4.1564,1,33
3.1564,1,33
-1.8436,0,33
-2.8436,0,33
3.1564,1,33
-4.8436,0,33
-2.8436,1,33
-4.8436,1,33
-4.8436,0,33
5.1564,0,33
4.1564,1,33
-4.8436,1,33
-4.8436,0,33
5.1564,0,33
-4.8436,0,33
-1.8436,1,33
-1.8436,0,33
3.1564,0,33
4.1564,0,33
-4.8436,1,33
-3.8436,0,33
-4.8436,0,33
-2.8436,0,33
-4.8436,0,33
-1.8436,0,34
-2.8436,0,34
-4.8436,0,34
-3.8436,1,34
-1.8436,1,34
-4.8436,1,34
5.1564,1,34
5.1564,0,34
-4.8436,0,34
5.1564,1,34
-2.8436,1,34
-4.8436,0,34
-4.8436,0,34
-3.8436,0,34
-4.8436,1,34
4.1564,1,34
5.1564,0,34
5.1564,1,34
-3.8436,1,34
-4.8436,0,34
4.1564,0,34
3.1564,1,34
4.1564,0,34
4.1564,1,34
5.1564,0,34
-1.8436,1,34
-4.8436,1,35
-2.8436,0,35
-4.8436,1,35
-4.8436,1,35
5.1564,1,35
5.1564,1,35
-3.8436,1,35
-3.8436,1,35
-3.8436,1,35
5.1564,1,35
-4.8436,1,35
5.1564,1,35
5.1564,1,35
4.1564,1,35
-3.8436,1,35
-4.8436,0,35
-3.8436,1,35
-2.8436,1,35
-3.8436,1,35
-3.8436,1,35
-4.8436,1,35
-2.8436,1,35
-2.8436,0,35
3.1564,1,35
4.1564,1,35
4.1564,1,36
3.1564,1,36
-2.8436,1,36
3.1564,1,36
5.1564,1,36
5.1564,1,36
4.1564,1,36
5.1564,1,36
4.1564,1,36
-1.8436,1,36
5.1564,1,36
3.1564,1,36
3.1564,1,36
-2.8436,1,36
3.1564,1,36
5.1564,1,36
-2.8436,1,36
4.1564,1,36
5.1564,1,36
-1.8436,1,36
-4.8436,1,36
-1.8436,1,36
5.1564,1,36
-2.8436,1,36
-4.8436,1,36
-4.8436,1,37
-4.8436,1,37
-4.8436,0,37
-4.8436,1,37
-3.8436,0,37
-4.8436,0,37
4.1564,0,37
-4.8436,1,37
-1.8436,0,37
-4.8436,0,37
-4.8436,1,37
-3.8436,0,37
4.1564,1,37
-1.8436,1,37
5.1564,1,37
-4.8436,1,37
-4.8436,1,37
-4.8436,1,37
5.1564,1,37
-2.8436,1,37
-1.8436,1,37
-4.8436,1,37
5.1564,1,37
3.1564,1,38
3.1564,1,38
-1.8436,1,38
-4.8436,1,38
5.1564,1,38
5.1564,1,38
3.1564,1,38
5.1564,1,38
-1.8436,0,38
-1.8436,1,38
5.1564,1,38
5.1564,1,38
-2.8436,1,38
-4.8436,1,38
3.1564,1,38
5.1564,1,38
5.1564,1,38
4.1564,1,38
-2.8436,1,38
5.1564,1,38
-4.8436,1,38
3.1564,1,38
-1.8436,1,38
5.1564,1,38
3.1564,1,38
5.1564,1,38
-4.8436,1,39
5.1564,1,39
4.1564,1,39
4.1564,1,39
-4.8436,1,39
-1.8436,1,39
-2.8436,1,39
3.1564,1,39
4.1564,1,39
5.1564,1,39
-3.8436,1,39
3.1564,0,39
-3.8436,1,39
-2.8436,1,39
4.1564,1,39
-2.8436,1,39
-4.8436,0,39
-1.8436,1,39
5.1564,1,39
4.1564,1,39
3.1564,1,39
-3.8436,0,39
5.1564,1,39
-4.8436,1,39
4.1564,1,39
-4.8436,1,39
5.1564,1,40
5.1564,1,40
5.1564,1,40
5.1564,1,40
3.1564,1,40
-1.8436,1,40
-2.8436,1,40
-2.8436,1,40
5.1564,0,40
-3.8436,1,40
-3.8436,1,40
-3.8436,1,40
3.1564,1,40
-1.8436,1,40
-1.8436,1,40
-4.8436,1,40
-4.8436,1,40
-4.8436,1,40
3.1564,1,40
5.1564,1,40
3.1564,1,40
-3.8436,1,40
-3.8436,1,40
-4.8436,1,40
-2.8436,1,40
-3.8436,1,40
-3.8436,1,41
5.1564,1,41
-2.8436,0,41
-3.8436,1,41
4.1564,1,41
4.1564,1,41
3.1564,0,41
5.1564,1,41
-4.8436,0,41
4.1564,1,41
5.1564,1,41
-1.8436,1,41
5.1564,1,41
-4.8436,0,41
-4.8436,0,41
5.1564,1,41
-2.8436,1,41
4.1564,1,41
5.1564,1,41
-2.8436,1,41
3.1564,1,41
3.1564,1,41
-4.8436,1,41
5.1564,1,41
-4.8436,1,41
-4.8436,0,42
3.1564,1,42
-3.8436,1,42
-4.8436,1,42
-4.8436,1,42
-4.8436,1,42
5.1564,1,42
-1.8436,0,42
5.1564,1,42
-4.8436,1,42
-1.8436,1,42
3.1564,1,42
-4.8436,0,42
-4.8436,0,42
3.1564,1,42
-3.8436,1,42
-1.8436,1,42
-1.8436,1,42
3.1564,1,42
5.1564,1,42
3.1564,0,42
4.1564,1,42
5.1564,1,42
3.1564,1,42
4.1564,0,42
4.1564,1,42
-4.8436,1,43
5.1564,1,43
-4.8436,1,43
-1.8436,1,43
5.1564,1,43
-4.8436,1,43
-2.8436,1,43
-2.8436,0,43
-4.8436,1,43
-4.8436,1,43
3.1564,1,43
-1.8436,1,43
5.1564,1,43
5.1564,1,43
-2.8436,1,43
-4.8436,1,43
3.1564,1,43
5.1564,1,43
-4.8436,1,43
5.1564,0,43
-2.8436,1,43
-2.8436,1,43
-3.8436,0,43
-2.8436,0,43
-2.8436,0,43
5.1564,0,43
-2.8436,1,44
-2.8436,1,44
-4.8436,0,44
-3.8436,0,44
5.1564,0,44
-4.8436,0,44
5.1564,1,44
-4.8436,0,44
-2.8436,0,44
5.1564,1,44
-1.8436,1,44
-2.8436,0,44
5.1564,1,44
-4.8436,1,44
-4.8436,1,44
-4.8436,0,44
-2.8436,1,44
-4.8436,0,44
3.1564,0,44
5.1564,1,44
-4.8436,1,44
-4.8436,0,44
5.1564,1,44
3.1564,1,45
-1.8436,1,45
5.1564,1,45
4.1564,1,45
-4.8436,1,45
-4.8436,0,45
3.1564,1,45
5.1564,1,45
4.1564,1,45
-4.8436,1,45
-2.8436,1,45
-1.8436,1,45
-4.8436,1,45
-4.8436,1,45
5.1564,1,45
-3.8436,1,45
5.1564,0,45
5.1564,1,45
5.1564,1,45
4.1564,1,45
5.1564,1,45
5.1564,0,45
-4.8436,1,45
-4.8436,1,45
-3.8436,1,45
4.1564,0,45
5.1564,1,46
-3.8436,0,46
5.1564,1,46
4.1564,1,46
3.1564,1,46
3.1564,0,46
-1.8436,0,46
5.1564,0,46
5.1564,1,46
-4.8436,1,46
-4.8436,1,46
-4.8436,1,46
-3.8436,1,46
-4.8436,1,46
-3.8436,1,46
-4.8436,1,46
-4.8436,1,46
5.1564,1,46
4.1564,1,46
-1.8436,0,46
5.1564,1,46
4.1564,1,46
5.1564,1,46
-3.8436,1,46
-1.8436,1,46
-3.8436,1,47
5.1564,1,47
4.1564,1,47
-3.8436,1,47
5.1564,1,47
5.1564,1,47
3.1564,1,47
5.1564,1,47
5.1564,1,47
-2.8436,1,47
3.1564,1,47
-4.8436,1,47
-4.8436,1,47
3.1564,0,47
5.1564,0,47
3.1564,1,47
-1.8436,0,47
-4.8436,1,47
-4.8436,1,47
-4.8436,1,47
-1.8436,1,47
-1.8436,1,47
3.1564,1,47
5.1564,1,47
-2.8436,1,47
4.1564,1,47
-4.8436,0,48
3.1564,0,48
-1.8436,0,48
4.1564,0,48
3.1564,0,48
5.1564,1,48
3.1564,1,48
5.1564,0,48
4.1564,0,48
-4.8436,0,48
-4.8436,1,48
5.1564,1,48
-2.8436,1,48
-2.8436,1,48
-4.8436,1,48
-3.8436,1,48
-2.8436,0,48
-1.8436,0,48
5.1564,0,48
4.1564,0,48
-3.8436,1,48
5.1564,0,48
4.1564,1,48
-4.8436,1,49
5.1564,1,49
5.1564,1,49
3.1564,1,49
4.1564,1,49
-1.8436,1,49
3.1564,1,49
-4.8436,1,49
-1.8436,0,49
-4.8436,1,49
-4.8436,1,49
5.1564,1,49
-1.8436,1,49
5.1564,1,49
-1.8436,1,49
-1.8436,1,49
3.1564,1,49
4.1564,1,49
5.1564,1,49
4.1564,1,49
-4.8436,1,49
4.1564,1,49
-3.8436,1,49
-1.8436,1,49
5.1564,1,49
-3.8436,1,49
-1.8436,0,50
-2.8436,1,50
5.1564,0,50
4.1564,1,50
-1.8436,1,50
5.1564,1,50
4.1564,0,50
-4.8436,1,50
3.1564,1,50
5.1564,1,50
-1.8436,1,50
4.1564,1,50
-3.8436,1,50
5.1564,0,50
-1.8436,1,50
-3.8436,0,50
-4.8436,1,50
-4.8436,1,50
5.1564,1,50
5.1564,1,50
-4.8436,1,50
-1.8436,1,50
3.1564,1,50
-4.8436,0,50
-4.8436,1,50
5.1564,1,51
-4.8436,1,51
-3.8436,0,51
-1.8436,1,51
5.1564,1,51
5.1564,1,51
-1.8436,1,51
-2.8436,1,51
-1.8436,1,51
5.1564,1,51
3.1564,1,51
-1.8436,1,51
-4.8436,1,51
5.1564,1,51
-3.8436,1,51
5.1564,1,51
5.1564,1,51
-4.8436,1,51
3.1564,1,51
4.1564,0,51
5.1564,1,51
4.1564,0,51
-2.8436,1,51
5.1564,1,51
5.1564,1,51
4.1564,1,51
5.1564,0,52
-4.8436,1,52
5.1564,0,52
5.1564,0,52
5.1564,0,52
5.1564,0,52
5.1564,0,52
-1.8436,0,52
-1.8436,0,52
3.1564,1,52
4.1564,0,52
-4.8436,1,52
-4.8436,1,52
-2.8436,1,52
5.1564,1,52
-1.8436,1,52
4.1564,1,52
5.1564,1,52
5.1564,0,52
4.1564,1,52
5.1564,1,52
-4.8436,1,52
5.1564,1,52
-2.8436,1,52
-3.8436,1,52
-3.8436,0,53
-2.8436,1,53
-2.8436,0,53
-4.8436,1,53
3.1564,1,53
3.1564,0,53
5.1564,0,53
5.1564,0,53
4.1564,1,53
5.1564,0,53
5.1564,1,53
5.1564,1,53
4.1564,1,53
5.1564,0,53
5.1564,1,53
5.1564,1,53
4.1564,0,53
5.1564,1,53
5.1564,1,53
-4.8436,0,53
-4.8436,0,53
5.1564,1,53
-1.8436,0,53
-4.8436,1,53
-3.8436,1,53
-2.8436,0,53
-4.8436,1,54
-1.8436,1,54
-2.8436,0,54
3.1564,1,54
3.1564,1,54
5.1564,1,54
-2.8436,1,54
-4.8436,1,54
-4.8436,1,54
-2.8436,1,54
5.1564,1,54
-3.8436,1,54
-1.8436,1,54
-1.8436,1,54
4.1564,1,54
5.1564,1,54
3.1564,1,54
-3.8436,1,54
5.1564,1,54
3.1564,1,54
5.1564,1,54
4.1564,1,54
3.1564,1,54
5.1564,1,54
-2.8436,0,54
-3.8436,1,54
5.1564,0,56
-2.8436,0,56
-4.8436,1,56
-4.8436,0,56
4.1564,1,56
5.1564,1,56
-4.8436,1,56
-1.8436,1,56
-4.8436,1,56
3.1564,1,56
3.1564,1,56
-2.8436,1,56
5.1564,1,56
4.1564,1,56
5.1564,1,56
-4.8436,0,56
-4.8436,1,56
-3.8436,0,56
-4.8436,1,56
-2.8436,1,56
-4.8436,1,56
5.1564,1,56
-2.8436,1,56
-1.8436,1,56
-1.8436,0,56
4.1564,0,56
-4.8436,0,57
-4.8436,1,57
-1.8436,1,57
5.1564,1,57
-3.8436,1,57
-3.8436,1,57
-4.8436,1,57
-3.8436,0,57
5.1564,0,57
3.1564,0,57
5.1564,1,57
-2.8436,1,57
-4.8436,1,57
-4.8436,1,57
-4.8436,1,57
-2.8436,1,57
-1.8436,1,57
-2.8436,0,57
5.1564,1,57
-3.8436,1,58
-3.8436,0,58
-2.8436,0,58
5.1564,1,58
3.1564,1,58
3.1564,0,58
-1.8436,1,58
-3.8436,0,58
3.1564,0,58
4.1564,1,58
-4.8436,1,58
-4.8436,1,58
-3.8436,1,58
-1.8436,0,58
-4.8436,0,58
-1.8436,1,58
-4.8436,0,58
-2.8436,1,58
3.1564,0,58
-1.8436,1,58
-2.8436,1,58
-4.8436,1,58
3.1564,1,58
5.1564,0,58
-1.8436,0,58
-4.8436,1,58
3.1564,1,59
5.1564,0,59
-4.8436,0,59
4.1564,0,59
-2.8436,0,59
3.1564,0,59
5.1564,0,59
-2.8436,1,59
-4.8436,1,59
-2.8436,1,59
-1.8436,0,59
-2.8436,0,59
-3.8436,1,59
-4.8436,0,59
5.1564,0,59
-4.8436,1,59
-2.8436,1,59
-3.8436,1,59
4.1564,0,59
-4.8436,1,59
3.1564,0,59
5.1564,1,59
-3.8436,0,59
-3.8436,0,59
5.1564,0,59
-1.8436,1,60
-4.8436,1,60
4.1564,1,60
5.1564,0,60
5.1564,1,60
4.1564,0,60
4.1564,1,60
3.1564,1,60
-1.8436,1,60
-4.8436,1,60
-4.8436,1,60
3.1564,1,60
-4.8436,1,60
5.1564,1,60
5.1564,1,60
-1.8436,1,60
5.1564,1,60
3.1564,1,60
5.1564,1,60
5.1564,1,60
-4.8436,1,60
-1.8436,1,60
-4.8436,1,60
5.1564,1,60
-2.8436,1,60
-4.8436,1,61
-4.8436,1,61
-3.8436,1,61
5.1564,1,61
-3.8436,0,61
5.1564,1,61
-2.8436,1,61
-1.8436,1,61
-3.8436,1,61
-4.8436,1,61
-2.8436,1,61
-3.8436,1,61
-3.8436,1,61
-4.8436,1,61
-1.8436,1,61
5.1564,1,61
5.1564,1,61
4.1564,1,61
-4.8436,1,61
-3.8436,1,61
-4.8436,1,61
5.1564,1,61
4.1564,1,61
-4.8436,1,61
3.1564,1,61
-4.8436,1,61
-3.8436,0,62
-3.8436,0,62
-1.8436,1,62
-3.8436,0,62
3.1564,1,62
5.1564,1,62
4.1564,1,62
-1.8436,0,62
5.1564,1,62
-3.8436,0,62
4.1564,1,62
4.1564,1,62
5.1564,1,62
5.1564,1,62
5.1564,1,62
4.1564,1,62
5.1564,1,62
-3.8436,1,62
3.1564,1,62
4.1564,1,62
-1.8436,1,62
-1.8436,1,62
5.1564,1,62
4.1564,1,62
-2.8436,1,62
-2.8436,1,62
5.1564,0,63
5.1564,1,63
-2.8436,1,63
-4.8436,1,63
4.1564,1,63
3.1564,0,63
3.1564,1,63
5.1564,0,63
-3.8436,0,63
5.1564,0,63
5.1564,0,63
5.1564,1,63
5.1564,1,63
-2.8436,1,63
-4.8436,1,63
3.1564,1,63
5.1564,0,63
-3.8436,0,63
-3.8436,1,63
-3.8436,1,63
3.1564,1,63
-1.8436,1,63
5.1564,1,63
5.1564,1,63
-1.8436,0,63
-3.8436,0,63
5.1564,1,64
3.1564,1,64
5.1564,1,64
-2.8436,0,64
-4.8436,0,64
-1.8436,1,64
4.1564,1,64
5.1564,1,64
3.1564,0,64
-3.8436,1,64
-2.8436,1,64
4.1564,0,64
-2.8436,1,64
4.1564,1,64
5.1564,1,64
5.1564,1,64
-4.8436,0,64
-2.8436,1,64
5.1564,1,64
-2.8436,1,64
-4.8436,1,64
-4.8436,0,64
-4.8436,1,64
-1.8436,1,64
-3.8436,0,64
-4.8436,1,64
-3.8436,0,65
-4.8436,0,65
-1.8436,0,65
3.1564,1,65
-4.8436,1,65
-2.8436,1,65
4.1564,1,65
-4.8436,0,65
-3.8436,1,65
5.1564,1,65
-1.8436,1,65
-2.8436,1,65
5.1564,1,65
5.1564,0,65
-4.8436,1,65
5.1564,1,65
3.1564,1,65
-4.8436,1,65
5.1564,1,65
5.1564,1,65
-1.8436,0,65
-4.8436,1,65
-4.8436,1,65
-4.8436,1,65
4.1564,1,65
-2.8436,1,65
-2.8436,0,66
5.1564,0,66
4.1564,0,66
4.1564,0,66
-1.8436,0,66
-3.8436,0,66
5.1564,0,66
3.1564,1,66
5.1564,1,66
5.1564,1,66
4.1564,1,66
-2.8436,1,66
-1.8436,1,66
-2.8436,0,66
-4.8436,1,66
-4.8436,1,66
3.1564,1,66
5.1564,1,66
5.1564,1,66
5.1564,1,66
-3.8436,1,66
5.1564,1,66
5.1564,1,66
5.1564,1,66
-4.8436,1,66
-4.8436,1,66
-1.8436,0,67
-2.8436,0,67
-3.8436,0,67
-3.8436,1,67
-1.8436,0,67
5.1564,1,67
-4.8436,1,67
-3.8436,1,67
-4.8436,1,67
3.1564,1,67
3.1564,1,67
5.1564,1,67
5.1564,1,67
3.1564,1,67
-3.8436,1,67
-3.8436,1,67
4.1564,1,67
5.1564,1,67
4.1564,1,67
3.1564,1,67
-2.8436,0,67
-3.8436,1,67
-1.8436,1,67
-4.8436,1,67
5.1564,1,67
-4.8436,0,67
-2.8436,1,68
5.1564,1,68
-1.8436,1,68
-3.8436,1,68
-1.8436,1,68
-3.8436,1,68
-4.8436,1,68
5.1564,1,68
5.1564,1,68
-4.8436,1,68
-2.8436,1,68
5.1564,1,68
4.1564,1,68
5.1564,1,68
4.1564,1,68
5.1564,1,68
5.1564,1,68
3.1564,1,68
-4.8436,1,68
3.1564,1,68
-4.8436,1,68
5.1564,1,68
5.1564,1,68
3.1564,1,68
-1.8436,1,68
-2.8436,1,68
5.1564,0,69
-4.8436,1,69
5.1564,1,69
-4.8436,1,69
-4.8436,0,69
-4.8436,0,69
-4.8436,1,69
4.1564,0,69
5.1564,1,69
-3.8436,0,69
4.1564,0,69
-4.8436,0,69
-3.8436,1,69
3.1564,1,69
-4.8436,0,69
4.1564,0,69
-3.8436,0,69
4.1564,1,69
-4.8436,1,69
4.1564,0,69
5.1564,1,69
4.1564,1,69
5.1564,0,69
-2.8436,0,69
-3.8436,1,69
-1.8436,1,69
-4.8436,1,70
-4.8436,1,70
-2.8436,1,70
-4.8436,1,70
5.1564,1,70
4.1564,1,70
-4.8436,1,70
-1.8436,0,70
3.1564,1,70
-4.8436,0,70
-3.8436,1,70
5.1564,1,70
-3.8436,0,70
-2.8436,0,70
4.1564,1,70
3.1564,0,70
-3.8436,1,70
5.1564,0,70
3.1564,1,70
5.1564,1,70
-4.8436,1,70
4.1564,1,70
-4.8436,1,70
4.1564,1,70
-3.8436,0,70
4.1564,1,70
-3.8436,1,71
-1.8436,0,71
-3.8436,1,71
5.1564,1,71
-4.8436,1,71
-4.8436,1,71
-2.8436,1,71
3.1564,1,71
-4.8436,0,71
-4.8436,0,71
4.1564,1,71
5.1564,1,71
4.1564,0,71
-4.8436,1,71
3.1564,1,71
3.1564,0,71
-4.8436,1,71
-2.8436,1,71
-4.8436,0,71
-2.8436,1,71
-4.8436,0,71
5.1564,0,71
3.1564,0,71
4.1564,1,71
-3.8436,0,71
4.1564,0,72
-3.8436,0,72
-4.8436,1,72
-4.8436,1,72
4.1564,0,72
-3.8436,1,72
4.1564,1,72
-2.8436,1,72
3.1564,1,72
4.1564,0,72
5.1564,0,72
5.1564,0,72
-1.8436,0,72
-4.8436,0,72
5.1564,0,72
5.1564,0,72
-2.8436,1,72
3.1564,1,72
-4.8436,1,72
-1.8436,0,72
5.1564,0,72
4.1564,1,72
-4.8436,1,72
-4.8436,0,72
-3.8436,1,73
-4.8436,1,73
-4.8436,1,73
5.1564,1,73
4.1564,1,73
4.1564,1,73
5.1564,1,73
-2.8436,1,73
4.1564,1,73
-4.8436,1,73
-3.8436,1,73
-4.8436,1,73
-2.8436,1,73
5.1564,1,73
-2.8436,1,73
-4.8436,1,73
-4.8436,1,73
-4.8436,1,73
4.1564,1,73
5.1564,0,73
-1.8436,1,73
-3.8436,1,73
-4.8436,1,73
-4.8436,0,74
-1.8436,1,74
4.1564,1,74
5.1564,1,74
4.1564,0,74
4.1564,0,74
-3.8436,1,74
5.1564,1,74
-1.8436,1,74
-1.8436,1,74
5.1564,1,74
5.1564,1,74
5.1564,1,74
-4.8436,0,74
5.1564,1,74
-4.8436,1,74
-4.8436,1,74
-4.8436,0,74
5.1564,1,74
-2.8436,0,74
5.1564,1,74
4.1564,1,74
-3.8436,1,75
-4.8436,1,75
-4.8436,1,75
-1.8436,1,75
-4.8436,0,75
3.1564,1,75
4.1564,1,75
-4.8436,1,75
-1.8436,1,75
-4.8436,1,75
-1.8436,1,75
5.1564,1,75
-4.8436,1,75
-4.8436,1,75
-4.8436,1,75
-3.8436,1,75
5.1564,1,75
3.1564,1,75
3.1564,1,75
-2.8436,1,75
5.1564,1,75
-4.8436,1,75
-3.8436,1,75
-3.8436,1,75
-4.8436,1,75
5.1564,1,75
-2.8436,1,76
-1.8436,1,76
-1.8436,1,76
-4.8436,1,76
-4.8436,0,76
-4.8436,0,76
5.1564,0,76
5.1564,1,76
-4.8436,1,76
4.1564,0,76
5.1564,0,76
4.1564,1,76
-1.8436,0,76
4.1564,0,76
4.1564,1,76
3.1564,1,76
-3.8436,1,76
4.1564,1,76
3.1564,1,76
-3.8436,0,76
-3.8436,1,76
-2.8436,0,76
-3.8436,0,76
4.1564,1,76
-3.8436,0,77
5.1564,1,77
-2.8436,1,77
-4.8436,1,77
5.1564,0,77
-2.8436,1,77
-1.8436,0,77
-3.8436,1,77
-4.8436,1,77
5.1564,1,77
-2.8436,1,77
-4.8436,1,77
-1.8436,1,77
-4.8436,0,77
-3.8436,1,77
-3.8436,1,77
4.1564,1,77
-2.8436,1,77
-4.8436,1,77
-4.8436,1,77
-4.8436,1,77
-4.8436,1,77
3.1564,1,77
5.1564,1,78
-4.8436,1,78
4.1564,1,78
5.1564,1,78
5.1564,1,78
3.1564,1,78
-1.8436,1,78
3.1564,1,78
4.1564,1,78
4.1564,1,78
-4.8436,1,78
5.1564,1,78
-1.8436,1,78
-4.8436,1,78
-1.8436,1,78
-2.8436,1,78
5.1564,1,78
5.1564,1,78
5.1564,1,78
5.1564,1,78
5.1564,1,78
-3.8436,1,78
5.1564,1,78
-4.8436,1,78
-1.8436,1,78
-3.8436,0,78
-1.8436,1,79
-3.8436,0,79
3.1564,0,79
3.1564,0,79
-4.8436,0,79
-4.8436,0,79
-1.8436,1,79
-3.8436,0,79
-4.8436,1,79
-2.8436,1,79
-1.8436,1,79
-1.8436,1,79
-3.8436,1,79
-4.8436,1,79
5.1564,1,79
-4.8436,1,79
-3.8436,1,79
4.1564,1,79
-1.8436,1,79
-3.8436,0,79
-3.8436,0,79
-4.8436,1,79
-2.8436,1,79
-1.8436,1,79
-4.8436,1,79
-3.8436,1,79
-3.8436,1,80
-3.8436,1,80
-4.8436,0,80
5.1564,1,80
-4.8436,1,80
-3.8436,0,80
-3.8436,1,80
-3.8436,1,80
-4.8436,1,80
-4.8436,0,80
-3.8436,1,80
-3.8436,0,80
-4.8436,0,80
-2.8436,1,80
-3.8436,1,80
-4.8436,1,80
3.1564,1,80
5.1564,1,80
-4.8436,1,80
-1.8436,1,80
4.1564,1,80
-4.8436,1,80
-4.8436,1,80
-1.8436,0,80
-4.8436,0,80
-4.8436,1,80
-4.8436,1,81
5.1564,1,81
3.1564,1,81
-2.8436,0,81
5.1564,1,81
-2.8436,0,81
5.1564,0,81
5.1564,1,81
5.1564,1,81
-3.8436,1,81
-2.8436,1,81
-2.8436,1,81
-4.8436,1,81
-4.8436,1,81
-2.8436,0,81
-4.8436,0,81
3.1564,1,81
5.1564,1,81
3.1564,1,81
-4.8436,0,81
5.1564,1,81
3.1564,1,81
-2.8436,1,81
-4.8436,1,81
-1.8436,0,81
3.1564,1,82
5.1564,1,82
-3.8436,1,82
5.1564,1,82
-4.8436,1,82
-2.8436,0,82
4.1564,1,82
-3.8436,1,82
-3.8436,1,82
4.1564,1,82
4.1564,1,82
-4.8436,1,82
5.1564,1,82
-2.8436,1,82
5.1564,1,82
5.1564,1,82
-2.8436,1,82
-4.8436,1,82
-3.8436,1,82
-4.8436,1,82
-4.8436,1,82
-4.8436,1,82
-4.8436,1,82
5.1564,1,82
-3.8436,0,82
5.1564,1,82
-3.8436,0,83
-3.8436,0,83
3.1564,0,83
-4.8436,1,83
-1.8436,0,83
5.1564,0,83
-4.8436,1,83
-2.8436,0,83
-3.8436,0,83
-4.8436,0,83
-3.8436,1,83
5.1564,1,83
4.1564,1,83
-1.8436,1,83
-4.8436,1,83
3.1564,1,83
3.1564,1,83
-4.8436,1,83
-3.8436,1,83
4.1564,1,83
5.1564,1,83
-3.8436,1,83
5.1564,1,83
5.1564,1,83
-4.8436,1,83
5.1564,1,83
4.1564,1,84
5.1564,1,84
5.1564,1,84
-1.8436,1,84
5.1564,1,84
-1.8436,0,84
4.1564,1,84
5.1564,1,84
-4.8436,1,84
-3.8436,0,84
-4.8436,0,84
-4.8436,1,84
5.1564,0,84
5.1564,0,84
-4.8436,0,84
5.1564,1,84
5.1564,1,84
5.1564,0,84
5.1564,1,84
5.1564,1,84
5.1564,0,84
-1.8436,0,84
-1.8436,1,84
5.1564,1,84
3.1564,0,84
4.1564,0,85
-4.8436,1,85
-4.8436,1,85
-4.8436,1,85
4.1564,1,85
4.1564,0,85
3.1564,0,85
-4.8436,1,85
-4.8436,0,85
5.1564,0,85
5.1564,1,85
5.1564,1,85
-3.8436,1,85
4.1564,0,85
5.1564,1,85
3.1564,0,85
5.1564,1,85
-1.8436,1,85
4.1564,1,85
5.1564,0,85
5.1564,1,85
3.1564,1,85
-4.8436,1,85
-3.8436,1,85
-4.8436,1,87
5.1564,0,87
-3.8436,1,87
-3.8436,1,87
-1.8436,0,87
-2.8436,0,87
3.1564,0,87
4.1564,1,87
-2.8436,1,87
3.1564,1,87
-1.8436,1,87
-4.8436,1,87
-3.8436,1,87
-2.8436,1,87
-4.8436,1,87
-4.8436,1,87
5.1564,1,87
-2.8436,1,87
-2.8436,1,87
-4.8436,1,87
-4.8436,1,87
-4.8436,1,87
-1.8436,1,87
-4.8436,1,87
-1.8436,1,87
-2.8436,1,87
-1.8436,1,88
3.1564,0,88
-2.8436,0,88
-3.8436,1,88
-4.8436,1,88
-1.8436,0,88
3.1564,1,88
-3.8436,1,88
-4.8436,1,88
-4.8436,1,88
-3.8436,0,88
3.1564,1,88
-2.8436,1,88
-4.8436,1,88
-4.8436,1,88
-1.8436,1,88
-4.8436,0,88
-1.8436,0,88
3.1564,1,88
5.1564,0,88
5.1564,1,88
5.1564,1,88
-2.8436,0,88
-4.8436,1,88
3.1564,0,88
4.1564,1,88
5.1564,1,90
5.1564,1,90
5.1564,1,90
-4.8436,1,90
3.1564,1,90
5.1564,1,90
3.1564,0,90
5.1564,1,90
-1.8436,1,90
-3.8436,1,90
-4.8436,1,90
-4.8436,1,90
-3.8436,1,90
-4.8436,1,90
-1.8436,1,90
-1.8436,1,90
-4.8436,1,90
-4.8436,1,90
-4.8436,1,90
-4.8436,1,90
4.1564,1,90
5.1564,1,90
4.1564,1,90
3.1564,1,90
5.1564,0,90
5.1564,1,90
-4.8436,0,91
-2.8436,1,91
-4.8436,1,91
5.1564,1,91
-3.8436,1,91
-4.8436,1,91
5.1564,1,91
-4.8436,1,91
-3.8436,1,91
-1.8436,1,91
5.1564,0,91
5.1564,1,91
3.1564,1,91
-4.8436,1,91
-3.8436,1,91
-2.8436,1,91
-4.8436,1,91
3.1564,1,91
-4.8436,1,91
-4.8436,1,91
-4.8436,1,91
5.1564,1,91
-3.8436,1,91
-4.8436,1,91
5.1564,1,91
-4.8436,1,91
-4.8436,0,92
-4.8436,1,92
-2.8436,1,92
-2.8436,1,92
5.1564,1,92
3.1564,1,92
5.1564,1,92
4.1564,1,92
-1.8436,1,92
-3.8436,1,92
-4.8436,1,92
-4.8436,0,92
3.1564,1,92
-4.8436,1,92
-3.8436,0,92
4.1564,1,92
-4.8436,1,92
4.1564,0,92
-3.8436,1,92
-4.8436,0,92
3.1564,1,92
5.1564,1,92
3.1564,1,92
-4.8436,1,92
-4.8436,1,92
3.1564,1,92
-4.8436,1,93
-3.8436,1,93
4.1564,1,93
5.1564,0,93
-3.8436,1,93
-4.8436,1,93
-4.8436,1,93
-4.8436,1,93
3.1564,0,93
-2.8436,0,93
-3.8436,1,93
-4.8436,1,93
-4.8436,1,93
5.1564,1,93
-2.8436,1,93
5.1564,1,93
-2.8436,1,93
3.1564,1,93
-4.8436,0,93
-4.8436,1,93
3.1564,1,93
-2.8436,1,93
5.1564,1,93
4.1564,1,93
5.1564,1,93
4.1564,1,93
-1.8436,1,96
4.1564,1,96
5.1564,1,96
-1.8436,0,96
-2.8436,0,96
-1.8436,1,96
-2.8436,1,96
-1.8436,1,96
4.1564,1,96
5.1564,1,96
5.1564,1,96
5.1564,1,96
-2.8436,1,96
-4.8436,1,96
-2.8436,1,96
-4.8436,1,96
-4.8436,1,96
-2.8436,1,96
-2.8436,1,96
-3.8436,1,96
-4.8436,1,96
-1.8436,0,96
5.1564,1,96
4.1564,1,96
-3.8436,1,96
-2.8436,1,96
3.1564,0,97
-3.8436,1,97
-3.8436,1,97
-2.8436,0,97
5.1564,1,97
3.1564,1,97
-3.8436,1,97
-4.8436,1,97
-4.8436,1,97
-4.8436,1,97
-2.8436,0,97
-3.8436,1,97
5.1564,1,97
5.1564,1,97
4.1564,1,97
3.1564,0,97
-4.8436,1,97
4.1564,1,97
-1.8436,1,97
-3.8436,1,97
3.1564,1,97
-4.8436,0,97
-4.8436,1,97
-4.8436,1,97
5.1564,1,97
-2.8436,0,97
4.1564,1,99
5.1564,1,99
3.1564,1,99
-1.8436,1,99
3.1564,1,99
4.1564,1,99
-4.8436,1,99
-1.8436,1,99
-2.8436,1,99
-2.8436,1,99
-2.8436,1,99
-2.8436,1,99
-4.8436,1,99
-4.8436,1,99
-1.8436,1,99
-1.8436,1,99
5.1564,1,99
5.1564,1,99
-1.8436,1,99
3.1564,1,99
3.1564,1,99
-2.8436,1,99
-4.8436,1,99
3.1564,1,99
-1.8436,1,99
-1.8436,1,99
-2.8436,1,100
5.1564,0,100
4.1564,0,100
-4.8436,1,100
5.1564,1,100
-2.8436,0,100
5.1564,1,100
-4.8436,0,100
-4.8436,0,100
-1.8436,0,100
3.1564,1,100
-2.8436,1,100
5.1564,0,100
-4.8436,0,100
-4.8436,0,100
5.1564,1,100
5.1564,1,100
-1.8436,1,100
-3.8436,1,100
-4.8436,1,100
-2.8436,0,100
-1.8436,1,100
5.1564,0,100
-4.8436,1,100
5.1564,1,100
-4.8436,1,100
-2.8436,1,101
5.1564,1,101
-3.8436,1,101
5.1564,1,101
-4.8436,0,101
-4.8436,1,101
5.1564,1,101
-4.8436,1,101
-1.8436,1,101
5.1564,0,101
-1.8436,1,101
-4.8436,1,101
-4.8436,0,101
-1.8436,1,101
5.1564,1,101
-4.8436,0,101
3.1564,0,101
-4.8436,0,101
5.1564,1,101
4.1564,1,101
-3.8436,1,101
-2.8436,1,101
-4.8436,1,101
-1.8436,0,101
5.1564,0,101
5.1564,0,101
-1.8436,1,102
-2.8436,1,102
-4.8436,0,102
-1.8436,1,102
5.1564,1,102
-4.8436,1,102
3.1564,1,102
-4.8436,1,102
-4.8436,1,102
-4.8436,1,102
-4.8436,1,102
-3.8436,1,102
4.1564,1,102
-1.8436,1,102
-4.8436,0,102
5.1564,1,102
5.1564,1,102
-4.8436,1,102
-4.8436,0,102
-2.8436,1,102
5.1564,1,102
4.1564,1,102
3.1564,1,102
5.1564,1,102
5.1564,1,102
-3.8436,1,102
-2.8436,1,103
4.1564,1,103
-1.8436,1,103
-4.8436,1,103
5.1564,1,103
3.1564,1,103
5.1564,1,103
-4.8436,1,103
5.1564,1,103
3.1564,1,103
-3.8436,1,103
-2.8436,1,103
-3.8436,1,103
-3.8436,1,103
4.1564,1,103
-2.8436,1,103
-4.8436,1,103
5.1564,1,103
-1.8436,1,103
5.1564,1,103
-3.8436,1,103
-4.8436,1,103
5.1564,1,103
4.1564,1,103
5.1564,1,103
5.1564,0,103
-2.8436,1,104
-1.8436,0,104
-4.8436,1,104
5.1564,1,104
-3.8436,0,104
4.1564,1,104
3.1564,1,104
-4.8436,1,104
-4.8436,1,104
5.1564,1,104
3.1564,1,104
4.1564,1,104
5.1564,1,104
-2.8436,0,104
3.1564,1,104
-2.8436,1,104
-4.8436,1,104
-4.8436,0,104
5.1564,1,104
3.1564,1,104
-4.8436,1,104
-4.8436,0,104
-2.8436,1,104
-4.8436,1,104
5.1564,0,104
4.1564,0,104
-3.8436,0,105
3.1564,0,105
5.1564,0,105
5.1564,1,105
-3.8436,0,105
-4.8436,1,105
3.1564,1,105
5.1564,1,105
-4.8436,1,105
3.1564,0,105
4.1564,1,105
-4.8436,0,105
5.1564,1,105
5.1564,1,105
-4.8436,1,105
5.1564,1,105
-3.8436,1,105
3.1564,1,105
-4.8436,1,105
5.1564,1,105
-2.8436,1,105
5.1564,1,105
3.1564,1,105
-3.8436,1,105
4.1564,1,105
5.1564,0,106
5.1564,1,106
-1.8436,1,106
-1.8436,0,106
-1.8436,0,106
-1.8436,1,106
-1.8436,1,106
-4.8436,1,106
-2.8436,0,106
-4.8436,0,106
5.1564,0,106
5.1564,0,106
5.1564,0,106
3.1564,1,106
5.1564,1,106
-3.8436,0,106
5.1564,1,106
-3.8436,0,106
-3.8436,1,106
-4.8436,0,106
-3.8436,0,106
3.1564,1,106
4.1564,0,106
5.1564,1,106
4.1564,1,106
-3.8436,1,108
5.1564,1,108
-4.8436,1,108
4.1564,1,108
4.1564,1,108
3.1564,1,108
-3.8436,1,108
5.1564,1,108
-2.8436,1,108
5.1564,1,108
-1.8436,1,108
-2.8436,1,108
3.1564,0,108
5.1564,0,108
-2.8436,1,108
4.1564,1,108
5.1564,1,108
-1.8436,1,108
-4.8436,1,108
5.1564,0,108
-4.8436,1,108
5.1564,0,108
4.1564,0,108
-2.8436,1,108
-4.8436,1,108
5.1564,0,108
5.1564,0,109
-2.8436,1,109
-3.8436,0,109
-4.8436,0,109
5.1564,1,109
5.1564,1,109
5.1564,0,109
-3.8436,1,109
3.1564,0,109
-2.8436,0,109
-3.8436,0,109
-2.8436,1,109
3.1564,1,109
-3.8436,0,109
-4.8436,0,109
4.1564,1,109
-4.8436,0,109
-3.8436,1,109
5.1564,1,109
-4.8436,0,109
4.1564,0,109
4.1564,1,109
-2.8436,1,109
3.1564,1,109
5.1564,1,109
-1.8436,1,109
-4.8436,1,110
5.1564,1,110
3.1564,1,110
-4.8436,1,110
-4.8436,0,110
-4.8436,0,110
-4.8436,1,110
3.1564,1,110
-3.8436,0,110
-4.8436,0,110
-3.8436,1,110
-4.8436,1,110
5.1564,1,110
4.1564,1,110
-3.8436,0,110
4.1564,1,110
5.1564,0,110
5.1564,0,110
4.1564,0,110
4.1564,0,110
5.1564,1,110
-4.8436,1,110
-3.8436,0,110
-3.8436,0,110
3.1564,1,110
3.1564,0,110
5.1564,1,111
-4.8436,1,111
4.1564,0,111
3.1564,1,111
5.1564,0,111
4.1564,1,111
-3.8436,1,111
-3.8436,1,111
3.1564,1,111
-1.8436,0,111
-4.8436,1,111
-4.8436,0,111
-4.8436,1,111
-4.8436,0,111
5.1564,0,111
-3.8436,0,111
-4.8436,0,111
-4.8436,1,111
-4.8436,0,111
5.1564,0,111
3.1564,0,111
4.1564,1,111
-1.8436,0,111
-4.8436,0,111
-4.8436,1,112
-4.8436,0,112
5.1564,1,112
5.1564,1,112
-2.8436,0,112
4.1564,1,112
3.1564,1,112
5.1564,1,112
-4.8436,1,112
4.1564,1,112
-2.8436,1,112
-4.8436,0,112
-2.8436,1,112
5.1564,1,112
-1.8436,1,112
-4.8436,0,112
-4.8436,1,112
-2.8436,1,112
-1.8436,1,112
-4.8436,1,112
-2.8436,1,112
-2.8436,1,112
-4.8436,1,112
3.1564,1,112
-3.8436,1,112
-4.8436,1,113
3.1564,1,113
4.1564,1,113
4.1564,1,113
-4.8436,1,113
-4.8436,1,113
-4.8436,1,113
-1.8436,1,113
-3.8436,1,113
5.1564,1,113
3.1564,1,113
3.1564,1,113
-4.8436,1,113
4.1564,1,113
-2.8436,1,113
-2.8436,1,113
-4.8436,1,113
-4.8436,1,113
-2.8436,1,113
4.1564,1,113
-4.8436,1,113
-4.8436,1,113
5.1564,1,113
-4.8436,1,113
5.1564,1,113
3.1564,1,113
-4.8436,0,115
3.1564,0,115
4.1564,1,115
3.1564,0,115
-3.8436,0,115
-2.8436,0,115
5.1564,0,115
5.1564,1,115
5.1564,1,115
4.1564,1,115
-1.8436,1,115
3.1564,1,115
-4.8436,1,115
-4.8436,1,115
-1.8436,1,115
4.1564,1,115
-1.8436,0,115
5.1564,0,115
4.1564,1,115
4.1564,1,115
5.1564,1,115
-3.8436,1,115
5.1564,1,115
5.1564,1,115
5.1564,0,115
3.1564,1,115
5.1564,1,117
-1.8436,1,117
-1.8436,1,117
5.1564,1,117
-4.8436,0,117
5.1564,1,117
-3.8436,1,117
-2.8436,1,117
4.1564,1,117
-4.8436,1,117
4.1564,0,117
-4.8436,0,117
-3.8436,0,117
5.1564,1,117
5.1564,1,117
-3.8436,1,117
-4.8436,0,117
-4.8436,1,117
5.1564,0,117
5.1564,0,117
4.1564,1,117
-4.8436,1,117
-3.8436,1,117
-4.8436,1,117
-2.8436,1,117
-3.8436,0,117
5.1564,1,118
4.1564,0,118
-4.8436,1,118
4.1564,0,118
4.1564,1,118
5.1564,1,118
-1.8436,0,118
-1.8436,1,118
-4.8436,1,118
5.1564,1,118
5.1564,1,118
-2.8436,1,118
4.1564,1,118
3.1564,1,118
-1.8436,1,118
-4.8436,1,118
-3.8436,1,118
5.1564,1,118
-4.8436,1,118
-4.8436,1,118
-1.8436,1,118
3.1564,1,118
-1.8436,1,118
4.1564,1,118
5.1564,1,118
-2.8436,1,118
5.1564,0,119
-3.8436,0,119
-2.8436,0,119
-4.8436,1,119
3.1564,0,119
5.1564,0,119
4.1564,0,119
3.1564,1,119
-4.8436,0,119
5.1564,1,119
5.1564,1,119
-2.8436,1,119
-4.8436,0,119
-3.8436,0,119
-4.8436,0,119
4.1564,1,119
-4.8436,1,119
-4.8436,1,119
-4.8436,0,119
-4.8436,1,119
4.1564,0,119
-3.8436,1,119
5.1564,1,119
-4.8436,1,119
-4.8436,0,120
-4.8436,1,120
-1.8436,1,120
5.1564,0,120
-4.8436,0,120
-4.8436,1,120
-1.8436,0,120
-4.8436,1,120
-4.8436,0,120
-1.8436,1,120
5.1564,0,120
5.1564,1,120
-4.8436,0,120
-4.8436,1,120
4.1564,0,120
-4.8436,1,120
-2.8436,0,120
-1.8436,0,120
4.1564,0,120
4.1564,0,120
-4.8436,1,120
5.1564,0,120
5.1564,1,120
5.1564,0,120
-4.8436,1,120
3.1564,1,120
-2.8436,0,122
5.1564,1,122
5.1564,0,122
3.1564,1,122
-3.8436,0,122
-3.8436,1,122
-4.8436,1,122
3.1564,1,122
5.1564,1,122
3.1564,1,122
4.1564,1,122
-4.8436,1,122
5.1564,1,122
-3.8436,1,122
-3.8436,0,122
5.1564,1,122
5.1564,1,122
-3.8436,1,122
3.1564,1,122
3.1564,1,122
5.1564,1,122
5.1564,1,122
4.1564,1,122
5.1564,1,122
-4.8436,1,122
5.1564,1,122
-4.8436,1,124
5.1564,0,124
5.1564,1,124
5.1564,1,124
3.1564,1,124
-3.8436,1,124
-3.8436,0,124
-4.8436,1,124
5.1564,1,124
4.1564,1,124
-1.8436,1,124
-1.8436,1,124
4.1564,1,124
-3.8436,0,124
-4.8436,0,124
-2.8436,1,124
-4.8436,1,124
-1.8436,1,124
5.1564,0,124
4.1564,0,124
-4.8436,1,124
-4.8436,1,124
-1.8436,1,124
5.1564,1,124
3.1564,1,124
-2.8436,1,124
5.1564,1,125
5.1564,1,125
-2.8436,1,125
5.1564,1,125
-2.8436,1,125
5.1564,1,125
-4.8436,1,125
-2.8436,1,125
-2.8436,1,125
-1.8436,1,125
-3.8436,0,125
-4.8436,1,125
-1.8436,1,125
-4.8436,0,125
-4.8436,1,125
-1.8436,1,125
4.1564,0,125
3.1564,1,125
-4.8436,1,125
3.1564,1,125
5.1564,1,125
4.1564,0,125
-2.8436,1,125
-4.8436,1,125
-4.8436,1,125
5.1564,1,125
5.1564,1,126
5.1564,1,126
-4.8436,1,126
5.1564,1,126
-4.8436,1,126
-4.8436,1,126
4.1564,1,126
-4.8436,1,126
-2.8436,1,126
5.1564,1,126
-4.8436,1,126
-4.8436,1,126
-4.8436,1,126
3.1564,0,126
3.1564,1,126
5.1564,1,126
5.1564,1,126
-3.8436,1,126
-3.8436,1,126
-2.8436,1,126
-1.8436,1,126
-4.8436,1,126
4.1564,1,126
-3.8436,1,126
-1.8436,1,126
-4.8436,1,126
-2.8436,1,127
-3.8436,1,127
-4.8436,1,127
3.1564,0,127
-4.8436,0,127
4.1564,1,127
5.1564,1,127
5.1564,1,127
5.1564,0,127
-2.8436,1,127
-4.8436,1,127
-4.8436,1,127
-4.8436,1,127
-2.8436,1,127
-4.8436,1,127
-2.8436,0,127
-4.8436,1,127
4.1564,0,127
5.1564,0,127
5.1564,1,127
4.1564,1,127
-1.8436,1,127
-3.8436,0,127
3.1564,1,127
-2.8436,1,127
4.1564,1,127
-4.8436,1,129
5.1564,1,129
-4.8436,0,129
-3.8436,1,129
-4.8436,1,129
5.1564,1,129
5.1564,1,129
4.1564,0,129
5.1564,1,129
3.1564,0,129
-4.8436,1,129
-3.8436,0,129
-1.8436,1,129
-1.8436,1,129
-1.8436,1,129
-3.8436,0,129
3.1564,1,129
5.1564,1,129
-1.8436,0,129
-4.8436,1,129
-4.8436,1,129
5.1564,1,129
5.1564,1,129
5.1564,1,129
5.1564,0,129
5.1564,1,129
-4.8436,0,130
-1.8436,0,130
-3.8436,0,130
4.1564,0,130
4.1564,1,130
4.1564,0,130
5.1564,0,130
5.1564,1,130
5.1564,1,130
4.1564,1,130
-4.8436,1,130
3.1564,0,130
5.1564,1,130
5.1564,1,130
-4.8436,0,130
-4.8436,1,130
-4.8436,0,130
-1.8436,0,130
5.1564,1,130
4.1564,1,130
-4.8436,0,130
5.1564,1,130
3.1564,0,130
-1.8436,0,130
3.1564,0,130
-4.8436,0,130
-4.8436,0,131
5.1564,0,131
-1.8436,1,131
5.1564,1,131
5.1564,0,131
5.1564,0,131
4.1564,0,131
-4.8436,1,131
5.1564,1,131
-2.8436,0,131
-3.8436,0,131
-3.8436,1,131
3.1564,1,131
4.1564,1,131
-4.8436,1,131
-2.8436,1,131
5.1564,1,131
-4.8436,0,131
-3.8436,1,131
-1.8436,1,131
-2.8436,1,131
-4.8436,0,131
-3.8436,1,131
-3.8436,1,131
-3.8436,0,131
3.1564,1,131
5.1564,1,132
5.1564,1,132
-4.8436,1,132
5.1564,1,132
-4.8436,1,132
-4.8436,1,132
-3.8436,1,132
-2.8436,1,132
-4.8436,1,132
-4.8436,1,132
-1.8436,1,132
5.1564,1,132
-1.8436,1,132
5.1564,1,132
5.1564,1,132
5.1564,1,132
-1.8436,1,133
5.1564,0,133
3.1564,0,133
-2.8436,1,133
5.1564,1,133
5.1564,1,133
-4.8436,1,133
4.1564,1,133
-3.8436,1,133
4.1564,1,133
-1.8436,1,133
3.1564,1,133
5.1564,1,133
5.1564,1,133
5.1564,1,133
4.1564,1,133
3.1564,1,133
4.1564,1,133
5.1564,1,133
4.1564,1,133
-1.8436,1,133
5.1564,1,133
5.1564,1,133
5.1564,1,133
-4.8436,1,133
-1.8436,1,133
-3.8436,0,134
3.1564,1,134
-2.8436,1,134
-4.8436,1,134
-4.8436,0,134
-1.8436,0,134
3.1564,1,134
5.1564,1,134
4.1564,1,134
-4.8436,0,134
-4.8436,1,134
-2.8436,1,134
3.1564,1,134
4.1564,1,134
3.1564,1,134
-4.8436,0,134
-2.8436,0,134
-3.8436,1,134
-4.8436,0,134
-1.8436,1,134
-3.8436,0,134
-4.8436,0,134
-4.8436,1,134
5.1564,1,134
-4.8436,1,134
-3.8436,0,134
3.1564,1,135
-4.8436,1,135
5.1564,1,135
-4.8436,1,135
-2.8436,1,135
-4.8436,1,135
-4.8436,1,135
3.1564,1,135
-3.8436,1,135
-3.8436,1,135
-4.8436,1,135
-4.8436,0,135
-4.8436,1,135
4.1564,0,135
5.1564,0,135
-3.8436,1,135
-1.8436,1,135
-1.8436,0,135
-4.8436,0,135
-4.8436,0,135
4.1564,1,135
-1.8436,1,135
-4.8436,0,135
4.1564,0,135
-4.8436,0,135
5.1564,1,135
-2.8436,0,136
-3.8436,0,136
5.1564,1,136
-3.8436,0,136
3.1564,0,136
-4.8436,0,136
-1.8436,0,136
-4.8436,1,136
-2.8436,0,136
-2.8436,1,136
3.1564,1,136
5.1564,0,136
3.1564,1,136
5.1564,1,136
-4.8436,1,136
5.1564,0,136
5.1564,0,136
-4.8436,1,136
-4.8436,1,136
-4.8436,0,136
-2.8436,1,136
-4.8436,1,136
-4.8436,1,136
-3.8436,0,138
3.1564,1,138
4.1564,1,138
5.1564,1,138
-1.8436,1,138
-1.8436,1,138
5.1564,1,138
5.1564,1,138
-2.8436,1,138
3.1564,1,138
5.1564,1,138
5.1564,1,138
3.1564,1,138
-4.8436,1,138
5.1564,1,138
-4.8436,0,138
-4.8436,1,138
-4.8436,0,138
5.1564,0,138
-4.8436,1,138
-3.8436,0,138
-1.8436,0,138
3.1564,1,138
3.1564,1,138
-3.8436,1,138
5.1564,0,138
-3.8436,1,139
4.1564,0,139
-2.8436,0,139
5.1564,0,139
-4.8436,1,139
5.1564,1,139
-1.8436,1,139
4.1564,1,139
-4.8436,1,139
-3.8436,1,139
-2.8436,1,139
-4.8436,1,139
-4.8436,0,139
5.1564,1,139
-1.8436,1,139
5.1564,1,139
3.1564,1,139
-4.8436,0,139
5.1564,1,139
5.1564,1,139
-4.8436,0,139
-4.8436,1,139
4.1564,1,139
4.1564,1,139
4.1564,1,139
-2.8436,1,140
4.1564,1,140
-4.8436,0,140
-4.8436,1,140
5.1564,1,140
5.1564,1,140
-2.8436,0,140
-3.8436,1,140
4.1564,0,140
5.1564,1,140
5.1564,0,140
5.1564,1,140
-1.8436,1,140
5.1564,1,140
5.1564,1,140
4.1564,0,140
3.1564,1,140
-4.8436,0,140
3.1564,1,140
-3.8436,0,140
4.1564,0,140
-4.8436,0,140
-2.8436,0,140
-4.8436,1,140
-4.8436,1,140
4.1564,1,140
3.1564,1,141
-1.8436,1,141
-1.8436,1,141
-4.8436,1,141
-4.8436,1,141
3.1564,1,141
5.1564,1,141
4.1564,1,141
5.1564,0,141
-4.8436,1,141
-1.8436,1,141
-3.8436,1,141
-3.8436,0,141
-4.8436,1,141
-4.8436,1,141
-4.8436,1,141
-4.8436,1,141
5.1564,1,141
5.1564,1,141
5.1564,1,141
-4.8436,1,141
-4.8436,1,141
-4.8436,1,141
-3.8436,1,141
-4.8436,1,141
5.1564,1,141
-2.8436,1,142
4.1564,1,142
-4.8436,0,142
-4.8436,1,142
-3.8436,1,142
5.1564,1,142
-4.8436,1,142
-4.8436,1,142
3.1564,1,142
4.1564,1,142
-1.8436,0,142
-2.8436,1,142
4.1564,0,142
-3.8436,1,142
-4.8436,0,142
3.1564,1,142
3.1564,1,142
-3.8436,0,142
-4.8436,1,142
4.1564,1,142
5.1564,1,142
4.1564,1,142
5.1564,1,142
-3.8436,0,142
5.1564,0,142
-4.8436,1,142
5.1564,1,143
4.1564,1,143
-3.8436,1,143
-4.8436,1,143
5.1564,1,143
3.1564,1,143
-4.8436,1,143
-2.8436,1,143
-4.8436,1,143
-2.8436,1,143
-1.8436,1,143
5.1564,1,143
5.1564,1,143
3.1564,1,143
4.1564,1,143
-4.8436,0,143
-4.8436,1,143
5.1564,1,143
-1.8436,1,143
-4.8436,1,143
-4.8436,1,143
-4.8436,1,143
-1.8436,1,143
-4.8436,1,143
-3.8436,1,143
-2.8436,1,143
-4.8436,1,144
-3.8436,1,144
-4.8436,1,144
-4.8436,0,144
3.1564,1,144
-4.8436,1,144
-4.8436,0,144
-4.8436,0,144
4.1564,1,144
5.1564,1,144
-1.8436,0,144
-4.8436,0,144
5.1564,1,144
5.1564,1,144
4.1564,1,144
-4.8436,1,144
-2.8436,1,144
5.1564,1,144
3.1564,1,144
5.1564,0,144
-4.8436,1,144
5.1564,1,144
5.1564,1,144
-4.8436,1,144
4.1564,1,144
-4.8436,1,145
-4.8436,1,145
3.1564,1,145
3.1564,1,145
4.1564,1,145
-4.8436,0,145
4.1564,1,145
5.1564,1,145
-4.8436,1,145
-1.8436,1,145
-2.8436,1,145
-4.8436,0,145
-1.8436,1,145
5.1564,1,145
-4.8436,1,145
3.1564,1,145
4.1564,1,145
-4.8436,1,145
-4.8436,1,145
-3.8436,1,145
-2.8436,1,145
-3.8436,1,145
5.1564,1,145
4.1564,1,145
-4.8436,0,145
4.1564,1,147
5.1564,1,147
5.1564,1,147
5.1564,1,147
4.1564,0,147
-4.8436,1,147
-2.8436,0,147
-4.8436,0,147
4.1564,1,147
5.1564,1,147
3.1564,1,147
-4.8436,1,147
5.1564,1,147
5.1564,1,147
3.1564,1,147
5.1564,1,147
-2.8436,1,147
4.1564,1,147
5.1564,1,147
5.1564,1,147
-4.8436,0,147
-2.8436,1,147
-4.8436,1,147
3.1564,1,147
-3.8436,1,147
-4.8436,1,147
-2.8436,1,148
-4.8436,1,148
-1.8436,1,148
-4.8436,1,148
5.1564,1,148
-1.8436,1,148
-4.8436,1,148
5.1564,1,148
-4.8436,1,148
-1.8436,0,148
3.1564,1,148
5.1564,1,148
5.1564,1,148
-4.8436,1,148
-4.8436,0,148
5.1564,1,148
3.1564,1,148
3.1564,1,148
5.1564,1,148
4.1564,1,148
5.1564,1,148
-4.8436,1,148
-4.8436,1,148
-3.8436,1,148
3.1564,0,149
4.1564,0,149
-4.8436,0,149
-4.8436,0,149
4.1564,0,149
3.1564,1,149
-1.8436,0,149
-4.8436,1,149
5.1564,0,149
5.1564,1,149
-3.8436,1,149
-4.8436,0,149
4.1564,1,149
-4.8436,0,149
-4.8436,1,149
-1.8436,1,149
-4.8436,1,149
-2.8436,1,149
5.1564,0,149
-4.8436,1,149
3.1564,1,149
-4.8436,1,149
-3.8436,1,149
5.1564,0,149
-4.8436,1,149
4.1564,1,149
5.1564,1,150
-4.8436,1,150
5.1564,0,150
5.1564,0,150
-4.8436,0,150
3.1564,1,150
-4.8436,1,150
-1.8436,1,150
-4.8436,1,150
-3.8436,1,150
-3.8436,1,150
-2.8436,1,150
-1.8436,1,150
-4.8436,1,150
-2.8436,1,150
3.1564,0,150
-2.8436,0,150
3.1564,0,150
-4.8436,1,150
-1.8436,1,150
-3.8436,1,150
-1.8436,1,150
5.1564,1,150
5.1564,1,150
-3.8436,1,150
-1.8436,1,150
4.1564,1,151
-1.8436,1,151
5.1564,1,151
-1.8436,1,151
5.1564,1,151
-4.8436,1,151
4.1564,1,151
3.1564,1,151
5.1564,1,151
3.1564,1,151
5.1564,1,151
5.1564,1,151
4.1564,1,151
-4.8436,1,151
3.1564,1,151
-4.8436,1,151
-4.8436,1,151
-4.8436,1,151
3.1564,1,151
-3.8436,1,151
4.1564,1,151
-4.8436,1,151
-1.8436,1,151
-4.8436,1,151
5.1564,1,151
-2.8436,1,151
-1.8436,0,152
3.1564,0,152
-2.8436,0,152
-3.8436,1,152
-4.8436,0,152
3.1564,1,152
-4.8436,1,152
-4.8436,0,152
-4.8436,1,152
4.1564,1,152
5.1564,1,152
-4.8436,1,152
-4.8436,1,152
-1.8436,1,152
-3.8436,1,152
5.1564,1,152
4.1564,1,152
5.1564,0,152
5.1564,0,152
5.1564,1,152
3.1564,1,152
-1.8436,1,152
-1.8436,0,152
5.1564,1,152
5.1564,1,152
-4.8436,1,152
3.1564,0,153
-4.8436,0,153
3.1564,1,153
-2.8436,0,153
4.1564,0,153
-2.8436,1,153
5.1564,1,153
-1.8436,0,153
3.1564,1,153
5.1564,0,153
-2.8436,0,153
4.1564,0,153
5.1564,1,153
4.1564,1,153
-1.8436,1,153
-3.8436,0,153
-4.8436,1,153
5.1564,0,153
-1.8436,1,153
3.1564,1,153
-2.8436,0,153
-4.8436,0,153
3.1564,1,153
-3.8436,1,153
-4.8436,1,155
-3.8436,1,155
3.1564,1,155
-3.8436,1,155
-2.8436,1,155
5.1564,1,155
5.1564,1,155
-3.8436,1,155
-4.8436,1,155
-4.8436,1,155
4.1564,1,155
-2.8436,1,155
-1.8436,1,155
3.1564,1,155
-4.8436,1,155
4.1564,1,155
-2.8436,1,155
-2.8436,1,155
-4.8436,1,155
-4.8436,1,155
5.1564,1,155
-3.8436,1,155
-1.8436,1,155
-4.8436,1,155
3.1564,1,155
4.1564,1,155
-1.8436,1,156
-3.8436,0,156
-3.8436,0,156
-3.8436,0,156
5.1564,0,156
-1.8436,1,156
-1.8436,1,156
-4.8436,0,156
-4.8436,0,156
-1.8436,1,156
-3.8436,1,156
-1.8436,1,156
-4.8436,1,156
3.1564,1,156
-4.8436,1,156
5.1564,1,156
-3.8436,0,156
-4.8436,1,156
3.1564,1,156
-4.8436,1,156
-4.8436,0,156
-4.8436,0,156
-3.8436,0,156
5.1564,1,156
-2.8436,1,156
5.1564,1,157
5.1564,1,157
-3.8436,1,157
5.1564,0,157
-1.8436,1,157
5.1564,0,157
5.1564,0,157
-2.8436,0,157
-4.8436,0,157
-2.8436,0,157
5.1564,0,157
-4.8436,1,157
5.1564,1,157
5.1564,1,157
4.1564,0,157
-4.8436,0,157
-4.8436,0,157
-2.8436,0,157
-2.8436,1,157
4.1564,0,157
-3.8436,1,157
-3.8436,0,157
5.1564,0,157
5.1564,1,157
4.1564,1,157
5.1564,0,158
5.1564,0,158
-3.8436,1,158
-4.8436,1,158
5.1564,0,158
3.1564,1,158
-4.8436,1,158
-4.8436,1,158
-1.8436,1,158
-4.8436,1,158
-4.8436,1,158
5.1564,1,158
5.1564,1,158
-2.8436,1,158
5.1564,1,158
5.1564,1,158
3.1564,1,158
-4.8436,1,158
-4.8436,1,158
-3.8436,1,158
-4.8436,0,158
-4.8436,0,158
4.1564,0,158
4.1564,1,158
-2.8436,1,158
-4.8436,1,158
-4.8436,1,159
5.1564,1,159
5.1564,1,159
-3.8436,0,159
-4.8436,1,159
-4.8436,1,159
-4.8436,1,159
4.1564,1,159
5.1564,1,159
-3.8436,1,159
-4.8436,1,159
3.1564,1,159
3.1564,1,159
3.1564,1,159
-2.8436,1,159
-4.8436,1,159
-3.8436,1,159
-4.8436,1,159
-1.8436,1,159
-3.8436,1,159
5.1564,1,159
-1.8436,1,159
-2.8436,1,159
-4.8436,0,159
-1.8436,1,159
-4.8436,1,159
-1.8436,1,160
-3.8436,1,160
4.1564,1,160
-1.8436,0,160
-1.8436,0,160
5.1564,1,160
5.1564,1,160
3.1564,1,160
5.1564,1,160
4.1564,0,160
-1.8436,1,160
-4.8436,1,160
-4.8436,1,160
-1.8436,1,160
-4.8436,0,160
-4.8436,0,160
3.1564,1,160
-1.8436,0,160
4.1564,1,160
-2.8436,0,160
-4.8436,1,160
-2.8436,1,160
-4.8436,0,160
4.1564,0,160
5.1564,0,160
-2.8436,1,161
-2.8436,1,161
-3.8436,1,161
5.1564,1,161
-2.8436,1,161
3.1564,1,161
4.1564,1,161
3.1564,1,161
-4.8436,1,161
5.1564,1,161
5.1564,1,161
5.1564,1,161
-4.8436,1,161
-2.8436,1,161
-4.8436,1,161
5.1564,1,161
5.1564,1,161
-2.8436,1,161
4.1564,1,161
5.1564,1,161
5.1564,0,161
5.1564,0,161
5.1564,1,161
-3.8436,1,161
5.1564,1,161
5.1564,1,161
3.1564,1,162
-3.8436,0,162
4.1564,1,162
5.1564,1,162
-4.8436,1,162
-4.8436,1,162
-4.8436,1,162
-3.8436,1,162
5.1564,1,162
-2.8436,1,162
5.1564,1,162
-2.8436,1,162
5.1564,1,162
-4.8436,1,162
-3.8436,1,162
3.1564,1,162
5.1564,1,162
-4.8436,1,162
-2.8436,1,162
-4.8436,1,162
-4.8436,1,162
-4.8436,1,162
-4.8436,0,162
-1.8436,0,162
3.1564,1,162
-1.8436,1,162
-4.8436,1,163
-4.8436,0,163
4.1564,1,163
3.1564,1,163
3.1564,0,163
5.1564,0,163
-4.8436,1,163
-4.8436,0,163
-2.8436,1,163
5.1564,1,163
-2.8436,1,163
-4.8436,1,163
5.1564,1,163
3.1564,1,163
4.1564,1,163
5.1564,1,163
5.1564,0,163
3.1564,1,163
4.1564,0,163
5.1564,1,163
4.1564,1,163
-3.8436,1,163
5.1564,1,163
-2.8436,1,163
5.1564,1,163
4.1564,1,163
3.1564,1,164
-4.8436,0,164
3.1564,0,164
5.1564,0,164
4.1564,0,164
-2.8436,1,164
-4.8436,0,164
-4.8436,1,164
-4.8436,0,164
-1.8436,0,164
-1.8436,0,164
-3.8436,0,164
-4.8436,1,164
-1.8436,1,164
-4.8436,0,164
-4.8436,1,164
-1.8436,1,164
-1.8436,1,164
-1.8436,1,164
-2.8436,0,164
4.1564,1,164
-1.8436,1,164
5.1564,0,164
5.1564,1,164
-2.8436,0,164
5.1564,0,164
5.1564,1,165
-3.8436,1,165
4.1564,1,165
5.1564,1,165
5.1564,1,165
-1.8436,1,165
-1.8436,1,165
5.1564,1,165
-4.8436,1,165
-2.8436,1,165
5.1564,1,165
3.1564,1,165
-4.8436,1,165
-4.8436,1,165
-4.8436,1,165
-1.8436,1,165
-4.8436,0,165
-3.8436,1,165
5.1564,1,165
-4.8436,0,165
3.1564,1,165
5.1564,0,165
-4.8436,1,165
5.1564,0,165
3.1564,1,165
5.1564,0,165
5.1564,1,166
4.1564,1,166
5.1564,1,166
-2.8436,1,166
-4.8436,1,166
-3.8436,1,166
-4.8436,1,166
-3.8436,1,166
-2.8436,1,166
5.1564,1,166
3.1564,1,166
4.1564,1,166
4.1564,1,166
4.1564,1,166
3.1564,0,166
-4.8436,1,166
-2.8436,1,166
-4.8436,1,166
-1.8436,1,166
-4.8436,1,166
3.1564,1,166
5.1564,1,166
5.1564,1,166
5.1564,1,166
3.1564,1,166
-2.8436,1,166
-3.8436,0,167
-3.8436,1,167
-4.8436,0,167
3.1564,1,167
3.1564,1,167
-3.8436,0,167
5.1564,1,167
3.1564,0,167
-1.8436,0,167
-4.8436,1,167
-3.8436,0,167
4.1564,0,167
-4.8436,1,167
4.1564,1,167
-3.8436,1,167
-2.8436,1,167
4.1564,1,167
3.1564,0,167
-1.8436,1,167
5.1564,1,167
-4.8436,1,167
3.1564,0,167
-3.8436,1,167
-2.8436,0,167
5.1564,1,167
5.1564,0,168
-1.8436,1,168
-4.8436,1,168
-1.8436,1,168
-4.8436,1,168
-4.8436,1,168
3.1564,1,168
4.1564,1,168
-3.8436,1,168
-4.8436,1,168
5.1564,1,168
4.1564,1,168
3.1564,1,168
-4.8436,0,168
5.1564,1,168
-4.8436,1,168
3.1564,0,170
3.1564,0,170
5.1564,1,170
-4.8436,1,170
5.1564,1,170
-3.8436,1,170
5.1564,1,170
-2.8436,0,170
-4.8436,1,170
-3.8436,1,170
-4.8436,1,170
-2.8436,1,170
-2.8436,1,170
-2.8436,0,170
-1.8436,1,170
3.1564,1,170
-2.8436,1,170
3.1564,0,170
-4.8436,0,170
5.1564,0,170
-4.8436,1,170
-4.8436,0,170
-4.8436,1,170
-4.8436,1,170
5.1564,1,171
4.1564,0,171
-3.8436,1,171
-4.8436,1,171
3.1564,1,171
3.1564,0,171
-4.8436,1,171
4.1564,1,171
-1.8436,1,171
-2.8436,1,171
5.1564,1,171
5.1564,1,171
4.1564,1,171
-4.8436,1,171
-3.8436,1,171
5.1564,0,171
-1.8436,0,171
5.1564,0,171
4.1564,0,171
-3.8436,1,171
4.1564,0,171
-4.8436,1,171
-2.8436,1,171
3.1564,1,171
5.1564,1,171
-1.8436,1,171
-1.8436,1,172
5.1564,1,172
5.1564,1,172
-3.8436,1,172
5.1564,1,172
5.1564,1,172
5.1564,1,172
-4.8436,0,172
-4.8436,1,172
-4.8436,1,172
-4.8436,1,172
4.1564,1,172
5.1564,1,172
3.1564,1,172
5.1564,1,172
5.1564,1,172
-4.8436,1,172
-3.8436,1,172
3.1564,1,172
-4.8436,1,172
-4.8436,1,172
-4.8436,1,172
-3.8436,1,172
-2.8436,1,172
-4.8436,1,172
3.1564,1,173
4.1564,1,173
-3.8436,0,173
-4.8436,1,173
-4.8436,1,173
-4.8436,0,173
-4.8436,1,173
-2.8436,1,173
5.1564,1,173
4.1564,1,173
4.1564,1,173
3.1564,1,173
4.1564,1,173
-2.8436,1,173
-3.8436,1,173
5.1564,1,173
-1.8436,1,173
-3.8436,1,173
5.1564,1,173
5.1564,1,173
-2.8436,1,173
5.1564,1,173
-4.8436,1,173
5.1564,1,173
-4.8436,1,173
4.1564,0,174
-3.8436,1,174
-4.8436,1,174
-2.8436,0,174
4.1564,1,174
5.1564,1,174
-4.8436,1,174
3.1564,1,174
-4.8436,0,174
5.1564,0,174
-3.8436,1,174
-2.8436,1,174
-4.8436,1,174
5.1564,1,174
4.1564,1,174
4.1564,1,174
5.1564,1,174
-3.8436,1,174
4.1564,1,174
-1.8436,0,174
4.1564,0,174
-2.8436,1,174
-2.8436,1,174
-1.8436,0,174
-1.8436,0,174
-4.8436,0,174
3.1564,0,175
-2.8436,1,175
3.1564,1,175
-3.8436,0,175
-4.8436,0,175
-1.8436,1,175
5.1564,1,175
4.1564,1,175
-4.8436,0,175
5.1564,0,175
-3.8436,1,175
5.1564,0,175
-4.8436,0,175
4.1564,1,175
3.1564,0,175
-3.8436,0,175
-1.8436,0,175
5.1564,0,175
5.1564,0,175
4.1564,1,175
-4.8436,0,175
-4.8436,0,175
-4.8436,0,175
5.1564,1,176
-4.8436,1,176
-3.8436,1,176
-4.8436,1,176
4.1564,0,176
4.1564,1,176
-2.8436,1,176
-4.8436,1,176
-2.8436,1,176
-4.8436,1,176
-4.8436,1,176
-4.8436,1,176
4.1564,1,176
5.1564,1,176
3.1564,1,176
5.1564,1,176
3.1564,1,176
-4.8436,0,176
5.1564,1,176
-4.8436,0,176
5.1564,1,176
-1.8436,1,176
-3.8436,1,176
-3.8436,1,176
-2.8436,1,176
5.1564,1,176
-4.8436,1,177
4.1564,1,177
5.1564,1,177
3.1564,1,177
-3.8436,1,177
5.1564,1,177
5.1564,1,177
3.1564,1,177
-2.8436,1,177
-3.8436,1,177
-4.8436,1,177
3.1564,0,177
-1.8436,1,177
4.1564,1,177
-4.8436,1,177
-4.8436,1,177
-1.8436,1,177
-2.8436,1,177
5.1564,1,177
5.1564,1,177
5.1564,1,177
5.1564,1,177
-4.8436,0,177
-4.8436,1,177
-1.8436,1,177
-1.8436,1,177
-2.8436,1,178
5.1564,1,178
5.1564,1,178
3.1564,1,178
-1.8436,1,178
-4.8436,1,178
-1.8436,1,178
-2.8436,1,178
-1.8436,1,178
-1.8436,1,178
-4.8436,0,178
-3.8436,1,178
5.1564,1,178
5.1564,1,178
-1.8436,1,178
-1.8436,1,178
-3.8436,1,178
5.1564,1,178
-1.8436,1,178
5.1564,1,178
-2.8436,1,178
-1.8436,1,178
-4.8436,1,178
-1.8436,1,178
5.1564,1,178
4.1564,0,178
5.1564,1,179
5.1564,0,179
-2.8436,1,179
5.1564,0,179
-1.8436,1,179
5.1564,1,179
4.1564,1,179
4.1564,0,179
4.1564,0,179
3.1564,1,179
3.1564,1,179
5.1564,1,179
-4.8436,1,179
5.1564,0,179
-4.8436,1,179
3.1564,0,179
-4.8436,1,179
-4.8436,0,179
4.1564,1,179
-4.8436,1,179
4.1564,0,179
5.1564,1,179
-2.8436,1,179
-1.8436,1,179
-4.8436,1,179
4.1564,1,179
-1.8436,1,180
4.1564,1,180
-1.8436,1,180
-1.8436,1,180
5.1564,1,180
4.1564,1,180
5.1564,1,180
-4.8436,1,180
4.1564,1,180
-1.8436,1,180
5.1564,1,180
-3.8436,1,180
4.1564,1,180
-4.8436,1,180
-4.8436,1,180
-4.8436,1,180
-3.8436,1,180
-3.8436,1,180
-4.8436,1,180
-4.8436,1,180
-1.8436,1,180
3.1564,1,180
5.1564,1,180
-2.8436,1,180
-1.8436,1,180
-4.8436,1,180
-1.8436,1,181
3.1564,1,181
4.1564,1,181
5.1564,1,181
5.1564,0,181
5.1564,1,181
-2.8436,0,181
-1.8436,1,181
-3.8436,1,181
5.1564,1,181
5.1564,1,181
-3.8436,1,181
-1.8436,1,181
3.1564,1,181
-1.8436,0,181
-4.8436,1,181
-1.8436,1,181
-4.8436,1,181
-4.8436,1,181
4.1564,1,181
-1.8436,1,181
5.1564,1,181
-3.8436,0,181
-4.8436,0,181
-4.8436,1,181
4.1564,0,181
4.1564,1,182
-3.8436,1,182
-4.8436,1,182
-1.8436,0,182
5.1564,0,182
3.1564,1,182
5.1564,0,182
-2.8436,1,182
-3.8436,1,182
3.1564,1,182
-2.8436,0,182
5.1564,1,182
-4.8436,0,182
-1.8436,0,182
-3.8436,0,182
-4.8436,1,182
5.1564,1,182
5.1564,1,182
5.1564,1,182
3.1564,1,182
-3.8436,0,182
5.1564,1,182
-2.8436,0,182
-4.8436,1,182
5.1564,1,182
-3.8436,1,182
3.1564,0,183
4.1564,1,183
-4.8436,0,183
3.1564,0,183
5.1564,1,183
-1.8436,1,183
-4.8436,1,183
5.1564,0,183
4.1564,0,183
5.1564,1,183
5.1564,1,183
5.1564,1,183
-3.8436,1,183
-3.8436,0,183
-4.8436,1,183
-2.8436,0,183
-4.8436,1,183
-3.8436,1,183
-3.8436,1,183
5.1564,1,183
-4.8436,1,183
4.1564,1,183
4.1564,0,183
-1.8436,1,183
3.1564,1,183
-4.8436,1,183
5.1564,1,184
5.1564,0,184
-1.8436,1,184
-3.8436,1,184
-1.8436,0,184
5.1564,0,184
-3.8436,1,184
5.1564,1,184
3.1564,1,184
3.1564,0,184
4.1564,0,184
3.1564,1,184
4.1564,1,184
5.1564,0,184
3.1564,1,184
3.1564,0,184
5.1564,1,184
-3.8436,1,184
5.1564,0,184
5.1564,1,184
-1.8436,1,184
5.1564,1,184
3.1564,1,184
5.1564,0,184
-3.8436,1,184
5.1564,1,184
-2.8436,0,186
-1.8436,1,186
-4.8436,1,186
-3.8436,1,186
5.1564,1,186
5.1564,1,186
-1.8436,1,186
-1.8436,1,186
-3.8436,1,186
-2.8436,1,186
-4.8436,1,186
-1.8436,1,186
-4.8436,1,186
-4.8436,1,186
-3.8436,1,186
-2.8436,1,186
5.1564,1,186
-1.8436,1,186
-4.8436,1,186
-3.8436,0,186
-3.8436,1,186
-4.8436,1,186
-4.8436,1,186
-2.8436,1,187
-2.8436,1,187
-3.8436,0,187
-4.8436,0,187
-4.8436,0,187
-4.8436,0,187
-3.8436,1,187
-1.8436,1,187
-1.8436,1,187
-1.8436,1,187
-2.8436,1,187
-1.8436,1,187
3.1564,0,187
-1.8436,1,187
-4.8436,0,187
4.1564,0,187
-4.8436,0,187
-4.8436,1,187
4.1564,1,187
-4.8436,1,187
-4.8436,1,187
-2.8436,1,187
-1.8436,1,187
-2.8436,1,187
5.1564,1,187
5.1564,1,187
-4.8436,1,188
-4.8436,1,188
4.1564,1,188
-2.8436,1,188
-4.8436,1,188
-2.8436,1,188
-4.8436,1,188
-1.8436,1,188
4.1564,1,188
-3.8436,1,188
-3.8436,0,188
5.1564,1,188
4.1564,0,188
4.1564,0,188
4.1564,1,188
-4.8436,1,188
-4.8436,1,188
5.1564,1,188
5.1564,1,188
3.1564,1,188
4.1564,1,188
5.1564,1,188
5.1564,1,188
5.1564,1,188
-4.8436,0,188
-4.8436,1,188
-4.8436,1,189
-4.8436,1,189
4.1564,1,189
5.1564,0,189
5.1564,1,189
-1.8436,1,189
5.1564,1,189
-3.8436,1,189
-4.8436,1,189
5.1564,1,189
5.1564,1,189
3.1564,1,189
5.1564,1,189
5.1564,1,189
-4.8436,0,189
-4.8436,1,189
5.1564,1,189
-3.8436,1,189
5.1564,1,189
-3.8436,1,189
-4.8436,1,189
-1.8436,1,189
5.1564,1,189
4.1564,1,189
5.1564,1,189
5.1564,1,189
5.1564,0,191
5.1564,1,191
5.1564,1,191
-3.8436,0,191
5.1564,1,191
-2.8436,1,191
-1.8436,1,191
-2.8436,0,191
-4.8436,1,191
-4.8436,1,191
5.1564,1,191
3.1564,1,191
-3.8436,1,191
-1.8436,1,191
3.1564,0,191
-4.8436,1,191
5.1564,1,191
5.1564,1,191
3.1564,0,191
-1.8436,0,191
3.1564,0,191
-2.8436,1,191
-4.8436,1,191
4.1564,1,191
3.1564,1,191
-3.8436,1,191
-3.8436,0,192
-4.8436,0,192
-3.8436,1,192
3.1564,1,192
3.1564,1,192
-2.8436,1,192
5.1564,1,192
3.1564,1,192
4.1564,1,192
-2.8436,1,192
4.1564,1,192
3.1564,1,192
5.1564,1,192
5.1564,1,192
4.1564,1,192
5.1564,1,192
-4.8436,1,192
5.1564,1,192
3.1564,1,192
-3.8436,1,192
-2.8436,1,192
-3.8436,1,192
-3.8436,1,192
-3.8436,1,192
-2.8436,1,192
5.1564,1,192
5.1564,1,193
5.1564,0,193
-2.8436,0,193
-4.8436,1,193
-4.8436,1,193
-2.8436,1,193
-3.8436,1,193
-1.8436,1,193
5.1564,1,193
-1.8436,1,193
5.1564,1,193
5.1564,1,193
-4.8436,1,193
-2.8436,1,193
4.1564,1,193
-2.8436,1,193
-3.8436,1,193
-4.8436,1,193
-3.8436,1,193
3.1564,1,193
5.1564,0,193
4.1564,0,193
-1.8436,1,193
-1.8436,1,193
4.1564,1,193
5.1564,0,193
4.1564,1,194
-4.8436,0,194
5.1564,1,194
4.1564,1,194
3.1564,1,194
-1.8436,1,194
5.1564,1,194
3.1564,1,194
5.1564,1,194
5.1564,1,194
4.1564,1,194
-1.8436,1,194
5.1564,1,194
-4.8436,1,194
-1.8436,1,194
3.1564,1,194
5.1564,1,194
-3.8436,1,194
-4.8436,1,194
-4.8436,1,194
4.1564,1,194
-4.8436,1,194
-3.8436,1,194
-1.8436,1,194
-1.8436,1,194
5.1564,1,195
5.1564,1,195
-1.8436,0,195
-2.8436,0,195
-4.8436,0,195
-4.8436,1,195
5.1564,1,195
5.1564,0,195
5.1564,1,195
-3.8436,0,195
-4.8436,1,195
-1.8436,1,195
-2.8436,0,195
-4.8436,1,195
-4.8436,1,195
-4.8436,1,195
-2.8436,1,195
-2.8436,0,195
-4.8436,0,195
-4.8436,0,195
3.1564,1,195
5.1564,0,195
-4.8436,1,195
5.1564,0,195
-4.8436,1,195
5.1564,1,196
4.1564,1,196
5.1564,1,196
5.1564,1,196
5.1564,1,196
5.1564,1,196
-4.8436,1,196
-2.8436,0,196
-1.8436,0,196
5.1564,1,196
-4.8436,1,196
-3.8436,0,196
5.1564,1,196
5.1564,1,196
-1.8436,1,196
5.1564,0,196
-2.8436,0,196
-4.8436,1,196
-2.8436,1,196
-4.8436,0,196
-4.8436,0,196
5.1564,1,196
-1.8436,1,196
5.1564,1,196
-4.8436,1,196
-4.8436,1,196
-4.8436,1,198
4.1564,1,198
5.1564,0,198
-4.8436,0,198
-3.8436,0,198
5.1564,1,198
-3.8436,1,198
5.1564,1,198
5.1564,1,198
-1.8436,0,198
3.1564,1,198
5.1564,0,198
4.1564,1,198
-2.8436,0,198
5.1564,0,198
5.1564,1,198
-4.8436,0,198
-1.8436,0,198
-1.8436,0,198
3.1564,1,198
-4.8436,1,198
5.1564,0,198
-4.8436,0,198
3.1564,1,198
-1.8436,0,198
-3.8436,0,198
5.1564,1,199
-4.8436,0,199
-4.8436,1,199
-3.8436,0,199
-1.8436,0,199
3.1564,1,199
4.1564,1,199
3.1564,1,199
-1.8436,1,199
-4.8436,1,199
-4.8436,0,199
-1.8436,1,199
-3.8436,0,199
-4.8436,1,199
-4.8436,1,199
5.1564,1,199
-4.8436,0,199
-2.8436,1,199
-4.8436,1,199
-4.8436,1,199
5.1564,1,199
5.1564,0,199
-3.8436,1,199
-4.8436,0,199
5.1564,1,199
-4.8436,1,199
3.1564,1,200
-3.8436,1,200
-4.8436,1,200
-4.8436,1,200
4.1564,1,200
4.1564,1,200
-1.8436,1,200
3.1564,0,200
5.1564,1,200
3.1564,1,200
5.1564,1,200
5.1564,1,200
-4.8436,1,200
-2.8436,1,200
5.1564,1,200
-4.8436,1,200
5.1564,1,200
4.1564,1,200
5.1564,1,200
-4.8436,1,200
-1.8436,1,200
5.1564,1,200
5.1564,1,200
-1.8436,1,200
-2.8436,1,200
-2.8436,1,200
-4.8436,1,201
-2.8436,1,201
3.1564,1,201
-2.8436,1,201
5.1564,1,201
4.1564,1,201
-1.8436,1,201
3.1564,1,201
-4.8436,0,201
3.1564,0,201
3.1564,1,201
-2.8436,1,201
-4.8436,0,201
-4.8436,0,201
5.1564,0,201
5.1564,0,201
5.1564,0,201
4.1564,0,201
5.1564,0,201
5.1564,1,201
5.1564,1,201
3.1564,1,201
5.1564,1,201
-4.8436,1,201
-4.8436,0,202
3.1564,0,202
-1.8436,1,202
-4.8436,1,202
3.1564,1,202
3.1564,1,202
-1.8436,1,202
4.1564,1,202
3.1564,1,202
3.1564,1,202
5.1564,1,202
5.1564,1,202
5.1564,1,202
-4.8436,1,202
-2.8436,1,202
-2.8436,1,202
5.1564,1,202
4.1564,1,202
5.1564,1,202
3.1564,1,202
5.1564,1,202
-1.8436,1,202
5.1564,1,202
4.1564,1,202
5.1564,1,202
3.1564,1,202
-4.8436,1,203
-4.8436,1,203
-4.8436,1,203
-1.8436,1,203
5.1564,1,203
-3.8436,1,203
-1.8436,0,203
-4.8436,1,203
-4.8436,1,203
-4.8436,1,203
4.1564,0,203
5.1564,0,203
-1.8436,1,203
-1.8436,1,203
-4.8436,0,203
-4.8436,1,203
-4.8436,1,203
-4.8436,1,203
-4.8436,1,203
-4.8436,1,203
-4.8436,1,203
-3.8436,1,203
-4.8436,1,203
-4.8436,1,203
-4.8436,1,203
4.1564,1,203
-4.8436,1,204
5.1564,1,204
5.1564,1,204
-4.8436,1,204
-2.8436,1,204
4.1564,1,204
5.1564,1,204
-1.8436,1,204
-4.8436,1,204
-4.8436,1,204
-4.8436,1,204
5.1564,1,204
-4.8436,1,204
-3.8436,1,204
-4.8436,1,204
-2.8436,1,204
-3.8436,1,204
-3.8436,1,204
-1.8436,1,204
-4.8436,1,204
4.1564,0,204
4.1564,0,204
5.1564,1,204
-2.8436,0,204
-3.8436,1,204
-1.8436,0,205
-4.8436,1,205
5.1564,1,205
-4.8436,1,205
-4.8436,1,205
-2.8436,0,205
-4.8436,0,205
5.1564,1,205
5.1564,1,205
-1.8436,1,205
-3.8436,1,205
3.1564,1,205
-3.8436,1,205
3.1564,1,205
-4.8436,1,205
-4.8436,1,205
3.1564,1,205
5.1564,1,205
5.1564,0,205
-1.8436,1,205
-1.8436,1,205
5.1564,1,205
-2.8436,0,205
-1.8436,1,205
3.1564,1,205
5.1564,1,205
4.1564,1,206
3.1564,1,206
-4.8436,1,206
-1.8436,1,206
-2.8436,1,206
-2.8436,1,206
5.1564,1,206
5.1564,0,206
-4.8436,1,206
-2.8436,1,206
-4.8436,1,206
5.1564,1,206
5.1564,1,206
3.1564,1,206
5.1564,1,206
5.1564,1,206
3.1564,1,206
3.1564,1,206
-4.8436,0,206
4.1564,1,206
5.1564,1,206
-1.8436,0,206
-4.8436,0,206
3.1564,1,206
-2.8436,1,207
-4.8436,1,207
5.1564,1,207
5.1564,1,207
-4.8436,1,207
-1.8436,1,207
5.1564,1,207
-4.8436,1,207
-3.8436,1,207
-4.8436,1,207
4.1564,1,207
-1.8436,1,207
5.1564,1,207
5.1564,1,207
-1.8436,1,207
-3.8436,1,207
-3.8436,1,207
-1.8436,1,207
-4.8436,1,207
5.1564,1,207
3.1564,1,207
4.1564,1,207
-4.8436,1,207
4.1564,1,207
5.1564,1,207
5.1564,0,208
5.1564,0,208
-4.8436,1,208
-3.8436,1,208
-4.8436,0,208
-4.8436,1,208
-1.8436,0,208
-1.8436,1,208
5.1564,0,208
5.1564,1,208
-1.8436,0,208
5.1564,0,208
-1.8436,0,208
5.1564,1,208
-3.8436,0,208
-1.8436,1,208
5.1564,1,208
5.1564,0,208
-4.8436,0,208
-4.8436,1,208
-4.8436,0,208
4.1564,1,208
5.1564,1,208
3.1564,0,208
3.1564,0,208
-1.8436,1,208
-2.8436,1,209
5.1564,1,209
-4.8436,1,209
3.1564,1,209
-1.8436,1,209
3.1564,1,209
-3.8436,1,209
-1.8436,1,209
3.1564,1,209
5.1564,1,209
5.1564,1,209
5.1564,1,209
3.1564,1,209
5.1564,1,209
-4.8436,1,209
5.1564,1,209
5.1564,1,209
-4.8436,1,209
5.1564,0,209
5.1564,1,209
5.1564,0,209
4.1564,1,209
4.1564,1,209
-4.8436,1,209
-4.8436,1,209
-1.8436,0,209
5.1564,0,210
-2.8436,1,210
3.1564,0,210
-1.8436,1,210
5.1564,1,210
5.1564,0,210
5.1564,0,210
5.1564,0,210
-2.8436,1,210
-2.8436,0,210
-1.8436,1,210
3.1564,0,210
-4.8436,0,210
-4.8436,1,210
-1.8436,0,210
-4.8436,0,210
-4.8436,1,210
-4.8436,0,210
5.1564,1,210
-1.8436,0,210
-1.8436,0,210
5.1564,1,210
3.1564,0,210
5.1564,0,210
-2.8436,0,210
4.1564,1,210
-4.8436,1,211
-4.8436,1,211
-2.8436,1,211
-1.8436,1,211
-2.8436,1,211
3.1564,1,211
5.1564,1,211
5.1564,1,211
4.1564,1,211
-3.8436,1,211
-4.8436,1,211
-4.8436,1,211
-2.8436,1,211
-4.8436,1,211
-3.8436,1,211
5.1564,1,211
5.1564,1,211
3.1564,1,211
3.1564,1,211
4.1564,1,211
5.1564,1,211
-4.8436,0,211
-2.8436,1,211
-1.8436,1,211
-4.8436,1,211
3.1564,1,211
3.1564,1,212
-3.8436,1,212
-1.8436,1,212
-4.8436,0,212
5.1564,1,212
-1.8436,1,212
-4.8436,1,212
-3.8436,1,212
-4.8436,1,212
-4.8436,1,212
-4.8436,1,212
-4.8436,1,212
5.1564,1,212
4.1564,1,212
3.1564,1,212
3.1564,1,212
5.1564,1,212
-4.8436,1,212
-4.8436,1,212
-4.8436,1,212
-4.8436,1,212
-1.8436,0,212
5.1564,1,212
-3.8436,1,212
-4.8436,0,212
-4.8436,1,212
5.1564,0,213
5.1564,1,213
3.1564,0,213
3.1564,1,213
3.1564,1,213
5.1564,1,213
-3.8436,0,213
3.1564,1,213
-4.8436,0,213
-3.8436,1,213
-1.8436,1,213
-3.8436,1,213
-1.8436,1,213
-1.8436,1,213
5.1564,1,213
-4.8436,1,213
-4.8436,1,213
-1.8436,1,213
5.1564,1,213
5.1564,1,213
5.1564,1,213
3.1564,1,213
-3.8436,1,213
-3.8436,1,213
4.1564,1,213
5.1564,1,213
-2.8436,1,214
-4.8436,0,214
-2.8436,1,214
5.1564,1,214
5.1564,1,214
-4.8436,1,214
5.1564,0,214
-4.8436,1,214
-4.8436,1,214
-4.8436,0,214
-2.8436,1,214
3.1564,1,214
-4.8436,1,214
-3.8436,1,214
4.1564,1,214
5.1564,1,214
5.1564,1,214
5.1564,0,214
-4.8436,1,214
-3.8436,1,214
-4.8436,1,214
3.1564,1,214
5.1564,1,214
5.1564,0,214
-2.8436,1,214
-3.8436,1,214
-1.8436,1,215
5.1564,1,215
3.1564,0,215
-3.8436,1,215
5.1564,1,215
4.1564,1,215
5.1564,1,215
-3.8436,1,215
-1.8436,1,215
-4.8436,1,215
4.1564,1,215
5.1564,0,215
-4.8436,1,215
-3.8436,0,215
5.1564,1,215
4.1564,1,215
-2.8436,1,215
-3.8436,1,215
5.1564,1,215
-1.8436,1,215
-3.8436,0,215
-4.8436,0,215
-4.8436,0,215
-2.8436,1,215
3.1564,1,215
-3.8436,1,215
-2.8436,1,216
-3.8436,1,216
5.1564,1,216
-4.8436,1,216
4.1564,0,216
4.1564,1,216
-4.8436,1,216
5.1564,1,216
3.1564,0,216
5.1564,1,216
5.1564,1,216
5.1564,1,216
-1.8436,1,216
5.1564,1,216
3.1564,1,216
5.1564,1,216
-3.8436,1,216
5.1564,1,216
4.1564,0,216
-4.8436,0,216
-1.8436,1,216
5.1564,1,216
-4.8436,1,216
5.1564,1,216
5.1564,1,216
-4.8436,1,216
5.1564,1,217
-3.8436,1,217
-1.8436,1,217
3.1564,1,217
-2.8436,1,217
-1.8436,1,217
-3.8436,1,217
-1.8436,1,217
-1.8436,1,217
-2.8436,1,217
-3.8436,1,217
-4.8436,0,217
5.1564,1,217
-4.8436,1,217
-4.8436,1,217
-4.8436,1,217
4.1564,1,217
-3.8436,0,217
-1.8436,1,217
-4.8436,1,217
4.1564,0,217
5.1564,1,217
5.1564,1,217
5.1564,1,217
-3.8436,1,217
4.1564,1,217
-3.8436,1,218
-2.8436,1,218
-3.8436,1,218
-4.8436,1,218
-1.8436,1,218
-4.8436,1,218
3.1564,1,218
-4.8436,1,218
3.1564,1,218
-4.8436,1,218
3.1564,1,218
4.1564,1,218
-3.8436,1,218
-3.8436,1,218
-2.8436,1,218
4.1564,1,218
-3.8436,1,218
-1.8436,1,218
-1.8436,1,218
-2.8436,1,218
-1.8436,1,218
5.1564,1,218
-4.8436,1,218
-4.8436,1,218
-4.8436,1,218
5.1564,1,218
-4.8436,0,219
-1.8436,1,219
5.1564,1,219
5.1564,1,219
-4.8436,1,219
-3.8436,1,219
5.1564,0,219
5.1564,0,219
4.1564,1,219
-4.8436,1,219
-4.8436,1,219
-4.8436,1,219
-2.8436,1,219
-4.8436,0,219
4.1564,1,219
-4.8436,1,219
-4.8436,0,219
-3.8436,0,219
5.1564,1,219
-4.8436,0,219
-4.8436,0,219
-4.8436,1,219
-1.8436,1,219
4.1564,0,219
5.1564,0,219
-3.8436,0,219
5.1564,0,220
5.1564,1,220
-3.8436,0,220
-2.8436,1,220
5.1564,1,220
-3.8436,0,220
-3.8436,1,220
-4.8436,0,220
-1.8436,0,220
-4.8436,1,220
-2.8436,0,220
5.1564,1,220
-4.8436,1,220
3.1564,0,220
5.1564,0,220
5.1564,0,220
5.1564,1,220
5.1564,1,220
-3.8436,0,220
3.1564,1,220
-2.8436,0,220
5.1564,0,220
-2.8436,0,220
-3.8436,1,220
-4.8436,1,220
-3.8436,0,220
-2.8436,1,222
-4.8436,1,222
-2.8436,1,222
3.1564,1,222
5.1564,1,222
-2.8436,1,222
5.1564,1,222
3.1564,1,222
5.1564,1,222
3.1564,1,222
5.1564,1,222
-3.8436,1,222
-3.8436,1,222
3.1564,1,222
5.1564,1,222
-4.8436,0,222
-4.8436,1,222
-1.8436,1,222
-1.8436,1,222
5.1564,1,222
4.1564,1,222
3.1564,1,222
-4.8436,1,222
-2.8436,1,222
5.1564,1,222
-1.8436,0,223
-1.8436,1,223
4.1564,0,223
5.1564,1,223
5.1564,1,223
-4.8436,1,223
4.1564,1,223
-1.8436,0,223
5.1564,0,223
5.1564,1,223
-2.8436,1,223
-4.8436,0,223
-4.8436,1,223
-3.8436,1,223
5.1564,0,223
-3.8436,0,223
5.1564,0,223
-1.8436,1,223
5.1564,1,223
3.1564,0,223
5.1564,1,223
3.1564,0,223
5.1564,1,223
5.1564,0,223
-2.8436,1,223
-1.8436,1,224
-4.8436,1,224
5.1564,1,224
-1.8436,1,224
-4.8436,1,224
5.1564,1,224
-3.8436,0,224
4.1564,1,224
-2.8436,1,224
-2.8436,1,224
3.1564,1,224
5.1564,1,224
-2.8436,1,224
4.1564,1,224
5.1564,1,224
-1.8436,1,224
-4.8436,1,224
3.1564,1,224
-3.8436,1,224
-3.8436,0,224
-4.8436,1,224
-4.8436,1,224
-4.8436,1,224
-3.8436,0,224
5.1564,1,224
4.1564,1,224
4.1564,0,225
5.1564,1,225
5.1564,1,225
5.1564,1,225
-4.8436,1,225
-1.8436,1,225
4.1564,1,225
3.1564,1,225
5.1564,1,225
-4.8436,1,225
-4.8436,1,225
-2.8436,0,225
-3.8436,1,225
5.1564,1,225
3.1564,1,225
-3.8436,1,225
-2.8436,1,225
5.1564,1,225
4.1564,0,225
4.1564,1,225
-3.8436,0,225
3.1564,1,225
5.1564,1,225
5.1564,1,225
3.1564,1,225
-4.8436,0,225
5.1564,1,226
-4.8436,0,226
3.1564,1,226
4.1564,0,226
5.1564,1,226
5.1564,0,226
-1.8436,0,226
-4.8436,0,226
4.1564,0,226
5.1564,1,226
4.1564,1,226
5.1564,1,226
5.1564,1,226
5.1564,0,226
3.1564,0,226
-2.8436,1,226
-1.8436,1,226
5.1564,0,226
-1.8436,1,226
-4.8436,1,226
5.1564,1,226
4.1564,0,226
-4.8436,0,226
-4.8436,1,226
-1.8436,0,226
-2.8436,0,226
-1.8436,1,227
-3.8436,1,227
-4.8436,0,227
-4.8436,1,227
5.1564,0,227
3.1564,0,227
5.1564,0,227
-1.8436,0,227
5.1564,0,227
5.1564,1,227
5.1564,1,227
4.1564,1,227
3.1564,1,227
5.1564,0,227
5.1564,1,227
3.1564,0,227
4.1564,1,227
3.1564,1,227
-4.8436,1,227
5.1564,0,227
-1.8436,1,227
5.1564,0,227
5.1564,1,227
5.1564,1,227
-2.8436,1,227
3.1564,1,227
5.1564,1,228
3.1564,1,228
5.1564,1,228
3.1564,1,228
-3.8436,1,228
-3.8436,1,228
-3.8436,1,228
-4.8436,1,228
-2.8436,1,228
-1.8436,1,228
-3.8436,1,228
3.1564,1,228
-3.8436,1,228
3.1564,1,228
-3.8436,1,228
4.1564,1,228
5.1564,1,228
-1.8436,1,228
-4.8436,1,228
5.1564,1,228
-1.8436,1,228
5.1564,1,228
5.1564,1,228
5.1564,1,228
3.1564,1,228
-4.8436,1,229
-2.8436,1,229
4.1564,0,229
5.1564,1,229
5.1564,1,229
3.1564,1,229
-3.8436,1,229
3.1564,1,229
5.1564,1,229
5.1564,1,229
4.1564,0,229
-1.8436,1,229
3.1564,0,229
5.1564,1,229
5.1564,1,229
5.1564,1,229
4.1564,1,229
-1.8436,0,229
-4.8436,1,229
-4.8436,0,229
3.1564,1,229
5.1564,1,229
5.1564,1,229
-4.8436,1,229
-4.8436,0,229
-4.8436,1,230
-1.8436,1,230
5.1564,0,230
-4.8436,1,230
-3.8436,1,230
-4.8436,1,230
-3.8436,1,230
-1.8436,1,230
5.1564,1,230
-1.8436,1,230
-3.8436,1,230
5.1564,0,230
-2.8436,1,230
5.1564,1,230
5.1564,1,230
5.1564,1,230
-2.8436,1,230
-4.8436,1,230
-4.8436,1,230
-1.8436,1,230
5.1564,1,230
4.1564,1,230
-1.8436,1,230
-1.8436,0,230
-2.8436,0,230
5.1564,1,230
4.1564,1,231
5.1564,0,231
5.1564,1,231
4.1564,0,231
5.1564,1,231
5.1564,0,231
5.1564,1,231
-4.8436,0,231
5.1564,1,231
-4.8436,0,231
-2.8436,0,231
5.1564,0,231
-2.8436,1,231
5.1564,0,231
4.1564,1,231
-4.8436,0,231
-3.8436,1,231
-4.8436,1,231
-4.8436,1,231
3.1564,0,231
3.1564,1,231
5.1564,1,231
-1.8436,0,231
5.1564,0,231
-1.8436,1,231
-1.8436,1,231
-1.8436,1,232
4.1564,1,232
-2.8436,1,232
5.1564,1,232
3.1564,1,232
-1.8436,1,232
-3.8436,1,232
-4.8436,1,232
-2.8436,1,232
-4.8436,0,232
-4.8436,1,232
4.1564,1,232
5.1564,1,232
5.1564,1,232
5.1564,1,232
4.1564,1,232
-1.8436,1,232
5.1564,1,232
5.1564,1,232
5.1564,1,232
-4.8436,1,232
3.1564,1,232
5.1564,1,232
5.1564,1,232
-1.8436,1,232
-1.8436,1,233
5.1564,1,233
5.1564,1,233
-1.8436,0,233
-1.8436,1,233
5.1564,1,233
4.1564,0,233
3.1564,1,233
-1.8436,0,233
-4.8436,0,233
-2.8436,1,233
-4.8436,0,233
5.1564,0,233
5.1564,1,233
5.1564,1,233
5.1564,1,233
4.1564,1,233
-1.8436,1,233
5.1564,0,233
5.1564,1,233
5.1564,1,233
3.1564,0,233
-1.8436,0,233
-1.8436,1,233
5.1564,0,233
4.1564,1,233
5.1564,1,235
-1.8436,1,235
5.1564,0,235
-4.8436,1,235
5.1564,1,235
4.1564,1,235
4.1564,1,235
3.1564,1,235
-3.8436,1,235
-1.8436,1,235
5.1564,1,235
4.1564,1,235
5.1564,1,235
4.1564,1,235
-1.8436,1,235
-3.8436,1,235
-4.8436,1,235
-1.8436,1,235
-4.8436,1,235
-4.8436,1,235
5.1564,1,235
5.1564,1,235
5.1564,1,235
5.1564,1,235
-4.8436,1,235
5.1564,1,235
3.1564,1,237
3.1564,0,237
-3.8436,1,237
-1.8436,1,237
-2.8436,0,237
-4.8436,1,237
-2.8436,1,237
-4.8436,0,237
-2.8436,1,237
4.1564,0,237
5.1564,1,237
5.1564,0,237
5.1564,0,237
5.1564,1,237
5.1564,1,237
-3.8436,0,237
5.1564,1,237
4.1564,1,237
3.1564,1,237
-4.8436,0,237
5.1564,1,237
4.1564,1,237
-2.8436,0,237
-1.8436,1,237
4.1564,0,237
3.1564,1,237
5.1564,1,238
-1.8436,1,238
-3.8436,0,238
-2.8436,0,238
-1.8436,1,238
-3.8436,0,238
-4.8436,1,238
-1.8436,1,238
3.1564,1,238
5.1564,0,238
5.1564,1,238
-4.8436,0,238
5.1564,1,238
-2.8436,1,238
-3.8436,1,238
4.1564,1,238
4.1564,1,238
-2.8436,1,238
-2.8436,1,238
-4.8436,1,238
-1.8436,1,238
5.1564,1,238
5.1564,1,238
5.1564,1,238
-4.8436,1,238
-1.8436,0,239
-4.8436,1,239
-4.8436,1,239
-2.8436,1,239
-4.8436,1,239
-4.8436,1,239
-4.8436,1,239
4.1564,1,239
5.1564,1,239
-2.8436,0,239
-4.8436,1,239
-3.8436,1,239
-4.8436,1,239
-3.8436,1,239
-4.8436,1,239
-4.8436,1,239
-3.8436,0,239
-4.8436,1,239
-4.8436,1,239
-2.8436,1,239
-3.8436,1,239
5.1564,1,239
-3.8436,0,239
-1.8436,1,239
-1.8436,1,239
4.1564,1,239
5.1564,1,240
3.1564,1,240
-4.8436,1,240
-2.8436,1,240
5.1564,1,240
5.1564,1,240
-4.8436,1,240
-3.8436,1,240
-4.8436,1,240
-4.8436,1,240
-2.8436,1,240
5.1564,1,240
5.1564,1,240
3.1564,1,240
-3.8436,1,240
4.1564,1,240
5.1564,1,240
4.1564,1,240
-4.8436,1,240
-2.8436,1,240
5.1564,1,240
-4.8436,1,240
-4.8436,1,240
-1.8436,1,240
5.1564,1,240
4.1564,1,240
-4.8436,0,241
-4.8436,1,241
-2.8436,1,241
5.1564,1,241
5.1564,1,241
5.1564,1,241
-1.8436,1,241
-4.8436,1,241
-3.8436,0,241
5.1564,0,241
4.1564,1,241
-4.8436,0,241
5.1564,1,241
-2.8436,1,241
-1.8436,1,241
5.1564,0,241
3.1564,1,241
5.1564,1,241
-1.8436,1,241
5.1564,1,241
5.1564,1,241
5.1564,1,241
-1.8436,1,241
-4.8436,1,241
-1.8436,1,241
-2.8436,1,242
-2.8436,1,242
3.1564,1,242
5.1564,1,242
5.1564,1,242
5.1564,1,242
5.1564,1,242
5.1564,1,242
5.1564,1,242
-1.8436,1,242
-4.8436,1,242
4.1564,1,242
5.1564,1,242
3.1564,1,242
5.1564,1,242
-1.8436,1,242
-4.8436,1,242
-4.8436,1,242
3.1564,1,242
-4.8436,1,242
4.1564,1,242
-4.8436,1,242
3.1564,1,242
-2.8436,1,242
-4.8436,1,242
-4.8436,1,242
-1.8436,1,243
-4.8436,1,243
-1.8436,1,243
-4.8436,1,243
5.1564,1,243
5.1564,1,243
-1.8436,1,243
-1.8436,0,243
-2.8436,1,243
5.1564,1,243
3.1564,0,243
-3.8436,1,243
3.1564,0,243
5.1564,1,243
4.1564,0,243
3.1564,1,243
-3.8436,1,243
-4.8436,1,243
-4.8436,1,243
-2.8436,0,243
-4.8436,1,243
-2.8436,0,243
4.1564,1,243
-4.8436,1,243
-4.8436,1,243
-4.8436,0,243
5.1564,1,244
-1.8436,1,244
3.1564,1,244
5.1564,1,244
3.1564,1,244
-4.8436,0,244
-3.8436,1,244
-2.8436,1,244
5.1564,1,244
3.1564,1,244
-4.8436,1,244
-2.8436,1,244
-3.8436,1,244
3.1564,1,244
5.1564,1,244
-3.8436,1,244
-4.8436,1,244
-4.8436,0,244
5.1564,0,244
5.1564,1,244
5.1564,1,244
5.1564,1,244
-3.8436,1,244
-4.8436,0,244
-3.8436,1,244
5.1564,1,244
-4.8436,1,245
3.1564,1,245
4.1564,1,245
-2.8436,1,245
-2.8436,1,245
5.1564,1,245
4.1564,1,245
-1.8436,1,245
-3.8436,1,245
-2.8436,1,245
-2.8436,1,245
-4.8436,1,245
-2.8436,1,245
5.1564,1,245
5.1564,1,245
4.1564,1,245
-1.8436,0,245
5.1564,1,245
5.1564,1,245
5.1564,1,245
3.1564,1,245
5.1564,1,245
3.1564,1,245
5.1564,1,245
5.1564,1,245
-4.8436,1,245
-2.8436,1,246
-3.8436,0,246
5.1564,0,246
5.1564,1,246
-3.8436,1,246
5.1564,1,246
-4.8436,1,246
4.1564,1,246
3.1564,1,246
4.1564,1,246
-3.8436,1,246
-4.8436,1,246
5.1564,0,246
-2.8436,1,246
-4.8436,1,246
-4.8436,1,246
5.1564,1,246
5.1564,1,246
5.1564,1,246
-3.8436,1,246
-1.8436,1,246
-1.8436,1,246
-4.8436,1,246
-4.8436,1,246
-1.8436,1,246
-4.8436,1,247
-4.8436,0,247
-4.8436,1,247
3.1564,1,247
-2.8436,1,247
5.1564,1,247
5.1564,1,247
5.1564,1,247
-1.8436,1,247
-2.8436,1,247
-2.8436,1,247
5.1564,1,247
-4.8436,1,247
5.1564,1,247
3.1564,1,247
3.1564,1,247
-2.8436,1,247
-1.8436,1,247
-2.8436,0,247
-3.8436,1,247
-2.8436,1,247
-1.8436,1,247
5.1564,1,247
-1.8436,1,247
-4.8436,1,247
-4.8436,1,247
-4.8436,0,248
-4.8436,0,248
-1.8436,0,248
-4.8436,1,248
-4.8436,0,248
-4.8436,0,248
3.1564,1,248
3.1564,1,248
3.1564,1,248
5.1564,1,248
5.1564,1,248
5.1564,1,248
4.1564,1,248
5.1564,1,248
-2.8436,1,248
-1.8436,1,248
-4.8436,1,248
-4.8436,1,248
5.1564,1,248
5.1564,1,248
5.1564,1,248
5.1564,1,248
3.1564,1,248
-4.8436,1,248
-4.8436,1,248
5.1564,0,248
5.1564,1,249
5.1564,0,249
5.1564,1,249
3.1564,1,249
-4.8436,1,249
-4.8436,1,249
5.1564,1,249
-3.8436,1,249
-4.8436,1,249
-4.8436,1,249
-4.8436,1,249
-1.8436,1,249
-4.8436,0,249
5.1564,1,249
5.1564,0,249
-2.8436,1,249
-1.8436,1,249
-2.8436,1,249
4.1564,1,249
5.1564,1,249
3.1564,1,249
5.1564,1,249
5.1564,1,249
-2.8436,1,249
5.1564,1,249
-3.8436,1,249
5.1564,1,250
4.1564,1,250
3.1564,1,250
5.1564,0,250
5.1564,1,250
-4.8436,0,250
-4.8436,1,250
-4.8436,1,250
-3.8436,0,250
-4.8436,0,250
3.1564,1,250
-4.8436,1,250
-3.8436,1,250
5.1564,1,250
-4.8436,1,250
-1.8436,1,250
-4.8436,1,250
-3.8436,1,250
-4.8436,1,250
5.1564,0,250
4.1564,1,250
4.1564,0,250
5.1564,1,250
-2.8436,1,250
-2.8436,1,251
-3.8436,1,251
-3.8436,0,251
-3.8436,0,251
-2.8436,0,251
4.1564,0,251
-1.8436,1,251
-4.8436,1,251
5.1564,1,251
-4.8436,0,251
-4.8436,0,251
-3.8436,1,251
5.1564,1,251
-4.8436,0,251
-4.8436,0,251
-4.8436,1,251
-2.8436,0,251
-4.8436,0,251
4.1564,1,251
5.1564,1,251
4.1564,1,251
-3.8436,1,251
4.1564,0,251
5.1564,1,251
4.1564,1,251
3.1564,1,252
-4.8436,1,252
5.1564,1,252
-2.8436,1,252
-1.8436,1,252
4.1564,1,252
3.1564,1,252
5.1564,1,252
-4.8436,1,252
-1.8436,1,252
5.1564,1,252
4.1564,1,252
-4.8436,1,252
-1.8436,1,252
5.1564,1,252
-4.8436,1,252
-2.8436,1,252
-4.8436,1,252
-4.8436,1,252
-2.8436,1,252
-4.8436,1,252
3.1564,1,252
-3.8436,1,252
4.1564,1,252
4.1564,1,252
5.1564,1,252
5.1564,1,253
3.1564,0,253
4.1564,1,253
-4.8436,1,253
-4.8436,1,253
5.1564,1,253
5.1564,1,253
4.1564,1,253
-4.8436,1,253
3.1564,1,253
4.1564,0,253
-4.8436,0,253
-4.8436,1,253
-4.8436,0,253
5.1564,1,253
5.1564,0,253
-4.8436,1,253
-3.8436,0,253
-2.8436,1,253
5.1564,1,253
-4.8436,1,253
4.1564,1,253
-4.8436,1,253
-4.8436,1,253
5.1564,1,253
-1.8436,0,254
3.1564,1,254
-3.8436,1,254
3.1564,1,254
-3.8436,0,254
-4.8436,0,254
5.1564,0,254
5.1564,0,254
5.1564,1,254
-1.8436,0,254
-1.8436,0,254
4.1564,1,254
5.1564,1,254
4.1564,0,254
5.1564,1,254
3.1564,1,254
3.1564,0,254
-4.8436,1,254
-4.8436,1,254
5.1564,1,254
-4.8436,0,254
-1.8436,0,254
-4.8436,0,254
3.1564,1,254
5.1564,1,254
5.1564,1,255
3.1564,1,255
5.1564,1,255
3.1564,1,255
4.1564,1,255
-1.8436,0,255
3.1564,1,255
-4.8436,0,255
-2.8436,1,255
3.1564,1,255
5.1564,1,255
5.1564,1,255
-4.8436,0,255
3.1564,1,255
-4.8436,1,255
5.1564,1,255
3.1564,1,255
3.1564,1,255
3.1564,1,255
5.1564,1,255
4.1564,1,255
4.1564,1,255
3.1564,1,255
5.1564,1,255
-4.8436,0,256
-4.8436,1,256
5.1564,1,256
-1.8436,0,256
-1.8436,1,256
-1.8436,1,256
3.1564,1,256
5.1564,1,256
4.1564,1,256
-3.8436,1,256
-3.8436,1,256
-2.8436,1,256
-4.8436,1,256
-4.8436,1,256
-4.8436,1,256
-1.8436,1,256
-4.8436,1,256
-4.8436,1,256
-4.8436,1,256
5.1564,1,256
-4.8436,0,256
5.1564,1,256
5.1564,1,256
4.1564,1,256
3.1564,1,256
-2.8436,1,256
-2.8436,1,257
5.1564,0,257
5.1564,0,257
5.1564,1,257
-2.8436,1,257
-4.8436,0,257
3.1564,1,257
-1.8436,1,257
-2.8436,0,257
5.1564,1,257
5.1564,1,257
5.1564,1,257
5.1564,1,257
5.1564,0,257
5.1564,1,257
4.1564,0,257
-3.8436,1,257
5.1564,1,257
3.1564,0,257
-3.8436,1,257
-4.8436,1,257
-3.8436,1,257
5.1564,1,257
5.1564,1,257
-1.8436,1,257
-3.8436,0,257
-1.8436,0,258
-3.8436,0,258
5.1564,1,258
-1.8436,1,258
-4.8436,1,258
3.1564,1,258
-4.8436,1,258
-3.8436,1,258
5.1564,1,258
-3.8436,1,258
-1.8436,1,258
-4.8436,1,258
4.1564,1,258
5.1564,0,258
-2.8436,1,258
-4.8436,1,258
-1.8436,1,258
-3.8436,1,258
-3.8436,1,258
-2.8436,1,258
4.1564,1,258
-4.8436,1,258
-2.8436,1,258
4.1564,1,258
4.1564,1,258
-4.8436,1,258
-4.8436,1,259
-3.8436,1,259
-3.8436,0,259
3.1564,1,259
-4.8436,0,259
-2.8436,1,259
3.1564,1,259
3.1564,1,259
5.1564,1,259
-4.8436,1,259
-2.8436,1,259
-2.8436,1,259
-4.8436,1,259
-3.8436,1,259
-4.8436,1,259
-3.8436,1,259
-4.8436,1,259
-4.8436,1,259
5.1564,1,259
-4.8436,1,259
-4.8436,0,259
4.1564,1,259
4.1564,1,259
4.1564,1,259
-1.8436,1,259
5.1564,1,261
-2.8436,1,261
-3.8436,1,261
5.1564,1,261
5.1564,1,261
5.1564,1,261
5.1564,0,261
4.1564,1,261
-2.8436,1,261
3.1564,1,261
4.1564,1,261
5.1564,1,261
5.1564,1,261
-4.8436,1,261
-4.8436,1,261
-4.8436,0,261
3.1564,0,261
5.1564,1,261
3.1564,1,261
5.1564,1,261
-1.8436,1,261
-1.8436,1,261
-4.8436,1,261
-2.8436,1,261
3.1564,1,261
-2.8436,0,261
-4.8436,1,262
-4.8436,1,262
-1.8436,1,262
-4.8436,1,262
-1.8436,1,262
-3.8436,0,262
-1.8436,1,262
5.1564,0,262
5.1564,1,262
-2.8436,1,262
-2.8436,1,262
3.1564,1,262
5.1564,0,262
5.1564,1,262
3.1564,1,262
5.1564,0,262
5.1564,1,262
-1.8436,1,262
5.1564,1,262
5.1564,1,262
-4.8436,1,262
4.1564,1,262
-1.8436,1,262
4.1564,1,262
5.1564,1,262
-4.8436,1,262
-3.8436,1,263
-2.8436,0,263
5.1564,1,263
5.1564,1,263
-2.8436,1,263
3.1564,1,263
5.1564,0,263
-4.8436,0,263
-1.8436,1,263
5.1564,1,263
-4.8436,1,263
-1.8436,1,263
-2.8436,1,263
3.1564,1,263
5.1564,0,263
-1.8436,1,263
5.1564,0,263
5.1564,1,263
3.1564,0,263
5.1564,1,263
4.1564,0,263
-4.8436,0,263
-3.8436,0,263
4.1564,0,263
-3.8436,1,263
5.1564,1,263
-3.8436,1,264
-4.8436,1,264
-4.8436,1,264
5.1564,1,264
-4.8436,0,264
-1.8436,1,264
-4.8436,1,264
-2.8436,1,264
5.1564,1,264
-3.8436,1,264
-4.8436,1,264
5.1564,1,264
-4.8436,1,264
-4.8436,1,264
3.1564,1,264
-3.8436,0,264
5.1564,1,264
5.1564,1,264
-4.8436,1,264
-4.8436,1,264
-4.8436,1,264
-4.8436,1,264
5.1564,1,264
5.1564,1,264
-4.8436,1,264
-4.8436,1,264
-2.8436,0,265
-1.8436,1,265
-2.8436,0,265
-4.8436,0,265
-4.8436,1,265
-3.8436,1,265
-4.8436,1,265
4.1564,1,265
4.1564,0,265
-4.8436,0,265
-4.8436,1,265
5.1564,1,265
5.1564,1,265
-2.8436,0,265
5.1564,1,265
5.1564,1,265
-2.8436,1,265
-4.8436,1,265
-4.8436,1,265
-2.8436,1,265
-4.8436,1,265
3.1564,1,265
-1.8436,0,265
-4.8436,1,265
-4.8436,1,266
-4.8436,1,266
-4.8436,1,266
-4.8436,1,266
5.1564,1,266
-1.8436,1,266
-2.8436,1,266
-3.8436,1,266
-2.8436,1,266
5.1564,1,266
5.1564,1,266
3.1564,1,266
3.1564,1,266
5.1564,1,266
-4.8436,0,266
-4.8436,1,266
5.1564,1,266
-3.8436,1,266
5.1564,1,266
-3.8436,1,266
-4.8436,0,266
-1.8436,1,266
5.1564,1,266
-1.8436,1,266
-2.8436,1,266
5.1564,1,266
-1.8436,1,267
5.1564,1,267
-4.8436,1,267
-1.8436,1,267
-4.8436,1,267
-4.8436,1,267
-4.8436,1,267
-1.8436,1,267
-2.8436,1,267
-4.8436,1,267
-3.8436,1,267
3.1564,1,267
-1.8436,1,267
5.1564,1,267
-2.8436,1,267
-4.8436,1,267
-1.8436,0,267
5.1564,1,267
3.1564,1,267
5.1564,1,267
-4.8436,1,267
-2.8436,1,267
-4.8436,1,267
5.1564,1,267
5.1564,1,268
5.1564,0,268
-1.8436,1,268
5.1564,1,268
-4.8436,0,268
-4.8436,0,268
-3.8436,0,268
3.1564,1,268
-4.8436,1,268
3.1564,1,268
5.1564,1,268
-3.8436,1,268
-4.8436,1,268
5.1564,1,268
5.1564,1,268
5.1564,1,268
3.1564,1,268
3.1564,1,268
5.1564,1,268
5.1564,1,268
5.1564,0,268
-2.8436,1,268
-2.8436,1,268
-3.8436,0,268
-3.8436,1,268
5.1564,1,268
-4.8436,1,269
-1.8436,1,269
-2.8436,1,269
-1.8436,1,269
5.1564,1,269
5.1564,1,269
5.1564,1,269
-3.8436,1,269
3.1564,1,269
5.1564,1,269
-2.8436,1,269
-3.8436,1,269
-3.8436,1,269
-4.8436,1,269
-4.8436,1,269
-2.8436,1,269
-3.8436,1,269
-4.8436,1,269
5.1564,1,269
-4.8436,1,269
-4.8436,1,269
-1.8436,1,269
5.1564,1,269
-4.8436,1,269
-1.8436,1,269
-4.8436,1,270
-4.8436,1,270
-3.8436,0,270
-4.8436,1,270
5.1564,1,270
-1.8436,1,270
-4.8436,1,270
3.1564,1,270
-2.8436,1,270
5.1564,1,270
-4.8436,1,270
-4.8436,1,270
5.1564,1,270
5.1564,1,270
-4.8436,1,270
-4.8436,1,270
-3.8436,1,270
4.1564,1,270
3.1564,1,270
4.1564,1,270
-2.8436,1,270
5.1564,1,270
5.1564,1,270
-4.8436,1,270
-2.8436,1,270
-1.8436,1,270
