3.3645,-3.147,1,1
3.3645,-3.147,1,1
3.3645,-3.147,1,1
-4.6355,1.853,1,1
-5.6355,0.85295,0,1
2.3645,-2.147,0,1
2.3645,1.853,1,1
-4.6355,-2.147,1,1
2.3645,2.853,1,1
2.3645,2.853,1,1
2.3645,2.853,1,1
3.3645,2.853,1,1
-5.6355,4.853,0,1
2.3645,-4.147,1,1
2.3645,-4.147,1,1
2.3645,-4.147,1,1
2.3645,-0.14705,1,1
2.3645,-0.14705,1,1
2.3645,-1.147,1,1
3.3645,-1.147,1,1
-5.6355,0.85295,1,1
3.3645,0.85295,1,1
2.3645,-2.147,1,1
2.3645,-2.147,1,1
-5.6355,-4.147,1,2
-4.6355,0.85295,0,2
-5.6355,-1.147,1,2
-5.6355,0.85295,0,2
3.3645,-4.147,1,2
2.3645,-2.147,1,2
3.3645,-2.147,1,2
3.3645,-2.147,1,2
3.3645,-2.147,1,2
3.3645,0.85295,1,2
-5.6355,0.85295,1,2
3.3645,0.85295,1,2
-4.6355,0.85295,0,2
-4.6355,-2.147,1,3
3.3645,-2.147,1,3
-4.6355,-2.147,0,3
3.3645,-1.147,0,3
2.3645,4.853,1,3
-4.6355,4.853,1,3
-5.6355,-0.14705,0,3
2.3645,2.853,1,3
3.3645,2.853,0,3
-4.6355,-1.147,1,3
3.3645,-2.147,1,3
2.3645,-1.147,0,3
3.3645,-0.14705,0,3
3.3645,4.853,0,3
3.3645,2.853,0,3
2.3645,4.853,0,3
-5.6355,-1.147,0,5
-4.6355,-1.147,1,5
3.3645,-0.14705,1,5
2.3645,-0.14705,1,5
2.3645,-0.14705,1,5
2.3645,3.853,1,5
-4.6355,2.853,1,5
3.3645,1.853,1,5
-5.6355,1.853,1,5
-4.6355,1.853,1,5
3.3645,-0.14705,1,5
2.3645,-0.14705,1,5
-5.6355,1.853,1,5
-4.6355,1.853,0,5
-4.6355,3.853,0,5
2.3645,3.853,1,5
3.3645,4.853,0,5
2.3645,4.853,1,5
2.3645,4.853,1,5
-4.6355,4.853,0,5
-5.6355,-2.147,1,6
-5.6355,-1.147,0,6
2.3645,-4.147,1,6
3.3645,-2.147,1,6
2.3645,-2.147,1,6
3.3645,-2.147,1,6
3.3645,-2.147,1,6
3.3645,-2.147,1,6
-4.6355,-1.147,1,6
3.3645,-2.147,1,6
3.3645,1.853,1,6
2.3645,4.853,1,7
-5.6355,-0.14705,1,7
-5.6355,-0.14705,1,7
-4.6355,-0.14705,1,7
2.3645,-0.14705,1,7
3.3645,-0.14705,1,7
-5.6355,-0.14705,1,7
-5.6355,-0.14705,1,7
-5.6355,-0.14705,1,7
-5.6355,-0.14705,0,7
3.3645,2.853,0,8
-4.6355,3.853,0,8
-5.6355,-4.147,1,8
-4.6355,-1.147,0,8
3.3645,2.853,1,8
-5.6355,-4.147,0,8
-5.6355,-1.147,0,8
-5.6355,-4.147,0,8
3.3645,-1.147,1,8
-5.6355,-1.147,1,8
2.3645,1.853,1,9
-4.6355,1.853,1,9
2.3645,1.853,1,9
-5.6355,1.853,1,9
-5.6355,1.853,1,9
2.3645,1.853,1,9
-4.6355,1.853,1,9
-5.6355,1.853,1,9
2.3645,1.853,1,9
3.3645,1.853,1,9
-4.6355,1.853,1,9
3.3645,1.853,1,9
2.3645,0.85295,1,10
3.3645,0.85295,1,10
-4.6355,-3.147,1,10
2.3645,-1.147,1,10
2.3645,-1.147,1,10
-4.6355,-3.147,0,10
-4.6355,-3.147,0,10
-5.6355,-3.147,0,10
2.3645,-4.147,1,10
-4.6355,-3.147,0,10
3.3645,-3.147,1,10
-4.6355,-2.147,0,11
3.3645,-3.147,1,11
2.3645,-3.147,0,11
-5.6355,0.85295,0,11
-4.6355,-0.14705,0,11
-5.6355,0.85295,1,11
-4.6355,1.853,0,11
-5.6355,-3.147,1,11
2.3645,-1.147,1,11
2.3645,-1.147,1,11
3.3645,-1.147,1,11
2.3645,3.853,0,11
3.3645,3.853,0,11
-4.6355,1.853,1,11
2.3645,1.853,1,12
-4.6355,-3.147,0,12
-4.6355,-2.147,0,12
-4.6355,-2.147,1,12
-4.6355,-1.147,0,12
-4.6355,0.85295,1,12
2.3645,0.85295,1,12
3.3645,-0.14705,1,12
3.3645,-0.14705,1,12
2.3645,-0.14705,1,12
3.3645,2.853,1,12
2.3645,2.853,0,12
3.3645,3.853,1,12
-4.6355,3.853,1,12
3.3645,-3.147,1,12
3.3645,-3.147,1,12
-4.6355,-3.147,1,12
-4.6355,-2.147,0,12
-5.6355,-3.147,0,12
-5.6355,2.853,1,12
2.3645,-3.147,1,12
-4.6355,-3.147,0,12
-4.6355,-0.14705,1,12
3.3645,2.853,1,13
-4.6355,-0.14705,0,13
-4.6355,1.853,1,13
2.3645,-3.147,1,13
3.3645,0.85295,1,13
3.3645,0.85295,0,13
2.3645,4.853,1,13
3.3645,4.853,0,13
2.3645,3.853,1,13
-5.6355,-0.14705,1,13
-4.6355,2.853,0,13
3.3645,-0.14705,1,14
2.3645,-0.14705,1,14
-4.6355,-4.147,1,14
3.3645,-4.147,1,14
2.3645,-4.147,1,14
3.3645,-4.147,1,14
3.3645,-4.147,1,14
-5.6355,-4.147,1,14
2.3645,2.853,1,14
2.3645,2.853,1,14
3.3645,2.853,1,14
3.3645,3.853,1,14
3.3645,3.853,1,14
3.3645,3.853,1,14
3.3645,3.853,1,14
2.3645,3.853,0,14
-4.6355,3.853,0,14
2.3645,-4.147,1,14
2.3645,-4.147,1,14
2.3645,-4.147,1,14
3.3645,-4.147,1,14
2.3645,-4.147,1,14
3.3645,-3.147,1,14
2.3645,-3.147,1,14
-5.6355,-3.147,1,14
-4.6355,-3.147,0,15
2.3645,0.85295,1,15
3.3645,0.85295,1,15
3.3645,0.85295,1,15
3.3645,0.85295,1,15
2.3645,0.85295,1,15
2.3645,-1.147,0,15
2.3645,3.853,1,15
2.3645,-1.147,1,15
2.3645,-1.147,1,15
3.3645,-1.147,1,15
2.3645,-3.147,0,15
-4.6355,3.853,1,15
3.3645,0.85295,0,15
3.3645,-2.147,0,15
3.3645,4.853,1,15
-5.6355,0.85295,1,15
3.3645,0.85295,1,15
2.3645,-4.147,0,15
-5.6355,3.853,1,15
-5.6355,-2.147,1,15
2.3645,-2.147,1,15
-5.6355,-1.147,0,15
-4.6355,-2.147,0,15
-4.6355,-2.147,0,16
-4.6355,-1.147,1,16
-4.6355,-1.147,0,16
-5.6355,-1.147,1,16
-5.6355,-1.147,0,16
-5.6355,-4.147,1,16
2.3645,-0.14705,1,16
3.3645,-0.14705,1,16
3.3645,-0.14705,1,16
3.3645,-0.14705,1,16
2.3645,-0.14705,1,16
3.3645,4.853,0,16
-4.6355,4.853,0,16
-5.6355,-1.147,0,16
-4.6355,-2.147,1,16
3.3645,-2.147,1,16
-4.6355,-2.147,0,16
-5.6355,2.853,0,17
3.3645,-3.147,0,17
3.3645,4.853,0,17
-5.6355,-2.147,1,17
-5.6355,2.853,0,17
-4.6355,-0.14705,0,17
3.3645,-0.14705,0,17
3.3645,1.853,0,17
3.3645,-0.14705,1,17
2.3645,0.85295,1,17
-5.6355,0.85295,0,17
-5.6355,-4.147,0,17
-5.6355,0.85295,0,17
3.3645,1.853,1,17
-4.6355,1.853,1,17
-5.6355,1.853,1,17
2.3645,-4.147,0,18
2.3645,3.853,1,18
3.3645,3.853,0,18
-5.6355,-4.147,1,18
2.3645,3.853,0,18
3.3645,3.853,1,18
-4.6355,3.853,0,18
-5.6355,-0.14705,0,18
-4.6355,-1.147,1,18
-5.6355,-1.147,1,18
3.3645,-1.147,1,18
2.3645,-1.147,1,18
3.3645,-1.147,1,18
2.3645,2.853,1,18
2.3645,4.853,1,18
3.3645,4.853,0,18
2.3645,-4.147,1,18
3.3645,-4.147,1,18
-5.6355,-4.147,1,18
3.3645,-4.147,1,18
2.3645,-1.147,0,18
2.3645,3.853,1,18
3.3645,3.853,1,18
-4.6355,3.853,1,18
3.3645,3.853,1,18
2.3645,3.853,1,18
-5.6355,3.853,1,18
-4.6355,3.853,1,18
-5.6355,3.853,1,18
3.3645,-1.147,1,19
2.3645,-1.147,1,19
3.3645,-1.147,1,19
-4.6355,-1.147,0,19
-4.6355,-1.147,1,19
2.3645,-3.147,0,19
2.3645,2.853,1,19
-4.6355,-3.147,1,19
-5.6355,-3.147,0,19
2.3645,-0.14705,1,20
-5.6355,-0.14705,1,20
2.3645,-0.14705,0,20
-4.6355,3.853,0,20
-5.6355,0.85295,1,20
3.3645,3.853,0,20
3.3645,4.853,0,20
2.3645,4.853,1,20
3.3645,-0.14705,1,20
2.3645,1.853,1,20
3.3645,1.853,0,20
3.3645,4.853,1,20
-5.6355,-3.147,0,20
2.3645,-3.147,1,20
3.3645,-2.147,1,20
3.3645,2.853,1,21
3.3645,2.853,1,21
3.3645,2.853,1,21
2.3645,0.85295,1,21
2.3645,0.85295,1,21
2.3645,-2.147,1,21
-5.6355,-0.14705,1,21
2.3645,0.85295,1,21
-5.6355,0.85295,1,21
2.3645,0.85295,0,21
2.3645,3.853,1,21
3.3645,3.853,1,21
-4.6355,0.85295,1,21
-4.6355,-1.147,1,21
-4.6355,-3.147,0,21
-4.6355,2.853,0,21
-4.6355,0.85295,1,21
3.3645,-1.147,1,21
3.3645,-1.147,1,21
3.3645,-0.14705,0,22
3.3645,4.853,0,22
3.3645,2.853,0,22
2.3645,3.853,1,22
3.3645,3.853,1,22
2.3645,3.853,1,22
-4.6355,3.853,1,22
3.3645,-0.14705,1,22
2.3645,-0.14705,1,22
2.3645,-0.14705,1,22
2.3645,3.853,0,22
3.3645,2.853,1,22
2.3645,-0.14705,1,22
3.3645,-3.147,1,22
-5.6355,-1.147,1,22
2.3645,3.853,1,22
3.3645,3.853,0,22
2.3645,0.85295,0,23
2.3645,-0.14705,0,23
-4.6355,-0.14705,1,23
-5.6355,1.853,1,23
-4.6355,-1.147,1,23
-5.6355,-0.14705,0,23
2.3645,-0.14705,1,23
3.3645,-1.147,1,23
3.3645,-1.147,1,23
2.3645,-1.147,1,23
3.3645,-0.14705,1,23
2.3645,-2.147,1,23
2.3645,-2.147,1,23
2.3645,-2.147,1,23
2.3645,-2.147,1,23
2.3645,-3.147,1,24
-4.6355,-3.147,1,24
2.3645,-3.147,1,24
2.3645,-3.147,1,24
2.3645,-3.147,1,24
3.3645,-3.147,1,24
3.3645,-3.147,1,24
2.3645,-3.147,1,24
-4.6355,-1.147,1,24
3.3645,-1.147,1,24
-5.6355,-1.147,0,24
3.3645,-4.147,0,24
2.3645,-0.14705,1,24
-4.6355,-0.14705,1,24
-5.6355,-0.14705,1,24
3.3645,-2.147,1,24
2.3645,0.85295,0,24
2.3645,2.853,1,24
2.3645,2.853,0,24
-4.6355,3.853,1,24
2.3645,-3.147,1,24
-4.6355,-3.147,0,24
-5.6355,-3.147,1,24
-5.6355,-1.147,1,25
3.3645,1.853,0,25
-4.6355,-1.147,0,25
-4.6355,-3.147,1,25
2.3645,-1.147,1,25
-4.6355,-1.147,0,25
3.3645,2.853,1,26
-4.6355,3.853,1,26
3.3645,2.853,1,26
2.3645,-1.147,1,26
-5.6355,-1.147,0,26
3.3645,1.853,0,26
-5.6355,-3.147,0,27
2.3645,-2.147,0,27
-5.6355,-2.147,1,27
-4.6355,-1.147,1,27
2.3645,-1.147,1,27
2.3645,0.85295,1,27
-5.6355,0.85295,0,27
2.3645,-4.147,1,27
-4.6355,-4.147,0,27
-4.6355,-0.14705,0,27
2.3645,-3.147,1,27
2.3645,-3.147,1,27
3.3645,-3.147,1,27
2.3645,-3.147,1,27
-2.6355,-1.147,1,27
3.3645,-2.147,1,28
2.3645,-3.147,1,28
2.3645,2.853,1,28
3.3645,2.853,1,28
-5.6355,2.853,0,28
3.3645,-3.147,1,28
3.3645,-0.14705,0,29
3.3645,0.85295,1,29
2.3645,0.85295,1,29
3.3645,0.85295,1,29
3.3645,0.85295,1,29
2.3645,-0.14705,1,29
-5.6355,-0.14705,0,29
3.3645,-4.147,1,29
3.3645,-4.147,1,29
3.3645,-4.147,1,29
-4.6355,-4.147,1,29
2.3645,-3.147,1,29
3.3645,-3.147,1,29
3.3645,-3.147,1,29
-4.6355,-3.147,0,29
-4.6355,-1.147,1,29
-5.6355,-1.147,1,29
-4.6355,3.853,1,30
-5.6355,1.853,0,30
-4.6355,-1.147,1,30
-5.6355,-0.14705,0,30
2.3645,1.853,1,31
2.3645,3.853,1,31
2.3645,3.853,1,31
3.3645,3.853,1,31
3.3645,3.853,1,31
3.3645,2.853,1,31
3.3645,2.853,1,31
-5.6355,2.853,1,31
-5.6355,2.853,1,31
-4.6355,2.853,0,31
-5.6355,-0.14705,0,31
-5.6355,-4.147,1,31
-4.6355,-2.147,0,31
-5.6355,-3.147,0,31
-4.6355,-4.147,1,31
-4.6355,2.853,0,31
2.3645,-3.147,1,31
-5.6355,-3.147,1,31
-5.6355,2.853,1,31
2.3645,0.85295,1,31
-5.6355,0.85295,0,31
3.3645,3.853,0,33
2.3645,4.853,0,33
3.3645,1.853,0,33
3.3645,4.853,1,33
2.3645,4.853,0,33
-5.6355,1.853,1,33
-4.6355,1.853,0,33
3.3645,-0.14705,1,33
2.3645,-1.147,1,33
-4.6355,1.853,1,33
-4.6355,2.853,1,33
-4.6355,-1.147,0,33
3.3645,3.853,1,33
3.3645,3.853,0,33
-5.6355,2.853,0,34
3.3645,3.853,1,34
3.3645,3.853,1,34
2.3645,-2.147,0,34
2.3645,3.853,1,34
3.3645,3.853,0,34
3.3645,4.853,1,34
-5.6355,2.853,0,34
-5.6355,-2.147,1,34
-4.6355,-2.147,0,34
-5.6355,-3.147,1,34
-4.6355,-3.147,1,34
2.3645,-4.147,1,34
2.3645,-4.147,1,34
-5.6355,-4.147,1,34
-5.6355,-1.147,1,34
3.3645,0.85295,1,34
2.3645,0.85295,1,34
2.3645,0.85295,1,34
2.3645,0.85295,1,34
3.3645,-3.147,0,36
2.3645,-2.147,1,36
-5.6355,-2.147,1,36
-5.6355,-4.147,1,36
-4.6355,0.85295,0,36
-5.6355,0.85295,0,36
3.3645,2.853,1,36
2.3645,3.853,1,36
-4.6355,2.853,0,36
-5.6355,-3.147,1,36
-5.6355,1.853,1,36
2.3645,-0.14705,1,36
2.3645,-2.147,1,36
3.3645,0.85295,0,36
2.3645,4.853,1,36
3.3645,4.853,1,36
3.3645,-0.14705,1,36
-4.6355,-2.147,1,36
-5.6355,-4.147,1,37
-5.6355,-4.147,0,37
-5.6355,-3.147,1,37
-4.6355,-3.147,1,37
-4.6355,-3.147,1,37
-5.6355,-0.14705,1,37
-5.6355,-0.14705,1,37
2.3645,-1.147,1,37
2.3645,-1.147,1,37
-5.6355,-0.14705,1,37
2.3645,-0.14705,1,37
2.3645,-0.14705,1,37
-4.6355,-0.14705,1,37
2.3645,-2.147,1,37
3.3645,-2.147,1,37
3.3645,-2.147,1,37
-5.6355,-2.147,1,37
3.3645,-2.147,1,37
2.3645,-2.147,1,37
3.3645,-2.147,1,37
-5.6355,-2.147,1,37
3.3645,-1.147,1,37
2.3645,-1.147,1,37
-4.6355,-1.147,1,37
-5.6355,-1.147,1,37
3.3645,-2.147,1,38
-5.6355,-2.147,1,38
3.3645,-1.147,1,38
3.3645,-1.147,1,38
-5.6355,-1.147,1,38
-4.6355,-4.147,0,38
-5.6355,-3.147,1,38
3.3645,-3.147,1,38
-5.6355,-3.147,1,38
2.3645,-3.147,1,38
2.3645,-3.147,1,38
-5.6355,-3.147,1,38
2.3645,-2.147,1,38
3.3645,-2.147,1,38
3.3645,-2.147,1,38
3.3645,-2.147,1,38
3.3645,-2.147,1,38
-4.6355,-4.147,1,38
-5.6355,2.853,0,39
-4.6355,3.853,0,39
-4.6355,0.85295,1,39
-5.6355,-3.147,0,39
2.3645,4.853,0,39
2.3645,-2.147,1,39
2.3645,-1.147,1,39
2.3645,-0.14705,0,39
3.3645,3.853,1,39
3.3645,4.853,0,39
-5.6355,-2.147,0,39
-5.6355,0.85295,1,39
-5.6355,1.853,1,39
2.3645,3.853,0,39
-4.6355,-3.147,1,39
-4.6355,-0.14705,0,39
-5.6355,-1.147,1,39
3.3645,-1.147,0,39
3.3645,-0.14705,0,39
-4.6355,4.853,1,39
2.3645,1.853,0,39
-4.6355,3.853,0,39
3.3645,1.853,1,39
2.3645,-0.14705,0,39
-5.6355,-0.14705,1,40
3.3645,0.85295,1,40
-5.6355,-1.147,1,40
3.3645,2.853,1,40
2.3645,4.853,1,40
2.3645,0.85295,1,40
2.3645,1.853,1,40
-4.6355,3.853,0,40
3.3645,3.853,1,40
1.3645,3.853,1,40
-4.6355,0.85295,0,40
3.3645,-3.147,1,40
3.3645,-3.147,1,40
2.3645,-3.147,1,40
2.3645,-3.147,1,40
3.3645,-3.147,1,40
3.3645,3.853,1,40
2.3645,3.853,0,40
-4.6355,1.853,0,41
3.3645,4.853,1,41
2.3645,3.853,0,41
2.3645,-1.147,1,41
3.3645,0.85295,1,41
3.3645,0.85295,0,41
-4.6355,4.853,1,41
-4.6355,4.853,0,41
-5.6355,4.853,1,41
-4.6355,2.853,1,41
2.3645,-2.147,0,41
2.3645,3.853,1,41
2.3645,-2.147,1,41
2.3645,0.85295,0,41
3.3645,2.853,0,41
-5.6355,4.853,1,41
-4.6355,-0.14705,1,41
3.3645,1.853,1,41
3.3645,1.853,1,41
3.3645,1.853,1,41
-4.6355,-3.147,0,41
-4.6355,-2.147,0,41
-4.6355,-2.147,0,41
3.3645,-0.14705,0,41
2.3645,4.853,0,41
-4.6355,3.853,0,41
2.3645,-2.147,1,41
3.3645,-2.147,0,41
3.3645,3.853,1,42
-5.6355,1.853,1,42
3.3645,-0.14705,1,42
-5.6355,-0.14705,1,42
-4.6355,-2.147,1,42
3.3645,3.853,1,42
2.3645,0.85295,1,42
3.3645,3.853,0,42
3.3645,-1.147,1,42
2.3645,1.853,1,42
-4.6355,2.853,1,42
-5.6355,4.853,1,42
3.3645,3.853,0,42
2.3645,4.853,1,42
3.3645,2.853,0,42
-4.6355,-3.147,0,43
3.3645,0.85295,1,43
-4.6355,3.853,1,43
2.3645,-2.147,0,43
2.3645,3.853,0,43
3.3645,0.85295,0,43
3.3645,4.853,1,43
3.3645,4.853,0,43
2.3645,3.853,1,43
2.3645,0.85295,1,43
-4.6355,-0.14705,1,43
2.3645,3.853,1,45
-4.6355,-0.14705,0,45
3.3645,-0.14705,1,45
3.3645,-0.14705,1,45
2.3645,1.853,1,45
2.3645,1.853,1,45
2.3645,1.853,1,45
3.3645,1.853,1,45
-5.6355,1.853,0,45
2.3645,3.853,1,45
-5.6355,1.853,1,45
2.3645,-0.14705,1,46
3.3645,-0.14705,1,46
-4.6355,-0.14705,0,46
-5.6355,-2.147,1,46
-5.6355,-4.147,1,46
3.3645,-1.147,1,46
-4.6355,-1.147,1,46
-5.6355,-3.147,1,47
2.3645,-4.147,0,47
3.3645,-0.14705,1,47
3.3645,-1.147,0,47
-5.6355,-2.147,0,47
-4.6355,-4.147,0,47
-5.6355,-0.14705,1,47
-4.6355,-1.147,0,47
2.3645,-3.147,1,47
-4.6355,-3.147,0,47
-5.6355,-1.147,1,47
3.3645,4.853,1,48
3.3645,4.853,1,48
3.3645,4.853,1,48
-4.6355,4.853,1,48
-5.6355,-1.147,0,48
3.3645,-1.147,1,48
-5.6355,-1.147,1,48
2.3645,-3.147,1,48
3.3645,-3.147,1,48
-4.6355,-3.147,1,48
3.3645,-2.147,1,48
-5.6355,-2.147,0,48
2.3645,-4.147,1,48
-5.6355,-4.147,1,48
2.3645,-1.147,1,50
-5.6355,-1.147,0,50
2.3645,-0.14705,1,50
0.36447,-0.14705,1,50
-5.6355,-0.14705,1,50
-4.6355,-2.147,0,50
3.3645,-2.147,1,50
2.3645,0.85295,0,50
3.3645,4.853,1,50
-1.6355,-4.147,1,50
0.36447,3.853,1,50
-3.6355,3.853,1,50
-4.6355,0.85295,1,50
-5.6355,-2.147,0,50
2.3645,-3.147,1,51
2.3645,-3.147,0,51
3.3645,1.853,1,51
-4.6355,-1.147,1,51
-4.6355,3.853,0,51
-5.6355,0.85295,0,51
-5.6355,-2.147,1,51
-5.6355,-0.14705,0,51
-4.6355,-4.147,0,51
3.3645,3.853,0,51
2.3645,0.85295,1,51
3.3645,3.853,0,52
2.3645,0.85295,1,52
3.3645,0.85295,1,52
3.3645,0.85295,1,52
3.3645,0.85295,1,52
3.3645,0.85295,1,52
-5.6355,0.85295,1,52
2.3645,-3.147,1,52
-4.6355,-3.147,1,52
3.3645,0.85295,1,53
3.3645,2.853,1,53
-4.6355,1.853,1,53
-5.6355,-0.14705,1,53
-5.6355,-0.14705,0,53
3.3645,-1.147,0,53
2.3645,4.853,1,53
2.3645,4.853,1,53
3.3645,4.853,1,53
2.3645,-0.14705,1,53
-4.6355,3.853,1,53
-4.6355,-4.147,1,53
2.3645,2.853,0,53
2.3645,2.853,1,53
3.3645,2.853,1,53
3.3645,2.853,1,53
3.3645,-1.147,0,53
3.3645,3.853,0,53
3.3645,4.853,1,53
2.3645,4.853,1,53
-5.6355,-0.14705,0,54
-4.6355,-2.147,1,54
-4.6355,-2.147,1,54
3.3645,-2.147,1,54
2.3645,-2.147,1,54
3.3645,-2.147,1,54
-4.6355,-4.147,1,54
-4.6355,-0.14705,1,54
2.3645,-2.147,1,54
3.3645,-2.147,1,54
3.3645,-2.147,1,54
2.3645,-2.147,1,54
-4.6355,-2.147,1,54
-4.6355,-3.147,1,54
2.3645,-2.147,1,54
3.3645,-3.147,1,54
-4.6355,-3.147,1,54
-4.6355,-4.147,1,54
3.3645,-2.147,1,54
3.3645,-2.147,1,54
3.3645,-2.147,1,54
-5.6355,-2.147,1,54
3.3645,-0.14705,1,54
-5.6355,-0.14705,1,54
-5.6355,-0.14705,0,55
-5.6355,-2.147,1,55
-5.6355,-3.147,0,55
-4.6355,-2.147,1,55
2.3645,-4.147,1,55
3.3645,-4.147,1,55
2.3645,-4.147,1,55
2.3645,-4.147,1,55
2.3645,-1.147,1,55
2.3645,-1.147,1,55
2.3645,-1.147,1,55
2.3645,3.853,1,55
2.3645,-2.147,0,56
-4.6355,4.853,1,56
-5.6355,-2.147,1,56
2.3645,-2.147,1,56
-5.6355,-2.147,1,56
2.3645,-1.147,1,56
2.3645,-1.147,1,56
3.3645,-1.147,1,56
3.3645,-3.147,1,56
2.3645,-3.147,1,56
2.3645,-3.147,1,56
3.3645,-3.147,1,56
3.3645,-3.147,1,56
2.3645,0.85295,0,56
3.3645,3.853,1,56
2.3645,3.853,1,56
-5.6355,3.853,1,56
3.3645,1.853,0,57
-5.6355,-0.14705,1,57
-5.6355,-2.147,1,57
-4.6355,-1.147,1,57
3.3645,-3.147,1,57
2.3645,-1.147,1,57
3.3645,-0.14705,0,57
3.3645,-0.14705,0,57
-4.6355,1.853,0,57
2.3645,-2.147,1,57
-5.6355,-1.147,1,57
2.3645,3.853,0,57
2.3645,0.85295,1,57
2.3645,-3.147,0,57
-5.6355,-3.147,1,58
-4.6355,-1.147,0,58
2.3645,-1.147,1,58
3.3645,-1.147,1,58
2.3645,-1.147,1,58
-5.6355,-1.147,1,58
2.3645,-0.14705,1,58
-4.6355,-0.14705,0,58
-5.6355,-2.147,0,58
-4.6355,-3.147,0,58
-5.6355,-2.147,1,58
-4.6355,-1.147,0,58
-4.6355,-3.147,1,58
-4.6355,-3.147,1,58
2.3645,2.853,1,59
3.3645,2.853,1,59
3.3645,2.853,1,59
3.3645,2.853,1,59
-4.6355,-0.14705,0,59
3.3645,2.853,1,59
3.3645,2.853,0,59
2.3645,4.853,1,59
2.3645,2.853,0,59
-4.6355,3.853,0,59
2.3645,1.853,1,59
2.3645,4.853,0,59
2.3645,3.853,1,59
3.3645,3.853,1,59
2.3645,4.853,0,59
-5.6355,-0.14705,1,60
2.3645,-0.14705,1,60
2.3645,2.853,1,60
2.3645,-1.147,1,60
-5.6355,-1.147,1,60
3.3645,3.853,1,60
2.3645,3.853,1,60
3.3645,-2.147,1,60
3.3645,-2.147,1,60
3.3645,-2.147,1,60
3.3645,-2.147,1,60
-5.6355,-2.147,0,60
2.3645,-2.147,1,60
2.3645,-2.147,1,60
-5.6355,-2.147,1,60
-4.6355,-2.147,1,60
3.3645,-2.147,1,60
2.3645,-2.147,1,60
2.3645,-2.147,1,60
3.3645,-2.147,1,60
3.3645,-2.147,1,60
3.3645,-2.147,1,60
3.3645,-2.147,1,60
2.3645,-2.147,1,60
3.3645,-2.147,1,61
2.3645,2.853,1,61
3.3645,-3.147,0,61
3.3645,4.853,0,61
2.3645,-0.14705,1,61
3.3645,-0.14705,1,61
-4.6355,-0.14705,1,61
-5.6355,-0.14705,0,61
-5.6355,-1.147,0,61
-5.6355,-4.147,0,61
-4.6355,0.85295,1,61
-5.6355,1.853,1,61
-5.6355,-1.147,0,61
-5.6355,-4.147,1,61
2.3645,0.85295,1,61
3.3645,0.85295,1,61
2.3645,0.85295,1,61
3.3645,0.85295,1,61
-5.6355,0.85295,1,61
-2.6355,-1.147,0,62
3.3645,-3.147,0,62
2.3645,-0.14705,0,62
3.3645,4.853,0,62
2.3645,3.853,0,62
-1.6355,3.853,0,62
-4.6355,2.853,0,62
-4.6355,1.853,1,62
-5.6355,4.853,1,62
3.3645,-3.147,1,62
-5.6355,2.853,0,62
2.3645,-3.147,0,62
2.3645,1.853,1,62
2.3645,3.853,0,62
-4.6355,0.85295,0,63
2.3645,-3.147,0,63
3.3645,-3.147,1,63
3.3645,-3.147,1,63
2.3645,-3.147,1,63
-4.6355,-3.147,1,63
-5.6355,1.853,1,63
-5.6355,0.85295,1,63
-5.6355,-3.147,1,63
-5.6355,-1.147,0,63
-4.6355,-4.147,1,63
3.3645,-1.147,1,63
2.3645,-1.147,1,64
2.3645,-1.147,1,64
2.3645,-1.147,1,64
3.3645,-0.14705,1,64
3.3645,-0.14705,1,64
-5.6355,-0.14705,1,64
-5.6355,-1.147,1,64
3.3645,3.853,0,64
-4.6355,1.853,0,64
-4.6355,-3.147,1,64
2.3645,-1.147,1,64
2.3645,-1.147,1,64
2.3645,-1.147,1,64
3.3645,-1.147,1,64
2.3645,-1.147,1,64
2.3645,-1.147,1,64
3.3645,-1.147,1,64
2.3645,-1.147,1,64
2.3645,-1.147,1,64
2.3645,-1.147,1,64
3.3645,-1.147,0,64
-5.6355,0.85295,0,65
3.3645,2.853,1,65
-4.6355,-2.147,0,65
3.3645,2.853,0,65
2.3645,0.85295,0,65
-4.6355,-1.147,0,65
3.3645,-0.14705,1,65
-5.6355,-0.14705,1,65
-4.6355,-1.147,1,65
-5.6355,-1.147,1,65
3.3645,0.85295,0,65
-4.6355,-3.147,1,66
2.3645,0.85295,0,66
-4.6355,3.853,1,66
3.3645,-3.147,1,66
2.3645,2.853,1,66
-4.6355,2.853,0,66
-5.6355,1.853,1,66
-5.6355,0.85295,0,67
2.3645,-2.147,0,67
3.3645,-1.147,1,67
3.3645,-1.147,0,67
3.3645,0.85295,1,67
2.3645,-2.147,0,67
2.3645,4.853,1,67
-4.6355,4.853,1,67
3.3645,-1.147,0,67
-5.6355,-1.147,1,67
2.3645,1.853,0,67
3.3645,3.853,0,67
2.3645,-1.147,0,67
3.3645,-2.147,1,67
2.3645,-2.147,1,67
2.3645,-2.147,1,67
3.3645,2.853,1,69
-5.6355,2.853,1,69
-5.6355,2.853,1,69
3.3645,2.853,1,69
3.3645,2.853,1,69
2.3645,2.853,1,69
-5.6355,-0.14705,1,69
3.3645,-1.147,1,69
3.3645,-1.147,1,69
3.3645,-1.147,1,69
3.3645,-1.147,1,69
-5.6355,-0.14705,0,69
3.3645,0.85295,1,69
2.3645,-4.147,1,70
3.3645,-4.147,0,70
2.3645,4.853,1,70
2.3645,4.853,0,70
3.3645,3.853,1,70
-4.6355,3.853,1,70
-5.6355,0.85295,1,70
-5.6355,2.853,1,70
-4.6355,-2.147,0,70
-5.6355,-4.147,1,70
-5.6355,-2.147,0,70
-5.6355,-4.147,1,70
3.3645,-3.147,1,70
2.3645,-3.147,1,70
3.3645,-3.147,1,70
3.3645,-3.147,1,70
2.3645,-3.147,1,70
2.3645,-3.147,1,70
-4.6355,4.853,1,71
2.3645,3.853,1,71
3.3645,1.853,0,71
3.3645,-2.147,1,71
-4.6355,-1.147,0,71
-4.6355,0.85295,0,71
-4.6355,-3.147,0,71
-4.6355,-2.147,0,71
2.3645,4.853,1,71
-5.6355,0.85295,1,71
2.3645,-1.147,1,71
-4.6355,-1.147,1,71
-5.6355,-1.147,1,71
-4.6355,-1.147,0,71
2.3645,1.853,1,71
-5.6355,2.853,0,71
-4.6355,-4.147,0,71
-5.6355,-1.147,0,71
-4.6355,-3.147,1,71
3.3645,-3.147,1,71
3.3645,-3.147,1,71
3.3645,4.853,0,71
2.3645,4.853,0,71
-5.6355,4.853,1,72
-5.6355,4.853,0,72
2.3645,3.853,1,72
2.3645,3.853,1,72
2.3645,-4.147,1,72
-5.6355,-2.147,1,72
-4.6355,-0.14705,1,72
-5.6355,-0.14705,1,72
3.3645,3.853,0,72
3.3645,-3.147,1,72
-4.6355,-1.147,1,72
-5.6355,-2.147,1,72
2.3645,0.85295,1,72
2.3645,-0.14705,1,72
3.3645,3.853,1,72
-4.6355,1.853,1,72
-5.6355,1.853,1,72
-5.6355,-0.14705,0,72
2.3645,-4.147,1,72
2.3645,-4.147,1,72
3.3645,-4.147,1,72
2.3645,-4.147,1,72
2.3645,-4.147,1,72
-5.6355,-0.14705,1,74
-4.6355,0.85295,0,74
-4.6355,-3.147,0,74
-5.6355,2.853,0,74
3.3645,-2.147,1,74
3.3645,-2.147,0,74
-4.6355,-0.14705,1,74
2.3645,0.85295,1,74
2.3645,0.85295,0,74
2.3645,-0.14705,0,74
3.3645,3.853,1,74
3.3645,3.853,1,74
2.3645,3.853,1,74
2.3645,3.853,1,74
2.3645,3.853,1,74
3.3645,3.853,1,74
2.3645,-3.147,1,74
-5.6355,1.853,1,77
3.3645,1.853,1,77
3.3645,3.853,1,77
-5.6355,3.853,1,77
2.3645,3.853,1,77
3.3645,3.853,1,77
2.3645,3.853,1,77
-5.6355,3.853,1,77
3.3645,3.853,1,77
2.3645,3.853,1,77
3.3645,3.853,1,77
-4.6355,3.853,1,77
-4.6355,3.853,1,77
2.3645,3.853,1,77
2.3645,3.853,1,78
2.3645,1.853,1,78
-4.6355,1.853,0,78
-4.6355,-3.147,1,78
3.3645,4.853,0,78
3.3645,4.853,1,78
3.3645,4.853,1,78
2.3645,-3.147,1,78
3.3645,4.853,0,78
2.3645,3.853,1,78
3.3645,3.853,1,78
3.3645,3.853,1,78
3.3645,0.85295,1,78
3.3645,-1.147,0,78
3.3645,-3.147,0,78
2.3645,4.853,1,78
-5.6355,-2.147,1,78
-4.6355,0.85295,1,79
3.3645,0.85295,0,79
2.3645,4.853,1,79
2.3645,-1.147,0,79
3.3645,3.853,1,79
3.3645,3.853,1,79
-5.6355,-1.147,1,79
3.3645,-4.147,1,79
2.3645,-0.14705,1,79
3.3645,-0.14705,1,79
2.3645,-0.14705,1,79
2.3645,-0.14705,1,79
2.3645,-1.147,1,79
-4.6355,-1.147,0,79
-5.6355,-4.147,1,79
-4.6355,-3.147,0,80
-5.6355,-1.147,0,80
2.3645,-1.147,1,80
2.3645,-1.147,1,80
-5.6355,-2.147,1,80
3.3645,-2.147,0,80
3.3645,-1.147,1,80
3.3645,-1.147,1,80
2.3645,-1.147,1,80
3.3645,-1.147,1,80
2.3645,-1.147,1,80
2.3645,-1.147,1,80
2.3645,-3.147,1,81
3.3645,0.85295,1,81
2.3645,0.85295,1,81
3.3645,0.85295,1,81
3.3645,0.85295,1,81
3.3645,0.85295,1,81
-4.6355,-2.147,1,81
3.3645,-3.147,1,81
3.3645,-3.147,1,81
-4.6355,-4.147,0,81
2.3645,-3.147,1,81
-4.6355,-1.147,0,81
3.3645,2.853,1,81
-5.6355,-0.14705,0,82
2.3645,-3.147,1,82
2.3645,-3.147,1,82
2.3645,-3.147,1,82
-4.6355,-3.147,1,82
-4.6355,-1.147,0,82
3.3645,-0.14705,1,82
-4.6355,-0.14705,1,82
3.3645,-3.147,1,82
-4.6355,-3.147,1,82
3.3645,4.853,1,82
2.3645,4.853,1,82
2.3645,4.853,1,82
-5.6355,4.853,0,82
2.3645,-4.147,1,82
2.3645,-4.147,1,82
3.3645,-4.147,1,82
2.3645,-4.147,1,82
3.3645,-4.147,1,82
2.3645,-4.147,1,82
3.3645,-4.147,1,82
-5.6355,-4.147,0,82
-4.6355,-0.14705,1,83
3.3645,-1.147,1,83
3.3645,-1.147,1,83
2.3645,-1.147,1,83
3.3645,-1.147,0,83
2.3645,3.853,1,83
2.3645,3.853,1,83
2.3645,3.853,1,83
3.3645,3.853,1,83
3.3645,3.853,1,83
3.3645,3.853,1,83
2.3645,3.853,1,83
3.3645,3.853,1,83
3.3645,3.853,1,83
3.3645,3.853,1,83
2.3645,3.853,1,83
3.3645,3.853,1,83
2.3645,3.853,1,83
3.3645,3.853,1,83
-5.6355,3.853,0,83
3.3645,-2.147,1,83
3.3645,-2.147,1,83
2.3645,-2.147,1,83
3.3645,-2.147,1,83
-5.6355,-1.147,1,83
-4.6355,-3.147,0,85
3.3645,4.853,1,85
-5.6355,-3.147,0,85
-4.6355,-3.147,1,85
3.3645,0.85295,1,85
2.3645,3.853,1,85
3.3645,3.853,0,85
3.3645,4.853,0,85
-5.6355,-3.147,1,85
2.3645,0.85295,1,85
3.3645,0.85295,0,85
2.3645,2.853,1,85
2.3645,4.853,0,85
2.3645,3.853,1,85
-4.6355,3.853,1,85
3.3645,-1.147,0,85
-4.6355,-1.147,0,85
3.3645,2.853,0,85
2.3645,-1.147,0,86
2.3645,-0.14705,1,86
-5.6355,-4.147,1,86
-4.6355,3.853,0,86
3.3645,4.853,1,86
3.3645,0.85295,1,86
-4.6355,1.853,0,86
-5.6355,-3.147,1,86
2.3645,0.85295,1,86
-4.6355,0.85295,1,86
2.3645,0.85295,1,86
-4.6355,0.85295,1,86
-4.6355,-0.14705,1,86
2.3645,0.85295,1,87
-5.6355,2.853,0,87
-4.6355,-0.14705,1,87
-4.6355,-3.147,1,87
2.3645,-2.147,0,87
2.3645,3.853,1,87
2.3645,3.853,1,87
2.3645,-2.147,0,87
3.3645,3.853,0,87
-4.6355,4.853,1,87
-4.6355,-3.147,0,87
-4.6355,-0.14705,1,87
-5.6355,0.85295,1,87
-5.6355,0.85295,0,87
-5.6355,-1.147,1,87
-5.6355,0.85295,0,87
-4.6355,-4.147,0,87
2.3645,-3.147,0,88
-5.6355,-1.147,1,88
2.3645,1.853,1,88
-5.6355,-2.147,1,88
-4.6355,-2.147,1,88
-4.6355,0.85295,1,88
3.3645,-0.14705,0,88
2.3645,4.853,0,88
2.3645,-1.147,1,88
-4.6355,-1.147,0,88
3.3645,3.853,1,88
2.3645,2.853,1,88
3.3645,2.853,0,88
3.3645,1.853,0,88
2.3645,4.853,1,88
3.3645,4.853,1,88
3.3645,4.853,1,88
3.3645,4.853,1,88
2.3645,4.853,1,88
2.3645,4.853,1,88
3.3645,3.853,0,88
3.3645,-3.147,0,89
-5.6355,-1.147,1,89
-5.6355,-3.147,1,89
-4.6355,0.85295,0,89
3.3645,2.853,1,89
3.3645,1.853,1,89
2.3645,1.853,1,89
3.3645,1.853,1,89
2.3645,1.853,1,89
2.3645,4.853,1,89
2.3645,0.85295,0,89
3.3645,-2.147,0,89
3.3645,0.85295,1,89
-5.6355,-4.147,0,91
-4.6355,-1.147,1,91
3.3645,-2.147,1,91
-5.6355,-4.147,0,91
3.3645,-2.147,1,91
-5.6355,-2.147,0,91
2.3645,1.853,1,93
2.3645,1.853,1,93
2.3645,1.853,1,93
-5.6355,-0.14705,0,93
3.3645,-3.147,1,93
-4.6355,-3.147,1,93
-5.6355,-2.147,0,93
-5.6355,-2.147,1,93
2.3645,-3.147,1,93
3.3645,-3.147,1,93
3.3645,-3.147,1,93
-5.6355,-3.147,1,93
3.3645,-1.147,0,93
-4.6355,-3.147,0,95
3.3645,-3.147,1,95
2.3645,-3.147,1,95
-4.6355,-3.147,0,95
-4.6355,-3.147,1,95
-5.6355,-3.147,1,95
-4.6355,2.853,0,95
3.3645,-0.14705,1,95
3.3645,1.853,1,95
2.3645,-0.14705,1,95
2.3645,3.853,0,95
2.3645,1.853,1,95
3.3645,2.853,0,95
3.3645,4.853,0,95
3.3645,1.853,1,95
-4.6355,-2.147,1,95
-4.6355,-0.14705,1,95
-4.6355,-2.147,1,95
3.3645,-3.147,0,96
3.3645,4.853,1,96
3.3645,4.853,1,96
-4.6355,-1.147,1,96
3.3645,-1.147,1,96
2.3645,2.853,0,96
3.3645,3.853,1,96
3.3645,3.853,1,96
2.3645,3.853,1,96
2.3645,3.853,0,96
2.3645,-2.147,1,96
3.3645,-0.14705,0,96
3.3645,-3.147,1,96
2.3645,-3.147,1,96
-5.6355,-3.147,0,96
-4.6355,2.853,1,97
-4.6355,-1.147,0,97
-5.6355,-0.14705,0,97
-5.6355,-0.14705,0,97
2.3645,-1.147,1,97
3.3645,-1.147,1,97
2.3645,-1.147,1,97
-4.6355,-1.147,1,97
-5.6355,-2.147,1,97
-4.6355,-2.147,0,97
3.3645,-2.147,1,97
2.3645,-2.147,1,97
3.3645,-2.147,1,97
3.3645,-2.147,1,97
-4.6355,-2.147,1,97
2.3645,4.853,1,98
3.3645,4.853,1,98
3.3645,-1.147,1,98
3.3645,-1.147,1,98
3.3645,-1.147,1,98
-5.6355,-1.147,1,98
2.3645,-1.147,1,98
2.3645,-1.147,0,98
-5.6355,-0.14705,1,98
2.3645,-2.147,1,98
2.3645,-2.147,1,98
-4.6355,-4.147,0,98
3.3645,-3.147,1,98
-5.6355,-3.147,1,98
3.3645,-0.14705,1,99
3.3645,-0.14705,0,99
-4.6355,-0.14705,1,99
-5.6355,-0.14705,1,99
2.3645,-0.14705,1,99
-5.6355,-0.14705,1,99
-5.6355,-0.14705,1,99
3.3645,-0.14705,1,99
-4.6355,-0.14705,1,99
-5.6355,0.85295,1,99
-5.6355,3.853,0,100
-4.6355,-0.14705,0,100
3.3645,-4.147,1,100
2.3645,4.853,1,100
-4.6355,0.85295,1,100
-5.6355,-3.147,0,102
3.3645,-0.14705,1,102
2.3645,-0.14705,1,102
3.3645,3.853,0,102
2.3645,-2.147,1,102
2.3645,0.85295,1,102
2.3645,0.85295,1,102
-4.6355,-2.147,0,102
-5.6355,2.853,0,102
-5.6355,-0.14705,1,102
-5.6355,2.853,0,102
-5.6355,3.853,1,102
3.3645,-2.147,1,102
2.3645,0.85295,1,102
-5.6355,-2.147,0,102
-5.6355,-4.147,0,102
3.3645,-3.147,0,102
3.3645,-1.147,1,102
-4.6355,3.853,1,102
3.3645,4.853,0,102
2.3645,4.853,0,102
2.3645,2.853,1,102
2.3645,-1.147,1,104
-4.6355,-1.147,1,104
2.3645,-1.147,1,104
-4.6355,-4.147,1,104
2.3645,-4.147,1,104
3.3645,-4.147,1,104
3.3645,-4.147,0,104
3.3645,-1.147,1,104
2.3645,-1.147,1,104
3.3645,-1.147,1,104
2.3645,-1.147,1,104
2.3645,-1.147,1,104
2.3645,-1.147,1,104
3.3645,-1.147,1,104
3.3645,-0.14705,1,104
2.3645,-4.147,1,104
3.3645,-0.14705,1,104
3.3645,-0.14705,1,104
-4.6355,-0.14705,0,104
-5.6355,0.85295,1,104
-4.6355,3.853,0,104
-5.6355,-3.147,1,104
3.3645,-3.147,1,104
2.3645,-3.147,1,104
3.3645,-3.147,1,104
-5.6355,-1.147,1,104
-4.6355,-2.147,0,104
-4.6355,-1.147,1,104
-5.6355,0.85295,1,105
-4.6355,1.853,0,105
-4.6355,4.853,1,105
3.3645,-1.147,0,105
-5.6355,0.85295,0,105
3.3645,1.853,1,105
-5.6355,-3.147,1,105
-4.6355,-3.147,1,105
-5.6355,0.85295,0,105
-5.6355,-4.147,0,105
-5.6355,-2.147,0,105
3.3645,-1.147,1,105
3.3645,-4.147,1,105
-4.6355,-4.147,1,105
3.3645,4.853,0,105
-4.6355,-1.147,1,105
-4.6355,4.853,0,105
2.3645,3.853,1,105
2.3645,3.853,1,105
-4.6355,-4.147,0,105
2.3645,3.853,1,106
2.3645,3.853,1,106
-4.6355,3.853,0,106
-5.6355,-0.14705,1,106
2.3645,3.853,0,106
2.3645,2.853,1,106
-5.6355,0.85295,0,106
2.3645,-1.147,1,106
2.3645,-1.147,1,106
3.3645,-1.147,1,106
2.3645,-1.147,1,106
3.3645,-1.147,1,106
2.3645,-1.147,1,106
-4.6355,-1.147,0,106
3.3645,-1.147,1,106
3.3645,3.853,1,106
-4.6355,-4.147,1,106
-4.6355,-3.147,0,106
-5.6355,-3.147,0,106
-5.6355,-3.147,0,107
3.3645,0.85295,1,107
3.3645,0.85295,1,107
-4.6355,-0.14705,1,107
3.3645,1.853,1,107
2.3645,1.853,1,107
-4.6355,1.853,0,107
2.3645,-1.147,1,107
3.3645,2.853,0,107
3.3645,1.853,0,107
3.3645,0.85295,0,107
-5.6355,4.853,0,107
3.3645,1.853,1,107
3.3645,1.853,1,107
-5.6355,1.853,0,107
-5.6355,1.853,1,107
3.3645,4.853,0,107
3.3645,4.853,1,107
3.3645,2.853,1,107
2.3645,-2.147,1,108
3.3645,-2.147,1,108
-5.6355,-2.147,1,108
3.3645,-4.147,1,108
3.3645,-4.147,1,108
2.3645,-4.147,1,108
-4.6355,-4.147,0,108
3.3645,4.853,0,108
3.3645,4.853,0,108
2.3645,2.853,0,108
3.3645,3.853,1,108
-5.6355,3.853,0,108
-4.6355,2.853,0,108
2.3645,-2.147,1,108
-4.6355,2.853,1,108
-5.6355,2.853,0,108
-5.6355,1.853,0,108
2.3645,2.853,0,108
3.3645,3.853,1,108
3.3645,-2.147,1,108
2.3645,-2.147,1,108
-4.6355,-2.147,1,108
3.3645,1.853,1,109
-4.6355,-0.14705,1,109
3.3645,0.85295,1,109
2.3645,0.85295,1,109
2.3645,0.85295,1,109
2.3645,0.85295,1,109
2.3645,0.85295,1,109
3.3645,-0.14705,1,109
2.3645,-0.14705,1,109
2.3645,-0.14705,1,109
3.3645,-2.147,1,109
-4.6355,-2.147,1,109
2.3645,4.853,1,110
2.3645,4.853,1,110
2.3645,3.853,0,110
2.3645,1.853,1,110
2.3645,1.853,1,110
2.3645,1.853,1,110
2.3645,-0.14705,1,110
-5.6355,-3.147,1,110
3.3645,-0.14705,1,110
2.3645,-0.14705,0,110
-5.6355,-2.147,1,110
-4.6355,-2.147,1,110
-4.6355,-0.14705,1,110
-4.6355,-4.147,1,110
3.3645,-3.147,1,110
3.3645,4.853,1,110
3.3645,4.853,1,110
-5.6355,1.853,0,110
-4.6355,2.853,1,110
2.3645,-0.14705,1,110
-4.6355,-0.14705,1,110
-4.6355,-0.14705,0,110
2.3645,3.853,0,110
2.3645,3.853,0,110
2.3645,3.853,1,110
3.3645,-2.147,1,111
-5.6355,-2.147,1,111
3.3645,-4.147,1,111
-5.6355,-1.147,0,111
-4.6355,-4.147,0,111
-5.6355,-2.147,0,111
-5.6355,0.85295,0,111
3.3645,1.853,0,111
3.3645,4.853,1,111
2.3645,0.85295,0,111
2.3645,1.853,0,111
-4.6355,-2.147,1,111
-5.6355,-2.147,0,111
2.3645,3.853,0,111
3.3645,3.853,0,111
3.3645,0.85295,1,111
2.3645,0.85295,1,111
-5.6355,2.853,1,112
-5.6355,-0.14705,0,112
2.3645,-1.147,0,112
-4.6355,2.853,0,112
-4.6355,0.85295,0,112
3.3645,0.85295,0,112
2.3645,4.853,0,112
-5.6355,-1.147,1,112
-4.6355,-3.147,0,112
-5.6355,-1.147,1,112
2.3645,3.853,1,112
2.3645,-1.147,1,112
2.3645,-1.147,0,112
-4.6355,1.853,1,112
3.3645,1.853,1,112
-5.6355,-3.147,0,112
-5.6355,-4.147,1,112
3.3645,3.853,0,112
2.3645,4.853,1,112
3.3645,4.853,1,112
3.3645,2.853,1,112
2.3645,-2.147,0,113
3.3645,-3.147,1,113
3.3645,-0.14705,0,113
3.3645,2.853,0,113
3.3645,4.853,1,113
-4.6355,4.853,0,113
2.3645,-0.14705,1,113
3.3645,-0.14705,1,113
2.3645,-0.14705,1,113
2.3645,4.853,1,113
3.3645,4.853,0,113
3.3645,-1.147,1,113
2.3645,-1.147,0,113
2.3645,3.853,1,113
-4.6355,-1.147,0,113
2.3645,-4.147,1,113
3.3645,-4.147,1,113
3.3645,2.853,1,113
2.3645,3.853,1,113
3.3645,3.853,1,113
3.3645,1.853,0,113
2.3645,-3.147,1,113
-5.6355,-3.147,1,113
-4.6355,-3.147,0,113
-4.6355,-4.147,0,114
3.3645,3.853,1,114
3.3645,2.853,1,114
3.3645,-0.14705,0,114
2.3645,4.853,1,114
3.3645,4.853,1,114
2.3645,2.853,0,114
3.3645,1.853,0,114
2.3645,-0.14705,1,114
2.3645,-0.14705,1,114
3.3645,-1.147,1,114
2.3645,-1.147,1,114
-4.6355,-3.147,0,114
2.3645,-0.14705,1,115
3.3645,-0.14705,1,115
2.3645,-3.147,1,115
2.3645,-3.147,1,115
2.3645,-3.147,1,115
-4.6355,-1.147,1,115
-5.6355,-4.147,1,115
-5.6355,-4.147,0,115
3.3645,-1.147,1,115
3.3645,-1.147,1,115
2.3645,-1.147,1,115
-4.6355,-0.14705,0,115
2.3645,-0.14705,1,116
2.3645,-0.14705,1,116
-4.6355,-0.14705,0,116
3.3645,-0.14705,1,116
3.3645,-1.147,1,116
2.3645,-0.14705,1,116
2.3645,-0.14705,1,116
3.3645,-0.14705,1,116
-4.6355,-0.14705,0,116
3.3645,-3.147,1,116
3.3645,-3.147,1,116
-5.6355,-1.147,1,116
3.3645,-2.147,1,116
2.3645,-2.147,1,116
3.3645,-2.147,1,116
2.3645,-2.147,1,116
3.3645,2.853,1,117
-5.6355,0.85295,1,117
-4.6355,-0.14705,0,117
-5.6355,-3.147,1,117
-4.6355,1.853,1,117
-5.6355,-0.14705,0,117
2.3645,-1.147,0,117
2.3645,-0.14705,0,117
-4.6355,3.853,0,117
-4.6355,-4.147,0,117
2.3645,-3.147,0,117
2.3645,3.853,1,117
3.3645,3.853,1,117
3.3645,3.853,0,117
3.3645,4.853,1,117
2.3645,4.853,0,117
2.3645,3.853,0,117
3.3645,3.853,1,117
2.3645,1.853,0,117
3.3645,3.853,1,117
3.3645,3.853,1,117
2.3645,1.853,1,117
2.3645,1.853,1,117
-5.6355,-2.147,1,117
-5.6355,-0.14705,0,117
2.3645,-3.147,0,117
3.3645,3.853,1,117
3.3645,0.85295,1,117
2.3645,2.853,0,117
3.3645,-0.14705,1,118
2.3645,-0.14705,1,118
3.3645,-0.14705,1,118
2.3645,-0.14705,1,118
2.3645,-0.14705,1,118
2.3645,-0.14705,1,118
-4.6355,-0.14705,1,118
-5.6355,-0.14705,1,118
-4.6355,-0.14705,1,118
3.3645,-0.14705,1,118
2.3645,-0.14705,1,118
2.3645,-0.14705,1,118
2.3645,-0.14705,1,118
-4.6355,-0.14705,1,118
3.3645,-4.147,1,118
2.3645,-2.147,0,119
-5.6355,4.853,0,119
-5.6355,-1.147,1,119
-4.6355,-1.147,1,119
-5.6355,-1.147,1,119
2.3645,-4.147,1,119
-5.6355,1.853,1,119
-5.6355,0.85295,1,119
-4.6355,-2.147,0,119
-4.6355,-1.147,1,119
-5.6355,-1.147,0,119
3.3645,2.853,1,119
3.3645,4.853,1,119
2.3645,4.853,1,119
-5.6355,1.853,1,119
-5.6355,-4.147,1,120
-5.6355,-3.147,0,120
-5.6355,-4.147,1,120
2.3645,-2.147,1,120
3.3645,-2.147,1,120
-4.6355,-1.147,0,120
2.3645,-0.14705,1,120
-5.6355,-0.14705,1,120
-4.6355,-0.14705,1,120
2.3645,-1.147,1,120
2.3645,-3.147,0,121
2.3645,1.853,1,121
3.3645,-2.147,1,121
2.3645,-2.147,1,121
3.3645,-2.147,1,121
3.3645,-3.147,1,121
2.3645,-2.147,1,121
2.3645,-1.147,1,121
2.3645,-1.147,1,121
-4.6355,-1.147,0,121
2.3645,-1.147,1,121
3.3645,-1.147,1,121
-4.6355,-1.147,1,121
2.3645,2.853,1,121
2.3645,-2.147,1,121
3.3645,-2.147,1,121
3.3645,-2.147,1,121
3.3645,-2.147,1,121
3.3645,-2.147,1,121
2.3645,-2.147,1,121
3.3645,-2.147,1,121
3.3645,2.853,0,122
3.3645,4.853,0,122
2.3645,3.853,0,122
2.3645,3.853,1,122
-4.6355,0.85295,0,122
3.3645,-2.147,1,122
2.3645,-0.14705,1,122
2.3645,-0.14705,1,122
3.3645,-0.14705,1,122
3.3645,-0.14705,1,122
-4.6355,-0.14705,0,122
-5.6355,-3.147,1,122
-4.6355,-1.147,0,122
3.3645,-0.14705,0,123
-4.6355,1.853,0,123
3.3645,1.853,0,123
3.3645,3.853,0,123
-4.6355,-1.147,1,123
3.3645,3.853,1,123
-5.6355,0.85295,0,123
-5.6355,-3.147,1,123
2.3645,3.853,1,123
2.3645,0.85295,0,123
2.3645,3.853,1,123
2.3645,3.853,0,123
-5.6355,3.853,1,123
-4.6355,-1.147,0,123
2.3645,-2.147,1,123
2.3645,-2.147,1,123
2.3645,-2.147,1,123
2.3645,-3.147,1,124
-4.6355,-0.14705,1,124
3.3645,0.85295,1,124
3.3645,0.85295,1,124
3.3645,0.85295,1,124
2.3645,0.85295,1,124
3.3645,0.85295,1,124
3.3645,0.85295,1,124
3.3645,0.85295,1,124
3.3645,0.85295,1,124
-4.6355,0.85295,1,124
-5.6355,-1.147,1,124
3.3645,2.853,1,124
2.3645,1.853,1,124
-4.6355,1.853,1,124
3.3645,-0.14705,0,124
2.3645,1.853,0,124
3.3645,-0.14705,1,124
-4.6355,-0.14705,1,124
-4.6355,-4.147,1,125
3.3645,0.85295,0,125
3.3645,1.853,1,125
-4.6355,2.853,1,125
-4.6355,-3.147,1,125
-5.6355,-2.147,1,125
2.3645,2.853,0,125
2.3645,3.853,1,125
3.3645,0.85295,0,125
-4.6355,4.853,0,125
3.3645,3.853,1,125
-4.6355,3.853,1,125
2.3645,2.853,1,125
-5.6355,3.853,1,125
-5.6355,-1.147,1,125
-4.6355,-1.147,1,125
-4.6355,3.853,1,125
3.3645,-0.14705,1,125
-5.6355,-0.14705,0,125
-4.6355,3.853,0,125
2.3645,-1.147,1,125
2.3645,-2.147,1,126
3.3645,-2.147,1,126
2.3645,-2.147,1,126
2.3645,-2.147,1,126
2.3645,-1.147,1,126
-4.6355,-3.147,1,126
2.3645,-0.14705,1,126
3.3645,-0.14705,1,126
-5.6355,-0.14705,0,126
2.3645,-0.14705,1,126
2.3645,-0.14705,1,126
2.3645,-0.14705,1,126
3.3645,0.85295,1,126
3.3645,0.85295,1,126
3.3645,0.85295,1,126
2.3645,0.85295,1,126
3.3645,0.85295,1,126
-5.6355,-0.14705,0,126
-4.6355,-1.147,0,127
-4.6355,0.85295,1,127
-4.6355,-1.147,1,127
-5.6355,-0.14705,0,127
2.3645,-4.147,1,127
2.3645,-4.147,1,127
2.3645,-4.147,1,127
3.3645,2.853,0,127
3.3645,2.853,1,127
-5.6355,0.85295,1,127
-4.6355,-4.147,1,127
-5.6355,-4.147,1,127
2.3645,-4.147,1,127
3.3645,-0.14705,1,127
3.3645,-0.14705,1,128
2.3645,-0.14705,1,128
3.3645,-0.14705,1,128
-4.6355,-0.14705,0,128
-5.6355,-1.147,0,128
3.3645,-2.147,1,128
-4.6355,-2.147,0,128
2.3645,-3.147,1,128
2.3645,-3.147,1,128
3.3645,-3.147,1,128
-5.6355,-3.147,1,128
-5.6355,-2.147,0,128
2.3645,-4.147,1,128
2.3645,-4.147,1,128
-4.6355,-4.147,1,128
2.3645,-1.147,1,129
3.3645,-1.147,1,129
-4.6355,-3.147,0,129
-4.6355,-1.147,0,129
2.3645,-3.147,1,129
3.3645,-0.14705,1,129
3.3645,-0.14705,1,129
3.3645,-0.14705,1,129
2.3645,-0.14705,1,129
3.3645,1.853,1,129
2.3645,1.853,1,129
3.3645,1.853,1,129
-4.6355,1.853,1,129
3.3645,2.853,0,129
3.3645,4.853,1,129
2.3645,4.853,1,129
2.3645,4.853,1,129
2.3645,4.853,1,129
-4.6355,-0.14705,1,129
2.3645,-0.14705,1,129
3.3645,3.853,1,129
2.3645,0.85295,1,129
2.3645,0.85295,0,129
2.3645,3.853,0,129
2.3645,3.853,1,129
-5.6355,2.853,0,129
-4.6355,-4.147,1,129
-5.6355,-0.14705,0,129
2.3645,-2.147,1,129
3.3645,-1.147,1,130
-5.6355,-1.147,1,130
-5.6355,1.853,0,130
-4.6355,-0.14705,1,130
3.3645,-2.147,1,130
-4.6355,-1.147,0,130
-5.6355,-1.147,1,130
2.3645,-1.147,1,130
2.3645,-1.147,1,130
3.3645,-3.147,0,130
-4.6355,-3.147,1,130
-4.6355,-2.147,1,130
2.3645,-3.147,0,130
3.3645,-1.147,1,130
-5.6355,-1.147,1,130
2.3645,-1.147,1,130
-4.6355,0.85295,0,131
2.3645,-3.147,0,131
3.3645,0.85295,1,131
3.3645,0.85295,1,131
2.3645,-3.147,0,131
-5.6355,-4.147,1,131
-5.6355,3.853,1,131
-5.6355,-3.147,1,131
-5.6355,0.85295,0,131
2.3645,-2.147,1,131
3.3645,-0.14705,0,131
2.3645,0.85295,0,131
3.3645,1.853,1,131
3.3645,0.85295,0,131
3.3645,-2.147,1,131
3.3645,-2.147,1,131
-5.6355,-2.147,0,131
-5.6355,1.853,1,131
-5.6355,0.85295,1,131
-5.6355,-3.147,0,131
3.3645,-2.147,0,131
-5.6355,4.853,0,131
2.3645,-4.147,1,133
3.3645,-1.147,1,133
3.3645,0.85295,1,133
2.3645,-4.147,1,133
2.3645,-4.147,1,133
-4.6355,-1.147,1,133
3.3645,-1.147,0,133
3.3645,0.85295,1,133
-4.6355,-0.14705,1,133
3.3645,-0.14705,1,133
2.3645,-0.14705,1,133
2.3645,-0.14705,1,133
3.3645,-0.14705,1,133
2.3645,-0.14705,1,133
3.3645,-4.147,1,134
2.3645,-4.147,1,134
-4.6355,-1.147,1,134
3.3645,-0.14705,1,134
3.3645,-3.147,1,136
-5.6355,-4.147,1,136
-4.6355,-4.147,1,136
2.3645,-3.147,1,136
2.3645,-3.147,1,136
3.3645,-3.147,1,136
3.3645,-3.147,1,136
2.3645,-3.147,1,136
2.3645,-3.147,1,136
3.3645,-3.147,1,136
-5.6355,-3.147,0,136
2.3645,-2.147,1,136
-5.6355,-2.147,1,136
-5.6355,-1.147,0,136
3.3645,-4.147,1,136
-5.6355,-4.147,1,136
-4.6355,-4.147,1,136
-5.6355,-1.147,0,136
-5.6355,-2.147,1,136
2.3645,-2.147,1,136
2.3645,-2.147,1,136
-3.6355,-1.147,0,136
-5.6355,-4.147,0,136
-4.6355,-4.147,1,136
3.3645,-0.14705,1,136
2.3645,-0.14705,1,136
2.3645,-0.14705,1,136
2.3645,-0.14705,1,136
2.3645,-0.14705,0,136
3.3645,-0.14705,1,136
3.3645,-0.14705,1,136
3.3645,-0.14705,1,136
2.3645,-0.14705,1,136
-4.6355,3.853,1,137
3.3645,2.853,0,137
-4.6355,0.85295,1,137
-4.6355,0.85295,0,137
-4.6355,-0.14705,1,137
-4.6355,-0.14705,1,137
-4.6355,0.85295,1,137
-5.6355,2.853,1,137
3.3645,2.853,0,137
2.3645,0.85295,1,137
3.3645,-1.147,0,137
-4.6355,4.853,1,137
-4.6355,-1.147,0,137
2.3645,1.853,1,137
-5.6355,1.853,0,137
-5.6355,-4.147,0,137
-5.6355,4.853,0,137
-4.6355,2.853,1,137
-4.6355,0.85295,1,137
-4.6355,-0.14705,0,137
-4.6355,-3.147,1,137
-5.6355,1.853,0,137
-5.6355,0.85295,0,137
3.3645,1.853,0,137
2.3645,4.853,0,137
-5.6355,-0.14705,0,137
-4.6355,4.853,1,137
-4.6355,4.853,0,137
-4.6355,-3.147,1,137
2.3645,-1.147,0,137
-5.6355,-2.147,1,137
3.3645,1.853,0,137
3.3645,4.853,0,137
2.3645,-2.147,0,137
-5.6355,3.853,1,137
3.3645,3.853,1,137
-4.6355,-4.147,1,137
2.3645,-4.147,1,137
3.3645,-4.147,1,137
-5.6355,-1.147,0,138
-5.6355,-3.147,1,138
-5.6355,3.853,0,138
3.3645,-3.147,1,138
2.3645,2.853,1,138
2.3645,-2.147,1,138
3.3645,-2.147,1,138
2.3645,-2.147,1,138
2.3645,1.853,1,138
-5.6355,-2.147,1,138
-5.6355,-1.147,0,138
3.3645,3.853,1,139
2.3645,3.853,1,139
2.3645,3.853,1,139
3.3645,3.853,1,139
2.3645,3.853,0,139
3.3645,0.85295,0,139
2.3645,0.85295,1,139
2.3645,0.85295,1,139
-4.6355,0.85295,1,139
-4.6355,0.85295,1,139
-4.6355,0.85295,1,139
-4.6355,0.85295,1,139
-4.6355,0.85295,1,139
-4.6355,0.85295,1,139
3.3645,0.85295,1,139
3.3645,0.85295,1,139
-4.6355,0.85295,1,139
2.3645,-2.147,1,139
2.3645,-2.147,1,139
3.3645,-2.147,1,139
2.3645,-0.14705,1,140
-5.6355,-0.14705,1,140
2.3645,-3.147,1,140
-4.6355,-3.147,1,140
3.3645,-3.147,1,140
2.3645,-3.147,1,140
2.3645,-3.147,1,140
2.3645,-3.147,1,140
2.3645,0.85295,1,140
3.3645,0.85295,1,140
3.3645,0.85295,1,140
3.3645,0.85295,1,140
3.3645,0.85295,1,140
2.3645,0.85295,1,140
3.3645,0.85295,1,140
2.3645,0.85295,1,140
3.3645,0.85295,1,140
-4.6355,-1.147,1,140
-4.6355,-2.147,0,140
-4.6355,-3.147,1,140
-4.6355,-3.147,0,140
2.3645,-3.147,1,140
3.3645,-0.14705,1,140
2.3645,-0.14705,1,140
2.3645,-0.14705,1,140
2.3645,-0.14705,1,140
2.3645,-0.14705,1,140
-4.6355,-3.147,1,140
-4.6355,2.853,0,141
3.3645,-4.147,1,141
2.3645,-4.147,1,141
2.3645,-4.147,1,141
2.3645,-1.147,1,141
-5.6355,-1.147,0,141
3.3645,-3.147,1,141
2.3645,-3.147,1,141
3.3645,-0.14705,1,141
2.3645,-2.147,1,141
-5.6355,-2.147,0,141
3.3645,-4.147,1,141
2.3645,-2.147,0,141
-5.6355,3.853,1,141
-4.6355,0.85295,1,142
2.3645,-0.14705,1,142
3.3645,-0.14705,1,142
3.3645,-0.14705,1,142
3.3645,-0.14705,1,142
3.3645,-0.14705,1,142
3.3645,-0.14705,1,142
-5.6355,-0.14705,0,142
2.3645,3.853,1,142
3.3645,3.853,1,142
3.3645,-3.147,1,142
-4.6355,-3.147,0,142
2.3645,2.853,0,142
-4.6355,3.853,1,142
3.3645,-4.147,1,142
3.3645,-4.147,1,142
-4.6355,-4.147,0,142
3.3645,2.853,1,143
2.3645,-0.14705,1,143
3.3645,3.853,1,143
2.3645,3.853,1,143
2.3645,1.853,1,143
2.3645,1.853,1,143
3.3645,1.853,0,143
-4.6355,4.853,0,143
2.3645,-3.147,0,143
3.3645,3.853,0,143
3.3645,-0.14705,0,143
3.3645,-1.147,0,143
-5.6355,0.85295,0,144
3.3645,-1.147,0,144
2.3645,-2.147,1,146
-4.6355,-0.14705,0,146
2.3645,3.853,0,146
-5.6355,-0.14705,1,146
-5.6355,-0.14705,0,146
-5.6355,-3.147,0,146
-4.6355,-2.147,0,146
-5.6355,-3.147,1,146
2.3645,-3.147,0,146
3.3645,3.853,0,146
3.3645,2.853,1,148
3.3645,3.853,0,148
2.3645,0.85295,1,148
3.3645,-3.147,1,148
2.3645,-4.147,0,148
-5.6355,-0.14705,1,148
3.3645,2.853,1,148
3.3645,2.853,0,148
2.3645,4.853,0,148
3.3645,2.853,0,148
2.3645,4.853,1,148
2.3645,-2.147,0,148
3.3645,-4.147,1,148
2.3645,-2.147,1,149
3.3645,-2.147,1,149
3.3645,-2.147,1,149
3.3645,4.853,1,149
-5.6355,-0.14705,0,149
3.3645,-4.147,1,149
-4.6355,-0.14705,0,149
2.3645,-0.14705,0,149
2.3645,0.85295,1,149
2.3645,-2.147,0,149
-4.6355,3.853,1,149
3.3645,-0.14705,0,149
3.3645,3.853,1,149
3.3645,0.85295,1,149
2.3645,0.85295,1,149
2.3645,0.85295,0,149
-5.6355,1.853,0,149
-5.6355,-4.147,1,149
-5.6355,-4.147,1,149
2.3645,2.853,1,149
2.3645,2.853,1,149
3.3645,0.85295,1,150
3.3645,0.85295,1,150
2.3645,0.85295,1,150
2.3645,0.85295,1,150
3.3645,0.85295,1,150
-5.6355,0.85295,0,150
-4.6355,-3.147,0,150
-5.6355,0.85295,1,150
2.3645,3.853,1,150
3.3645,3.853,1,150
3.3645,3.853,1,150
2.3645,3.853,1,150
3.3645,3.853,1,150
3.3645,3.853,1,150
2.3645,3.853,1,150
2.3645,-1.147,1,150
3.3645,-1.147,1,150
3.3645,-1.147,1,150
-5.6355,-1.147,0,150
-5.6355,-4.147,0,150
-4.6355,3.853,1,150
-4.6355,4.853,0,150
2.3645,1.853,0,150
-4.6355,-2.147,0,150
-4.6355,-3.147,0,150
2.3645,-2.147,1,150
2.3645,-2.147,1,150
-4.6355,-2.147,0,150
-4.6355,4.853,0,150
3.3645,-1.147,1,151
2.3645,-0.14705,1,151
-5.6355,-0.14705,1,151
-5.6355,-0.14705,0,151
-4.6355,-0.14705,1,151
-4.6355,-0.14705,0,151
-4.6355,-2.147,1,151
3.3645,2.853,0,151
3.3645,2.853,0,151
3.3645,1.853,1,151
2.3645,3.853,1,151
3.3645,3.853,1,151
-5.6355,-0.14705,1,152
-4.6355,-0.14705,1,152
-4.6355,-2.147,0,152
2.3645,-3.147,0,152
2.3645,3.853,1,152
3.3645,-0.14705,1,152
2.3645,-0.14705,1,152
2.3645,-0.14705,0,152
2.3645,0.85295,1,152
2.3645,-0.14705,1,152
3.3645,-3.147,1,152
3.3645,-3.147,1,152
3.3645,-3.147,1,152
3.3645,-3.147,1,152
-5.6355,-3.147,0,152
2.3645,0.85295,1,152
2.3645,0.85295,1,152
2.3645,0.85295,1,152
2.3645,-2.147,1,153
2.3645,-2.147,0,153
-4.6355,0.85295,1,153
-5.6355,0.85295,0,153
3.3645,-2.147,1,153
-5.6355,-2.147,1,153
2.3645,-1.147,1,153
3.3645,-1.147,1,153
3.3645,-3.147,1,153
2.3645,-3.147,1,153
2.3645,-3.147,1,153
3.3645,-3.147,1,153
2.3645,-3.147,1,153
2.3645,-3.147,1,153
-5.6355,-4.147,0,153
3.3645,-1.147,1,153
3.3645,-1.147,1,153
-4.6355,-1.147,0,153
2.3645,-2.147,1,154
2.3645,1.853,0,154
2.3645,3.853,1,154
3.3645,3.853,1,154
3.3645,3.853,1,154
3.3645,-4.147,0,154
3.3645,0.85295,1,154
3.3645,0.85295,0,154
-5.6355,-2.147,0,154
-4.6355,1.853,0,154
-4.6355,-2.147,0,154
-4.6355,-0.14705,0,154
-5.6355,-3.147,1,154
3.3645,-3.147,1,154
-4.6355,-4.147,0,155
2.3645,-3.147,1,155
3.3645,-2.147,1,155
2.3645,-2.147,1,155
2.3645,-2.147,1,155
3.3645,0.85295,1,155
2.3645,0.85295,1,155
2.3645,0.85295,1,155
3.3645,0.85295,1,155
2.3645,-3.147,1,155
3.3645,-3.147,1,155
-5.6355,-0.14705,1,155
-4.6355,-3.147,0,155
-4.6355,-2.147,1,155
3.3645,0.85295,0,155
3.3645,-0.14705,0,155
2.3645,4.853,1,155
-5.6355,-2.147,1,155
-5.6355,2.853,0,157
-5.6355,0.85295,0,157
-4.6355,-1.147,0,157
-4.6355,-2.147,1,157
3.3645,-0.14705,1,157
2.3645,0.85295,1,157
3.3645,-1.147,1,157
2.3645,-0.14705,1,157
2.3645,-0.14705,1,157
2.3645,-0.14705,1,157
2.3645,-0.14705,1,157
2.3645,-0.14705,1,157
3.3645,-0.14705,1,157
2.3645,-2.147,0,157
3.3645,-2.147,0,157
3.3645,-3.147,1,158
2.3645,0.85295,1,158
-4.6355,0.85295,0,158
3.3645,-3.147,1,158
-4.6355,2.853,0,158
3.3645,2.853,0,158
-5.6355,-1.147,1,160
-4.6355,-1.147,0,160
3.3645,-0.14705,0,160
-5.6355,-1.147,0,160
2.3645,-2.147,0,160
-4.6355,3.853,0,160
-4.6355,-3.147,1,161
-4.6355,-3.147,0,161
-4.6355,-3.147,0,161
-4.6355,-1.147,1,161
3.3645,-2.147,1,161
2.3645,-2.147,1,161
3.3645,-2.147,1,161
-4.6355,-1.147,1,161
3.3645,1.853,1,161
2.3645,1.853,1,161
2.3645,1.853,1,161
3.3645,-3.147,1,161
3.3645,-3.147,1,161
2.3645,4.853,1,162
-5.6355,-4.147,0,163
-5.6355,0.85295,0,163
-5.6355,3.853,0,163
2.3645,-0.14705,0,163
2.3645,4.853,0,164
3.3645,4.853,0,164
-5.6355,2.853,1,164
-4.6355,-3.147,1,164
-5.6355,-3.147,0,164
-5.6355,-2.147,1,164
-4.6355,-3.147,0,164
3.3645,2.853,0,164
3.3645,4.853,0,164
2.3645,3.853,0,164
-4.6355,0.85295,1,164
-4.6355,-2.147,0,164
3.3645,1.853,0,164
-4.6355,-0.14705,0,164
3.3645,-0.14705,1,165
2.3645,-0.14705,1,165
2.3645,3.853,1,165
-5.6355,-4.147,1,165
-5.6355,-1.147,1,165
2.3645,2.853,1,165
2.3645,2.853,1,165
3.3645,2.853,1,165
3.3645,1.853,1,165
-5.6355,-3.147,1,165
-5.6355,1.853,1,165
-4.6355,0.85295,1,165
-5.6355,0.85295,0,165
-5.6355,-3.147,1,165
-4.6355,-3.147,1,165
-5.6355,-2.147,1,165
2.3645,-2.147,1,165
3.3645,-2.147,1,165
2.3645,-0.14705,1,165
2.3645,-3.147,1,165
2.3645,-3.147,1,165
2.3645,-3.147,1,165
3.3645,-0.14705,1,165
-5.6355,1.853,1,166
2.3645,2.853,1,166
2.3645,2.853,0,166
-5.6355,-1.147,1,166
3.3645,-0.14705,1,166
2.3645,-0.14705,1,166
2.3645,-0.14705,1,166
3.3645,-0.14705,0,166
2.3645,-2.147,0,166
3.3645,3.853,0,166
-5.6355,4.853,1,166
-5.6355,1.853,0,166
2.3645,0.85295,0,166
-4.6355,3.853,0,166
-5.6355,-3.147,1,166
2.3645,-3.147,1,166
-5.6355,0.85295,1,166
3.3645,0.85295,1,166
3.3645,-1.147,1,166
2.3645,-1.147,1,166
3.3645,-4.147,1,166
2.3645,-4.147,1,166
-4.6355,-1.147,0,167
2.3645,-4.147,1,167
2.3645,1.853,1,167
2.3645,-2.147,1,167
3.3645,3.853,1,167
2.3645,3.853,1,167
3.3645,3.853,1,167
2.3645,-2.147,1,167
-5.6355,-2.147,1,167
2.3645,-2.147,1,167
-5.6355,-2.147,0,167
2.3645,-4.147,1,167
-5.6355,-4.147,0,167
-4.6355,-4.147,1,167
2.3645,1.853,1,168
-4.6355,-4.147,1,168
-4.6355,-2.147,1,168
3.3645,2.853,0,168
-4.6355,-0.14705,0,168
2.3645,-3.147,1,168
-4.6355,-3.147,1,168
-5.6355,-3.147,1,168
-5.6355,-3.147,1,168
3.3645,2.853,0,168
2.3645,2.853,1,168
3.3645,-3.147,1,168
-4.6355,0.85295,1,168
3.3645,0.85295,0,168
3.3645,4.853,0,168
2.3645,4.853,1,168
2.3645,2.853,1,168
3.3645,4.853,0,168
-5.6355,-4.147,1,168
-5.6355,-3.147,1,169
-4.6355,-4.147,1,169
-5.6355,1.853,0,169
2.3645,4.853,1,169
-5.6355,4.853,1,169
3.3645,-1.147,1,169
3.3645,-3.147,1,169
2.3645,-3.147,1,169
2.3645,-1.147,0,169
3.3645,-2.147,0,169
2.3645,1.853,1,169
3.3645,3.853,0,169
-4.6355,-2.147,1,169
-5.6355,-1.147,1,169
-5.6355,-4.147,1,170
2.3645,-2.147,0,170
-5.6355,3.853,0,170
-4.6355,3.853,0,170
2.3645,1.853,1,170
2.3645,3.853,1,170
2.3645,-1.147,1,170
3.3645,-1.147,1,170
2.3645,-1.147,1,170
2.3645,0.85295,0,170
2.3645,3.853,1,170
3.3645,-2.147,1,170
2.3645,3.853,1,170
3.3645,-1.147,1,170
-4.6355,-2.147,1,170
2.3645,-4.147,1,170
3.3645,3.853,1,170
3.3645,-0.14705,0,170
2.3645,4.853,1,170
2.3645,4.853,1,170
2.3645,3.853,0,170
2.3645,-1.147,1,170
3.3645,2.853,0,171
3.3645,2.853,0,171
-4.6355,-3.147,0,171
3.3645,-3.147,1,171
2.3645,-3.147,1,171
2.3645,-3.147,0,171
2.3645,3.853,1,171
-4.6355,3.853,0,171
3.3645,3.853,1,171
-4.6355,-1.147,0,171
-5.6355,-3.147,0,171
3.3645,-3.147,1,171
2.3645,-4.147,1,171
-4.6355,-2.147,0,172
2.3645,-3.147,1,172
2.3645,-1.147,1,172
2.3645,-1.147,1,172
3.3645,-1.147,1,172
3.3645,-1.147,1,172
3.3645,-1.147,1,172
2.3645,-1.147,1,172
3.3645,-1.147,1,172
2.3645,-2.147,1,172
2.3645,-2.147,1,172
-5.6355,-2.147,0,172
2.3645,-4.147,1,172
2.3645,-4.147,1,172
2.3645,-4.147,1,172
2.3645,-4.147,1,172
3.3645,2.853,1,172
3.3645,2.853,1,172
2.3645,3.853,1,172
2.3645,3.853,1,172
-5.6355,-3.147,0,172
3.3645,-0.14705,1,172
-5.6355,-0.14705,1,172
-4.6355,-3.147,1,173
-4.6355,-3.147,1,173
3.3645,2.853,0,173
2.3645,4.853,0,173
2.3645,3.853,0,173
2.3645,3.853,1,173
2.3645,-0.14705,0,173
2.3645,3.853,1,173
2.3645,2.853,0,173
2.3645,4.853,1,173
-4.6355,-0.14705,0,173
3.3645,-1.147,1,173
2.3645,-1.147,1,173
2.3645,2.853,1,173
2.3645,2.853,0,173
3.3645,3.853,0,173
3.3645,4.853,1,173
2.3645,0.85295,1,173
3.3645,-0.14705,0,174
3.3645,-1.147,0,174
3.3645,3.853,0,174
-5.6355,-3.147,0,174
-4.6355,-1.147,1,174
-5.6355,-0.14705,1,174
3.3645,-1.147,1,174
3.3645,-0.14705,1,174
3.3645,3.853,1,174
3.3645,3.853,1,174
2.3645,3.853,1,174
2.3645,3.853,1,174
2.3645,3.853,1,174
3.3645,3.853,1,174
2.3645,3.853,1,174
2.3645,3.853,1,174
-4.6355,-0.14705,1,175
2.3645,-0.14705,0,175
3.3645,-1.147,1,175
-5.6355,0.85295,0,175
-5.6355,-3.147,1,175
3.3645,-2.147,1,175
3.3645,0.85295,0,175
2.3645,-3.147,1,175
2.3645,-3.147,1,175
2.3645,3.853,0,175
3.3645,3.853,1,175
2.3645,4.853,1,175
2.3645,4.853,0,175
-4.6355,0.85295,0,175
-4.6355,-3.147,1,175
-4.6355,1.853,0,175
3.3645,-2.147,0,177
3.3645,2.853,1,177
2.3645,2.853,1,177
3.3645,2.853,1,177
2.3645,2.853,1,177
3.3645,1.853,0,177
3.3645,1.853,0,177
2.3645,-3.147,1,177
3.3645,1.853,1,177
3.3645,-3.147,1,177
2.3645,-3.147,1,177
2.3645,-3.147,1,177
3.3645,2.853,1,177
2.3645,-1.147,1,177
-5.6355,-2.147,0,177
-5.6355,-3.147,1,177
-4.6355,-4.147,0,177
2.3645,-2.147,1,177
-5.6355,-2.147,1,177
3.3645,-2.147,0,177
-4.6355,-0.14705,1,177
-5.6355,1.853,0,177
3.3645,-0.14705,1,178
2.3645,-1.147,1,178
3.3645,-1.147,1,178
2.3645,-1.147,1,178
2.3645,-1.147,1,178
3.3645,-1.147,1,178
2.3645,-1.147,1,178
-4.6355,-1.147,1,178
3.3645,4.853,1,179
-4.6355,4.853,0,179
2.3645,-1.147,0,179
2.3645,3.853,1,179
3.3645,3.853,1,179
3.3645,3.853,0,179
3.3645,-0.14705,0,179
2.3645,4.853,0,179
-4.6355,-0.14705,0,179
-4.6355,-4.147,1,179
-4.6355,-2.147,1,181
2.3645,-2.147,1,181
-4.6355,-3.147,0,181
3.3645,4.853,1,181
2.3645,-0.14705,1,181
2.3645,0.85295,1,181
3.3645,2.853,0,181
3.3645,-1.147,0,181
3.3645,-1.147,1,182
-5.6355,-1.147,0,182
-5.6355,-4.147,1,182
2.3645,-3.147,1,182
2.3645,-3.147,1,182
2.3645,-3.147,1,182
-5.6355,-3.147,1,182
-4.6355,-0.14705,1,182
2.3645,-0.14705,1,182
3.3645,-0.14705,1,182
3.3645,-0.14705,1,182
3.3645,-0.14705,1,182
2.3645,-0.14705,1,182
2.3645,-0.14705,1,182
2.3645,-0.14705,1,182
3.3645,-0.14705,1,182
3.3645,-0.14705,1,182
3.3645,-0.14705,1,182
-5.6355,-0.14705,0,182
-5.6355,-3.147,0,182
-5.6355,-4.147,1,182
3.3645,1.853,1,183
-4.6355,1.853,1,183
2.3645,3.853,1,183
3.3645,-1.147,1,183
2.3645,-1.147,1,183
3.3645,2.853,0,183
3.3645,4.853,0,183
2.3645,4.853,1,183
-4.6355,4.853,0,183
2.3645,-0.14705,1,183
2.3645,-0.14705,1,183
2.3645,-0.14705,1,183
2.3645,-0.14705,0,183
2.3645,2.853,1,183
3.3645,-1.147,1,183
2.3645,-1.147,1,183
-4.6355,-0.14705,0,184
-5.6355,1.853,1,184
2.3645,3.853,0,184
2.3645,1.853,0,185
2.3645,3.853,0,185
2.3645,0.85295,0,185
3.3645,1.853,0,185
-4.6355,4.853,0,185
-5.6355,1.853,0,185
-5.6355,-2.147,1,185
3.3645,-1.147,1,185
-5.6355,-1.147,0,185
-5.6355,-4.147,0,185
2.3645,-4.147,1,185
2.3645,-4.147,1,185
2.3645,-4.147,1,185
-4.6355,-4.147,1,185
3.3645,-0.14705,1,185
3.3645,-0.14705,1,185
3.3645,-1.147,1,185
2.3645,-1.147,1,185
2.3645,-1.147,1,185
2.3645,-1.147,1,185
3.3645,-1.147,1,185
3.3645,-1.147,1,185
3.3645,-0.14705,1,186
2.3645,-0.14705,1,186
2.3645,-0.14705,1,186
-4.6355,-0.14705,1,186
2.3645,-0.14705,1,186
2.3645,-0.14705,1,186
3.3645,-0.14705,1,186
2.3645,-0.14705,1,186
3.3645,-0.14705,1,186
3.3645,-0.14705,1,186
3.3645,-0.14705,1,186
3.3645,-0.14705,1,186
3.3645,-0.14705,1,186
-4.6355,-0.14705,1,186
3.3645,-0.14705,1,186
2.3645,-0.14705,1,186
-5.6355,-0.14705,1,186
-4.6355,-0.14705,1,186
3.3645,-0.14705,1,186
-4.6355,-0.14705,1,186
3.3645,-0.14705,1,186
3.3645,-0.14705,1,186
2.3645,-0.14705,1,186
3.3645,-0.14705,1,186
-5.6355,-2.147,0,187
3.3645,2.853,1,187
2.3645,0.85295,0,187
2.3645,3.853,1,187
3.3645,3.853,1,187
-4.6355,3.853,1,187
-5.6355,-4.147,1,187
2.3645,-4.147,1,187
2.3645,-4.147,1,187
2.3645,-1.147,1,187
-4.6355,-0.14705,0,187
-5.6355,-0.14705,1,187
2.3645,-1.147,1,187
2.3645,-1.147,0,187
2.3645,3.853,1,187
2.3645,3.853,1,187
3.3645,3.853,0,187
2.3645,3.853,1,188
-5.6355,3.853,1,188
3.3645,-0.14705,0,188
-4.6355,1.853,0,188
-5.6355,3.853,0,188
2.3645,3.853,0,188
-4.6355,-4.147,1,188
2.3645,4.853,1,188
2.3645,4.853,1,188
3.3645,4.853,1,188
-5.6355,2.853,0,188
3.3645,0.85295,0,188
-4.6355,-0.14705,1,189
3.3645,-0.14705,1,189
2.3645,-0.14705,1,189
2.3645,-0.14705,1,189
3.3645,-0.14705,1,189
3.3645,-2.147,1,189
3.3645,-2.147,0,189
2.3645,0.85295,1,189
-5.6355,0.85295,0,189
2.3645,-4.147,1,189
-4.6355,-4.147,0,189
-4.6355,-2.147,0,189
2.3645,-3.147,1,189
-4.6355,-3.147,1,189
3.3645,-3.147,1,189
-5.6355,-3.147,1,189
2.3645,-1.147,1,189
2.3645,-0.14705,0,190
3.3645,0.85295,1,190
-4.6355,-4.147,0,190
-4.6355,-2.147,1,190
2.3645,-3.147,1,190
3.3645,-3.147,0,190
3.3645,2.853,0,190
2.3645,-1.147,1,190
3.3645,-4.147,1,190
2.3645,-4.147,1,190
3.3645,2.853,1,190
3.3645,0.85295,0,190
2.3645,-1.147,1,193
-5.6355,-2.147,1,193
3.3645,-0.14705,1,193
-4.6355,3.853,1,193
3.3645,-2.147,1,193
3.3645,-2.147,1,193
2.3645,-1.147,1,193
3.3645,-4.147,0,193
3.3645,-1.147,1,193
2.3645,-1.147,1,193
2.3645,-3.147,1,193
3.3645,-3.147,1,193
3.3645,-3.147,1,193
2.3645,-4.147,1,193
-4.6355,0.85295,1,193
-5.6355,-2.147,1,194
2.3645,1.853,1,194
3.3645,1.853,1,194
-5.6355,-3.147,1,194
3.3645,-3.147,1,194
2.3645,-3.147,1,194
2.3645,0.85295,0,194
2.3645,-4.147,1,194
2.3645,-4.147,1,194
2.3645,-4.147,1,194
2.3645,-4.147,1,194
3.3645,-4.147,1,194
-4.6355,-4.147,1,194
-4.6355,-1.147,1,194
-5.6355,-1.147,0,194
-5.6355,-4.147,1,194
-4.6355,-4.147,1,194
-5.6355,-3.147,1,194
-5.6355,-4.147,1,194
2.3645,2.853,1,194
3.3645,-0.14705,1,194
2.3645,-0.14705,1,194
-4.6355,2.853,1,194
-4.6355,2.853,0,194
3.3645,-3.147,0,194
3.3645,3.853,0,194
-4.6355,-1.147,1,194
2.3645,-3.147,0,194
2.3645,-3.147,0,194
3.3645,-2.147,1,194
3.3645,-1.147,1,195
3.3645,-1.147,1,195
3.3645,-3.147,1,195
2.3645,-1.147,1,195
3.3645,-1.147,1,195
3.3645,-1.147,1,195
2.3645,-1.147,1,195
2.3645,-1.147,1,195
3.3645,-1.147,1,195
2.3645,-1.147,1,195
3.3645,-0.14705,1,195
3.3645,-0.14705,1,195
3.3645,-0.14705,1,195
-4.6355,-3.147,1,196
2.3645,-3.147,1,196
-4.6355,-3.147,1,196
3.3645,2.853,0,196
3.3645,4.853,1,196
-4.6355,-0.14705,1,196
3.3645,1.853,1,196
-5.6355,1.853,1,196
-5.6355,-0.14705,1,196
-5.6355,-0.14705,1,196
-5.6355,-0.14705,1,196
-5.6355,-0.14705,0,196
2.3645,-0.14705,0,196
3.3645,1.853,1,196
3.3645,-4.147,0,196
3.3645,3.853,1,196
-5.6355,1.853,0,196
-4.6355,-0.14705,1,196
2.3645,2.853,1,197
2.3645,2.853,1,197
-5.6355,2.853,1,197
2.3645,-0.14705,1,197
3.3645,-0.14705,1,197
-5.6355,0.85295,0,197
-5.6355,1.853,0,197
-4.6355,-1.147,1,197
-4.6355,-4.147,1,197
-4.6355,-2.147,1,197
2.3645,1.853,1,197
3.3645,1.853,1,197
-5.6355,-3.147,1,197
2.3645,0.85295,1,198
2.3645,-1.147,1,198
-5.6355,-1.147,1,198
-5.6355,-1.147,1,198
2.3645,-1.147,1,198
2.3645,-1.147,1,198
3.3645,-1.147,1,198
2.3645,-1.147,1,198
3.3645,-1.147,1,198
2.3645,-1.147,0,198
3.3645,-3.147,1,198
3.3645,-3.147,1,198
2.3645,-3.147,1,198
2.3645,-3.147,1,198
2.3645,-3.147,1,198
3.3645,-3.147,1,198
-4.6355,-4.147,1,198
3.3645,-4.147,1,198
-5.6355,-4.147,0,198
2.3645,-3.147,1,199
2.3645,-3.147,1,199
3.3645,-3.147,1,199
2.3645,-3.147,1,199
2.3645,-3.147,1,199
3.3645,-3.147,1,199
3.3645,-3.147,1,199
3.3645,-3.147,1,199
-4.6355,-3.147,1,199
2.3645,-3.147,1,199
3.3645,-3.147,1,199
2.3645,2.853,1,199
2.3645,-0.14705,0,199
-5.6355,3.853,1,199
-4.6355,3.853,1,199
3.3645,0.85295,0,200
-5.6355,1.853,0,200
-5.6355,-3.147,0,200
-5.6355,-2.147,1,200
-5.6355,0.85295,0,200
2.3645,3.853,1,200
3.3645,3.853,1,200
2.3645,3.853,1,200
3.3645,3.853,1,200
2.3645,3.853,1,200
2.3645,3.853,1,200
-4.6355,-1.147,0,200
-4.6355,-2.147,0,200
-4.6355,-3.147,0,200
-4.6355,-0.14705,1,200
3.3645,-0.14705,1,200
2.3645,-0.14705,1,200
-5.6355,-0.14705,0,200
-4.6355,0.85295,1,201
-4.6355,0.85295,1,201
-5.6355,0.85295,1,201
3.3645,0.85295,1,201
2.3645,0.85295,1,201
3.3645,0.85295,1,201
3.3645,0.85295,1,201
2.3645,0.85295,1,201
-4.6355,0.85295,1,201
-4.6355,0.85295,1,201
-5.6355,0.85295,0,201
-5.6355,0.85295,1,201
-5.6355,0.85295,1,201
-4.6355,0.85295,1,201
-4.6355,0.85295,1,201
2.3645,0.85295,0,201
3.3645,3.853,1,201
2.3645,0.85295,1,201
-4.6355,-0.14705,1,201
3.3645,2.853,1,202
2.3645,2.853,1,202
3.3645,-2.147,1,202
3.3645,-3.147,1,202
-4.6355,-2.147,0,202
-4.6355,-2.147,1,202
-5.6355,0.85295,0,202
2.3645,-0.14705,0,203
3.3645,3.853,0,203
2.3645,3.853,0,203
2.3645,2.853,1,203
-5.6355,4.853,0,203
-4.6355,-4.147,0,203
2.3645,3.853,1,203
2.3645,3.853,0,203
2.3645,-2.147,1,203
2.3645,-0.14705,1,203
-5.6355,-1.147,1,203
3.3645,0.85295,1,203
3.3645,0.85295,1,203
3.3645,-1.147,1,203
3.3645,-1.147,1,203
-4.6355,-3.147,1,204
3.3645,-3.147,1,204
-4.6355,1.853,1,204
2.3645,-2.147,0,204
2.3645,-3.147,0,204
-5.6355,-3.147,0,204
-4.6355,-0.14705,0,204
3.3645,2.853,1,204
3.3645,2.853,0,204
3.3645,4.853,1,204
3.3645,4.853,0,204
3.3645,4.853,1,204
2.3645,3.853,0,204
2.3645,2.853,0,204
2.3645,3.853,0,204
-5.6355,3.853,1,204
3.3645,-0.14705,1,204
2.3645,-0.14705,1,204
2.3645,2.853,0,204
3.3645,2.853,0,204
-5.6355,4.853,0,204
2.3645,4.853,0,204
3.3645,1.853,0,204
2.3645,-4.147,1,205
-4.6355,-4.147,1,205
-4.6355,-3.147,1,205
-5.6355,3.853,1,205
-4.6355,-0.14705,1,205
3.3645,0.85295,1,205
-5.6355,0.85295,1,205
2.3645,0.85295,0,205
2.3645,3.853,1,205
2.3645,1.853,1,205
2.3645,3.853,1,205
3.3645,-0.14705,1,205
2.3645,3.853,1,205
3.3645,-0.14705,1,205
2.3645,0.85295,1,205
-4.6355,1.853,1,205
2.3645,-1.147,1,206
-4.6355,-1.147,1,206
3.3645,-1.147,1,206
3.3645,-1.147,1,206
3.3645,-1.147,1,206
3.3645,-1.147,1,206
3.3645,-1.147,1,206
3.3645,-1.147,1,206
2.3645,-1.147,1,206
2.3645,-0.14705,1,206
-4.6355,-1.147,1,206
-4.6355,3.853,1,206
-5.6355,-1.147,1,206
3.3645,-3.147,1,206
2.3645,-2.147,1,206
-4.6355,3.853,1,206
-4.6355,3.853,1,206
3.3645,-3.147,1,206
-4.6355,-2.147,1,206
-4.6355,-4.147,1,206
-5.6355,-4.147,1,206
3.3645,-0.14705,1,206
2.3645,-0.14705,1,206
2.3645,-1.147,1,206
2.3645,-2.147,1,206
2.3645,-2.147,1,206
2.3645,-3.147,1,206
2.3645,-3.147,1,206
-5.6355,1.853,0,207
2.3645,-1.147,0,207
2.3645,4.853,0,207
-4.6355,-1.147,1,207
-5.6355,-0.14705,1,207
-5.6355,-4.147,1,207
-4.6355,-4.147,1,207
2.3645,-2.147,0,207
-5.6355,2.853,0,207
3.3645,1.853,1,207
-4.6355,1.853,0,207
-4.6355,4.853,1,207
-5.6355,4.853,0,207
-4.6355,4.853,1,207
-5.6355,-1.147,0,207
-4.6355,2.853,1,207
2.3645,4.853,1,208
-5.6355,-2.147,0,208
-4.6355,-4.147,1,208
2.3645,-4.147,1,208
-5.6355,-1.147,1,208
3.3645,-1.147,1,208
3.3645,-1.147,1,208
3.3645,-1.147,0,208
-5.6355,4.853,0,208
2.3645,-4.147,1,208
-5.6355,-3.147,1,208
-4.6355,-3.147,0,208
3.3645,-3.147,1,208
2.3645,-3.147,1,208
3.3645,-3.147,1,208
2.3645,0.85295,0,210
2.3645,2.853,0,210
3.3645,3.853,1,210
-4.6355,-1.147,1,210
3.3645,-2.147,1,210
3.3645,-2.147,1,210
2.3645,-3.147,0,210
2.3645,-3.147,1,210
2.3645,-3.147,1,210
-5.6355,-3.147,0,210
2.3645,-4.147,1,210
2.3645,-4.147,1,210
-4.6355,-3.147,1,211
3.3645,0.85295,1,211
2.3645,0.85295,0,211
2.3645,3.853,1,211
-4.6355,-2.147,1,211
2.3645,0.85295,1,211
2.3645,-4.147,1,211
2.3645,-4.147,0,211
3.3645,3.853,1,211
2.3645,3.853,1,211
2.3645,3.853,1,211
-4.6355,-1.147,1,211
2.3645,2.853,0,211
-4.6355,-0.14705,1,211
3.3645,2.853,1,211
3.3645,3.853,0,211
3.3645,3.853,1,211
-5.6355,-0.14705,0,212
3.3645,-4.147,1,212
2.3645,-4.147,1,212
3.3645,2.853,1,212
3.3645,3.853,0,212
-4.6355,3.853,0,212
2.3645,2.853,1,212
3.3645,1.853,1,212
3.3645,0.85295,0,212
2.3645,4.853,0,212
3.3645,3.853,0,212
-4.6355,-1.147,1,212
-4.6355,-2.147,1,212
-5.6355,-2.147,1,212
2.3645,0.85295,1,212
2.3645,0.85295,1,212
2.3645,-1.147,1,212
3.3645,-0.14705,1,212
-4.6355,2.853,1,212
-4.6355,-3.147,1,212
-4.6355,-3.147,1,212
-5.6355,-0.14705,0,212
-5.6355,0.85295,1,212
-5.6355,0.85295,0,212
-5.6355,-4.147,1,212
-5.6355,-1.147,0,212
2.3645,0.85295,1,212
-4.6355,-2.147,1,213
-4.6355,-2.147,0,213
3.3645,3.853,1,213
3.3645,3.853,1,213
-4.6355,-0.14705,1,213
3.3645,4.853,1,213
3.3645,-3.147,1,213
2.3645,-2.147,1,213
3.3645,-2.147,1,213
-5.6355,1.853,0,213
3.3645,-3.147,0,213
0.36447,-2.147,1,213
-4.6355,-2.147,1,213
3.3645,-3.147,0,213
-1.6355,4.853,1,213
-4.6355,4.853,0,213
2.3645,0.85295,0,214
2.3645,0.85295,0,214
3.3645,3.853,1,214
-5.6355,3.853,0,214
-4.6355,-0.14705,0,214
-4.6355,0.85295,1,214
3.3645,-1.147,0,214
3.3645,4.853,0,214
3.3645,4.853,1,214
2.3645,4.853,1,214
2.3645,4.853,1,214
3.3645,4.853,1,214
-5.6355,1.853,0,214
3.3645,0.85295,0,214
-4.6355,0.85295,0,214
2.3645,0.85295,1,214
-5.6355,0.85295,0,214
3.3645,-1.147,1,214
2.3645,4.853,1,215
3.3645,1.853,1,215
-4.6355,4.853,0,215
-5.6355,4.853,1,215
-5.6355,-2.147,0,215
2.3645,-4.147,1,215
-5.6355,-1.147,0,215
-4.6355,-1.147,1,215
-5.6355,4.853,1,215
2.3645,2.853,0,215
3.3645,2.853,1,215
3.3645,2.853,0,215
-5.6355,-1.147,1,215
-5.6355,-2.147,1,216
-4.6355,-0.14705,0,216
-5.6355,-1.147,1,216
2.3645,-0.14705,1,216
3.3645,-0.14705,1,216
2.3645,-0.14705,1,216
3.3645,-0.14705,1,216
2.3645,-2.147,1,216
3.3645,-3.147,1,216
2.3645,-3.147,1,216
2.3645,-3.147,0,216
3.3645,3.853,1,216
2.3645,-0.14705,1,216
2.3645,-0.14705,1,216
2.3645,-3.147,1,216
3.3645,-3.147,1,216
2.3645,-3.147,1,216
-5.6355,-3.147,0,216
3.3645,-0.14705,1,217
3.3645,-0.14705,0,217
2.3645,1.853,0,217
2.3645,1.853,0,217
2.3645,3.853,0,217
2.3645,3.853,0,217
3.3645,1.853,0,217
2.3645,0.85295,0,217
3.3645,3.853,1,217
-4.6355,4.853,0,217
2.3645,-1.147,0,217
-4.6355,-2.147,0,217
-4.6355,-3.147,0,217
-4.6355,-1.147,0,217
-5.6355,-1.147,0,217
2.3645,-2.147,1,218
2.3645,-2.147,1,218
3.3645,-2.147,1,218
3.3645,-2.147,1,218
2.3645,-2.147,1,218
-5.6355,-1.147,0,218
3.3645,-2.147,1,218
-4.6355,-2.147,1,218
-4.6355,-2.147,1,218
-5.6355,-2.147,1,218
-4.6355,-2.147,0,218
-4.6355,-2.147,1,218
-5.6355,-3.147,1,218
-4.6355,-2.147,0,218
3.3645,-3.147,1,218
3.3645,-1.147,1,218
3.3645,-1.147,1,218
2.3645,-1.147,1,218
2.3645,-1.147,1,218
3.3645,-1.147,1,218
3.3645,3.853,0,218
2.3645,4.853,1,218
2.3645,4.853,1,218
-4.6355,-2.147,0,218
-4.6355,0.85295,0,219
-4.6355,2.853,0,219
-4.6355,1.853,1,219
-4.6355,-0.14705,1,219
3.3645,3.853,0,219
3.3645,4.853,1,219
-4.6355,3.853,0,219
-5.6355,2.853,0,219
3.3645,-2.147,1,219
-5.6355,3.853,1,219
3.3645,-1.147,0,219
3.3645,2.853,1,219
2.3645,0.85295,0,219
3.3645,3.853,1,219
-5.6355,2.853,1,219
-4.6355,0.85295,1,219
3.3645,3.853,0,221
-4.6355,1.853,0,221
2.3645,-0.14705,0,221
3.3645,0.85295,1,221
3.3645,0.85295,1,221
3.3645,4.853,1,221
3.3645,-3.147,1,221
-4.6355,-3.147,0,221
-5.6355,-3.147,0,221
3.3645,3.853,1,221
3.3645,3.853,0,221
-4.6355,3.853,0,221
-4.6355,-0.14705,0,221
3.3645,2.853,0,221
