0.65588,0,1
-1.3441,1,1
0.65588,0,1
-1.3441,0,1
-1.3441,1,1
1.6559,1,1
0.65588,1,1
0.65588,0,1
-2.3441,0,1
0.65588,1,1
3.6559,1,1
1.6559,1,1
-1.3441,0,1
-3.3441,0,1
-4.3441,0,1
2.6559,1,1
2.6559,1,1
1.6559,1,1
0.65588,1,1
2.6559,1,1
2.6559,0,1
1.6559,1,1
1.6559,1,1
2.6559,1,1
1.6559,1,1
-0.34412,0,1
-0.34412,0,1
-1.3441,0,1
-1.3441,1,1
-5.3441,0,1
-5.3441,1,1
-0.34412,1,1
-3.3441,0,1
-0.34412,1,1
0.65588,1,1
-3.3441,0,1
0.65588,1,1
-0.34412,0,1
-3.3441,1,1
-3.3441,1,1
0.65588,1,1
-2.3441,1,1
-3.3441,0,1
-2.3441,0,1
-1.3441,0,1
-0.34412,0,1
0.65588,0,1
0.65588,1,1
1.6559,1,1
0.65588,1,1
-3.3441,0,1
-4.3441,1,1
-2.3441,1,1
2.6559,1,1
2.6559,1,1
-0.34412,1,1
-2.3441,1,1
1.6559,1,1
0.65588,1,1
1.6559,1,1
-0.34412,1,1
-0.34412,1,1
0.65588,1,1
-0.34412,1,1
0.65588,1,1
-1.3441,1,1
-2.3441,1,1
2.6559,1,1
0.65588,1,1
-5.3441,0,1
-1.3441,1,1
-3.3441,1,1
-3.3441,0,1
-2.3441,0,2
-4.3441,0,2
-3.3441,0,2
-4.3441,1,2
-2.3441,1,2
-1.3441,1,2
0.65588,0,2
2.6559,0,2
0.65588,1,2
-1.3441,1,2
-2.3441,1,2
-3.3441,1,2
-0.34412,0,2
2.6559,1,2
-0.34412,0,2
1.6559,1,2
-0.34412,1,2
1.6559,0,2
0.65588,0,2
3.6559,1,2
2.6559,1,2
3.6559,1,2
0.65588,0,2
0.65588,1,2
-3.3441,0,2
-2.3441,1,2
-1.3441,1,2
-2.3441,1,2
-4.3441,1,2
-5.3441,1,2
-3.3441,1,2
-3.3441,0,2
-4.3441,1,2
-4.3441,1,2
-2.3441,1,2
-4.3441,0,2
-3.3441,0,2
-5.3441,0,2
-2.3441,1,2
-1.3441,0,2
-2.3441,0,2
-2.3441,0,2
1.6559,0,2
0.65588,0,2
3.6559,1,2
0.65588,0,2
-1.3441,0,2
-2.3441,1,2
-3.3441,1,2
-4.3441,0,2
-3.3441,0,2
0.65588,1,2
-4.3441,1,2
3.6559,1,3
-0.34412,1,3
2.6559,1,3
1.6559,1,3
2.6559,0,3
1.6559,1,3
0.65588,1,3
-1.3441,0,3
-1.3441,1,3
-4.3441,1,3
-1.3441,1,3
2.6559,1,3
-0.34412,0,3
1.6559,0,3
0.65588,1,3
-3.3441,1,3
-0.34412,1,3
1.6559,1,3
2.6559,1,3
-2.3441,0,3
-2.3441,0,3
2.6559,0,3
-3.3441,1,3
-3.3441,0,3
2.6559,1,3
2.6559,0,3
2.6559,1,3
-1.3441,0,3
-1.3441,1,3
-0.34412,0,3
1.6559,1,3
-1.3441,0,3
1.6559,0,3
-0.34412,0,3
-2.3441,0,3
-2.3441,1,3
-5.3441,0,3
2.6559,0,3
2.6559,1,3
3.6559,0,3
1.6559,0,3
0.65588,0,3
-4.3441,0,3
-0.34412,0,3
-1.3441,1,3
-1.3441,0,3
2.6559,0,3
-5.3441,0,3
-3.3441,0,3
-2.3441,1,3
-0.34412,1,4
-1.3441,1,4
-0.34412,1,4
-2.3441,0,4
-4.3441,1,4
-3.3441,0,4
-5.3441,1,4
-3.3441,0,4
-4.3441,1,4
2.6559,1,4
1.6559,1,4
-2.3441,1,4
2.6559,0,4
2.6559,1,4
0.65588,0,4
2.6559,0,4
2.6559,1,4
1.6559,1,4
-0.34412,0,4
-1.3441,1,4
-1.3441,0,4
0.65588,1,4
0.65588,0,4
-0.34412,1,4
-2.3441,0,4
-4.3441,1,4
3.6559,0,4
-2.3441,1,4
2.6559,0,4
1.6559,0,4
2.6559,0,4
2.6559,0,4
-1.3441,1,4
-3.3441,1,4
-2.3441,0,4
-4.3441,1,4
-4.3441,1,4
3.6559,1,4
2.6559,0,4
3.6559,1,4
1.6559,1,4
1.6559,1,4
0.65588,1,4
2.6559,1,4
-0.34412,0,4
-1.3441,1,4
-0.34412,1,4
-3.3441,1,4
-2.3441,1,4
-4.3441,0,4
-4.3441,1,4
-4.3441,1,4
-3.3441,1,4
-3.3441,0,5
-4.3441,1,5
-2.3441,0,5
-1.3441,0,5
0.65588,1,5
2.6559,1,5
-0.34412,1,5
-1.3441,1,5
-0.34412,0,5
2.6559,0,5
2.6559,1,5
3.6559,1,5
1.6559,1,5
2.6559,1,5
0.65588,1,5
2.6559,1,5
1.6559,1,5
1.6559,1,5
2.6559,1,5
-3.3441,1,5
-4.3441,0,5
-0.34412,1,5
-3.3441,0,5
-3.3441,1,5
-0.34412,1,5
0.65588,1,5
1.6559,1,5
0.65588,1,5
-1.3441,0,5
-2.3441,1,5
-1.3441,0,5
-1.3441,1,5
-5.3441,0,5
-2.3441,1,5
0.65588,1,5
-0.34412,1,5
-1.3441,1,5
-4.3441,0,5
-2.3441,1,5
-3.3441,1,5
-4.3441,1,5
-4.3441,0,5
-3.3441,1,5
-2.3441,0,5
1.6559,1,5
-3.3441,1,5
-4.3441,1,5
-5.3441,0,5
-4.3441,0,5
-3.3441,0,5
-1.3441,0,5
2.6559,0,7
-0.34412,1,7
-1.3441,0,7
3.6559,1,7
0.65588,1,7
2.6559,0,7
2.6559,0,7
2.6559,0,7
0.65588,0,7
-1.3441,0,7
-0.34412,0,7
-5.3441,0,7
-1.3441,0,7
2.6559,0,7
1.6559,1,7
-1.3441,0,7
-4.3441,0,7
-3.3441,1,7
-5.3441,1,7
1.6559,0,7
3.6559,0,7
0.65588,1,7
-4.3441,1,7
-2.3441,1,7
-3.3441,1,7
0.65588,1,7
-0.34412,1,7
2.6559,0,7
2.6559,1,7
2.6559,0,7
-0.34412,1,7
-1.3441,0,7
-4.3441,1,7
0.65588,1,7
-2.3441,1,7
-0.34412,1,7
-0.34412,1,7
0.65588,1,7
0.65588,0,7
0.65588,1,7
3.6559,1,7
2.6559,1,7
2.6559,0,7
2.6559,0,7
2.6559,1,7
1.6559,0,7
1.6559,0,7
1.6559,0,7
-1.3441,1,7
-4.3441,0,7
-0.34412,0,7
-5.3441,0,7
-0.34412,0,7
-2.3441,1,7
1.6559,0,7
-4.3441,1,8
1.6559,0,8
0.65588,0,8
-2.3441,0,8
-0.34412,1,8
-1.3441,1,8
-1.3441,1,8
-4.3441,0,8
-5.3441,1,8
-4.3441,1,8
-1.3441,0,8
-1.3441,0,8
-3.3441,0,8
-1.3441,0,8
-1.3441,0,8
0.65588,1,8
1.6559,1,8
1.6559,1,8
-0.34412,0,8
2.6559,1,8
2.6559,1,8
2.6559,0,8
0.65588,0,8
2.6559,1,8
3.6559,1,8
1.6559,0,8
2.6559,0,8
2.6559,1,8
2.6559,1,8
0.65588,1,8
2.6559,1,8
1.6559,1,8
-0.34412,0,8
-1.3441,1,8
-4.3441,0,8
-1.3441,1,8
-0.34412,1,8
-2.3441,1,8
-2.3441,1,8
-3.3441,1,8
-2.3441,1,8
-0.34412,0,8
-1.3441,1,8
-1.3441,1,8
-1.3441,1,8
0.65588,1,8
-1.3441,0,8
-2.3441,0,9
-4.3441,0,9
-4.3441,0,9
-4.3441,0,9
-4.3441,0,9
-2.3441,1,9
-5.3441,0,9
-1.3441,0,9
-2.3441,0,9
1.6559,1,9
1.6559,0,9
0.65588,1,9
0.65588,1,9
2.6559,1,9
3.6559,1,9
2.6559,1,9
0.65588,1,9
1.6559,1,9
0.65588,1,9
-1.3441,1,9
-3.3441,1,9
-1.3441,0,9
1.6559,1,9
2.6559,1,9
2.6559,1,9
0.65588,0,9
2.6559,1,9
1.6559,0,9
-2.3441,0,9
0.65588,1,9
-1.3441,1,9
1.6559,1,9
2.6559,1,9
1.6559,1,9
1.6559,1,9
0.65588,1,9
0.65588,1,9
1.6559,1,9
1.6559,1,9
2.6559,1,9
2.6559,1,9
2.6559,1,9
3.6559,1,9
2.6559,1,9
2.6559,1,9
2.6559,1,9
-1.3441,1,9
-0.34412,1,10
-1.3441,1,10
3.6559,1,10
3.6559,0,10
-1.3441,1,10
-3.3441,1,10
-4.3441,0,10
-1.3441,1,10
1.6559,1,10
1.6559,0,10
-3.3441,0,10
-0.34412,0,10
-0.34412,0,10
-0.34412,1,10
0.65588,0,10
-0.34412,0,10
-1.3441,0,10
2.6559,0,10
1.6559,1,10
2.6559,1,10
3.6559,0,10
2.6559,1,10
2.6559,1,10
3.6559,0,10
2.6559,0,10
3.6559,0,10
2.6559,0,10
0.65588,1,10
2.6559,1,10
1.6559,0,10
1.6559,1,10
1.6559,1,10
2.6559,0,10
-0.34412,0,10
1.6559,1,10
1.6559,0,10
1.6559,1,10
2.6559,1,10
-0.34412,1,10
0.65588,1,10
-0.34412,1,10
-0.34412,0,10
-0.34412,0,10
1.6559,0,10
1.6559,0,10
-0.34412,0,10
-1.3441,1,10
-3.3441,0,10
-4.3441,1,10
-0.34412,1,10
-3.3441,0,10
-1.3441,1,10
0.65588,1,10
3.6559,1,10
-0.34412,1,10
-3.3441,0,10
0.65588,1,10
-1.3441,0,10
-0.34412,0,10
-1.3441,1,10
1.6559,1,10
3.6559,1,10
2.6559,0,10
2.6559,1,10
-0.34412,0,10
-1.3441,1,10
-0.34412,1,10
-3.3441,0,10
-0.34412,0,10
-4.3441,0,10
-3.3441,1,10
1.6559,1,10
-0.34412,1,10
-2.3441,1,10
-0.34412,1,10
1.6559,1,10
2.6559,1,10
2.6559,1,10
0.65588,1,10
0.65588,1,10
0.65588,1,10
0.65588,0,10
-1.3441,0,10
-2.3441,1,10
3.6559,1,10
2.6559,1,10
0.65588,1,10
2.6559,0,10
-2.3441,1,10
3.6559,0,11
-1.3441,0,11
-0.34412,1,11
0.65588,1,11
2.6559,1,11
0.65588,1,11
0.65588,1,11
1.6559,1,11
-0.34412,1,11
0.65588,1,11
1.6559,1,11
0.65588,1,11
0.65588,1,11
1.6559,1,11
-0.34412,1,11
-0.34412,1,11
-1.3441,1,11
-1.3441,1,11
-1.3441,1,11
-2.3441,0,11
-3.3441,1,11
-4.3441,0,11
-3.3441,1,11
-3.3441,0,11
-1.3441,0,11
0.65588,0,11
2.6559,1,11
1.6559,1,11
2.6559,1,11
0.65588,1,11
1.6559,1,11
1.6559,1,11
-1.3441,0,11
-1.3441,1,11
-1.3441,1,13
1.6559,1,13
0.65588,0,13
3.6559,1,13
2.6559,1,13
2.6559,1,13
3.6559,1,13
0.65588,1,13
2.6559,1,13
2.6559,1,13
3.6559,1,13
2.6559,1,13
1.6559,1,13
1.6559,1,13
3.6559,1,13
2.6559,1,13
1.6559,1,13
1.6559,1,13
1.6559,1,13
2.6559,1,13
0.65588,1,13
-0.34412,1,13
1.6559,1,13
-0.34412,1,13
-0.34412,1,13
-1.3441,0,13
0.65588,1,13
-0.34412,1,13
-1.3441,0,13
-0.34412,1,13
2.6559,1,13
1.6559,1,13
-1.3441,0,13
-5.3441,0,13
0.65588,1,13
-2.3441,1,13
2.6559,1,13
1.6559,1,13
0.65588,1,13
-1.3441,0,13
-2.3441,0,13
-2.3441,1,13
-1.3441,1,13
0.65588,1,13
2.6559,1,13
2.6559,1,13
2.6559,1,13
3.6559,1,13
2.6559,1,13
2.6559,1,13
2.6559,1,13
1.6559,1,13
2.6559,1,13
3.6559,1,13
2.6559,1,13
2.6559,1,13
0.65588,1,13
-0.34412,1,13
-0.34412,1,13
-0.34412,1,13
1.6559,1,13
-0.34412,1,13
-2.3441,1,13
1.6559,1,13
2.6559,1,13
3.6559,1,13
3.6559,1,13
1.6559,1,13
0.65588,1,13
-1.3441,1,13
0.65588,1,13
2.6559,1,13
-0.34412,1,13
-1.3441,1,13
3.6559,1,13
2.6559,1,13
3.6559,1,13
1.6559,1,13
0.65588,1,13
1.6559,1,13
3.6559,1,13
2.6559,1,13
-2.3441,1,13
3.6559,1,14
1.6559,1,14
2.6559,0,14
2.6559,1,14
1.6559,0,14
1.6559,1,14
0.65588,1,14
-1.3441,1,14
-3.3441,1,14
-2.3441,0,14
-2.3441,1,14
-4.3441,0,14
0.65588,1,14
-1.3441,0,14
2.6559,1,14
2.6559,1,14
2.6559,1,14
-0.34412,0,14
-2.3441,0,14
-2.3441,0,14
0.65588,1,14
1.6559,1,14
2.6559,1,14
3.6559,1,14
2.6559,1,14
1.6559,1,14
-0.34412,0,14
3.6559,1,14
2.6559,1,14
3.6559,1,14
2.6559,1,14
0.65588,1,14
2.6559,1,14
1.6559,1,14
1.6559,1,14
-0.34412,0,14
-5.3441,0,14
-3.3441,0,14
-1.3441,0,14
-3.3441,0,14
-2.3441,1,14
2.6559,1,14
-0.34412,0,14
-3.3441,1,14
-4.3441,1,14
1.6559,1,14
-0.34412,0,14
-3.3441,1,14
-4.3441,1,14
-0.34412,1,14
2.6559,1,14
1.6559,1,14
0.65588,1,14
-0.34412,0,14
-3.3441,0,14
-2.3441,0,14
-3.3441,0,14
-1.3441,1,14
-0.34412,1,14
0.65588,1,14
-0.34412,1,14
0.65588,1,14
1.6559,1,14
0.65588,1,14
0.65588,1,14
2.6559,1,14
1.6559,1,14
2.6559,1,14
2.6559,1,14
1.6559,1,14
3.6559,1,14
2.6559,1,14
-1.3441,0,14
0.65588,1,14
-2.3441,1,14
-0.34412,1,14
3.6559,1,14
1.6559,1,14
3.6559,1,14
2.6559,1,14
2.6559,1,14
2.6559,1,14
1.6559,1,14
3.6559,1,14
2.6559,1,14
1.6559,1,14
1.6559,1,14
2.6559,1,14
2.6559,1,14
0.65588,1,14
2.6559,1,14
1.6559,1,14
-1.3441,0,14
-1.3441,1,14
1.6559,1,15
2.6559,0,15
2.6559,0,15
0.65588,1,15
-0.34412,1,15
-2.3441,1,15
0.65588,0,15
1.6559,0,15
-0.34412,1,15
-0.34412,0,15
3.6559,0,15
2.6559,1,15
1.6559,0,15
3.6559,1,15
2.6559,0,15
-0.34412,0,15
-2.3441,1,15
-3.3441,1,15
-4.3441,1,15
-3.3441,0,15
-2.3441,1,15
-4.3441,1,15
-1.3441,0,15
-2.3441,1,15
-3.3441,1,15
-0.34412,1,15
-3.3441,1,15
-1.3441,1,15
0.65588,1,15
0.65588,0,15
-0.34412,1,15
0.65588,1,15
2.6559,0,15
0.65588,1,15
-1.3441,1,15
-1.3441,1,15
-1.3441,1,15
-3.3441,1,15
-4.3441,0,15
-3.3441,1,15
-3.3441,1,15
1.6559,1,15
3.6559,1,15
2.6559,0,15
-1.3441,0,15
1.6559,1,15
2.6559,0,15
1.6559,1,15
0.65588,1,15
1.6559,0,15
2.6559,1,15
-4.3441,1,15
-0.34412,0,15
-0.34412,0,15
-4.3441,1,15
-2.3441,1,15
-3.3441,0,15
-2.3441,1,15
-2.3441,0,15
1.6559,0,15
0.65588,1,15
-1.3441,1,15
-3.3441,0,15
-1.3441,1,15
1.6559,0,15
2.6559,0,15
0.65588,0,15
2.6559,0,15
3.6559,0,15
2.6559,1,15
2.6559,1,15
0.65588,1,15
0.65588,1,15
1.6559,1,15
0.65588,1,15
-2.3441,0,15
-0.34412,0,15
-3.3441,1,15
-2.3441,1,15
-5.3441,1,15
0.65588,1,16
-1.3441,0,16
-3.3441,0,16
-3.3441,1,16
-2.3441,1,16
-3.3441,1,16
-4.3441,0,16
-3.3441,1,16
-1.3441,1,16
-0.34412,1,16
1.6559,1,16
2.6559,1,16
-2.3441,0,16
-2.3441,0,16
-1.3441,1,16
0.65588,0,16
2.6559,1,16
1.6559,1,16
1.6559,1,16
2.6559,1,16
1.6559,1,16
2.6559,1,16
1.6559,0,16
-4.3441,0,16
-0.34412,1,16
-0.34412,1,16
-4.3441,0,16
-2.3441,1,16
-5.3441,1,16
-4.3441,0,16
-3.3441,1,16
-1.3441,0,16
-3.3441,1,16
-5.3441,0,16
-4.3441,1,16
-3.3441,0,16
-4.3441,0,16
-5.3441,1,16
-1.3441,0,16
-2.3441,1,16
-2.3441,0,16
-5.3441,0,16
-1.3441,1,16
-0.34412,1,16
1.6559,1,16
1.6559,1,16
1.6559,1,16
2.6559,1,16
1.6559,1,16
3.6559,1,16
3.6559,1,16
3.6559,1,16
-1.3441,0,16
-3.3441,1,16
-3.3441,0,16
0.65588,1,16
-1.3441,1,16
-1.3441,1,16
-3.3441,1,16
-1.3441,1,16
-3.3441,1,16
0.65588,1,16
-0.34412,1,16
-1.3441,1,16
-1.3441,1,16
-4.3441,0,16
-4.3441,1,16
-2.3441,1,16
-1.3441,1,16
-3.3441,1,16
-4.3441,0,16
-4.3441,1,16
-0.34412,1,16
3.6559,0,16
-0.34412,1,16
-1.3441,1,16
-0.34412,1,16
2.6559,1,16
2.6559,1,16
1.6559,1,16
1.6559,1,17
-0.34412,1,17
1.6559,1,17
3.6559,1,17
3.6559,1,17
1.6559,1,17
-0.34412,1,17
-4.3441,0,17
-2.3441,0,17
-5.3441,1,17
-4.3441,1,17
-3.3441,1,17
-3.3441,1,17
-1.3441,0,17
0.65588,1,17
2.6559,1,17
2.6559,0,17
3.6559,0,17
1.6559,0,17
-1.3441,1,17
-2.3441,1,17
-0.34412,1,17
0.65588,1,17
-1.3441,1,17
-4.3441,1,17
-3.3441,1,17
-1.3441,0,17
-4.3441,0,17
-4.3441,1,17
-4.3441,0,17
-5.3441,0,17
-4.3441,0,17
-1.3441,0,17
-2.3441,0,17
-1.3441,1,17
-1.3441,1,17
-3.3441,0,17
3.6559,1,17
3.6559,1,17
2.6559,1,17
3.6559,1,17
-0.34412,0,17
3.6559,1,17
2.6559,1,17
3.6559,1,17
0.65588,1,17
-0.34412,0,17
-3.3441,0,17
-4.3441,0,17
-0.34412,1,17
2.6559,1,17
1.6559,1,17
3.6559,1,17
0.65588,1,17
1.6559,1,17
1.6559,1,17
-0.34412,1,17
-2.3441,1,17
-0.34412,1,17
-5.3441,1,17
-1.3441,1,17
1.6559,1,17
3.6559,1,17
2.6559,1,17
2.6559,1,17
0.65588,1,17
2.6559,1,17
3.6559,1,17
3.6559,1,17
1.6559,1,17
1.6559,1,17
2.6559,1,17
-0.34412,1,17
-0.34412,1,17
-2.3441,1,17
2.6559,1,19
3.6559,1,19
-2.3441,1,19
-3.3441,0,19
-5.3441,0,19
-3.3441,1,19
-2.3441,0,19
-3.3441,1,19
-3.3441,1,19
-3.3441,1,19
-5.3441,0,19
-3.3441,0,19
-1.3441,0,19
-0.34412,0,19
-0.34412,1,19
-1.3441,0,19
-0.34412,0,19
0.65588,0,19
1.6559,1,19
0.65588,0,19
2.6559,0,19
2.6559,0,19
-2.3441,1,19
-2.3441,0,19
-1.3441,1,19
-2.3441,1,19
1.6559,1,19
0.65588,1,19
1.6559,1,19
1.6559,0,19
-0.34412,1,19
-4.3441,0,19
-4.3441,0,19
-2.3441,0,19
-2.3441,0,19
0.65588,1,19
-0.34412,1,19
-1.3441,1,19
-1.3441,0,19
-1.3441,0,19
-0.34412,0,19
-1.3441,0,19
1.6559,1,19
0.65588,0,19
2.6559,0,19
2.6559,1,19
2.6559,0,19
3.6559,0,19
1.6559,1,19
1.6559,0,19
2.6559,1,19
3.6559,1,19
3.6559,0,19
2.6559,0,19
2.6559,1,19
3.6559,0,19
2.6559,0,19
-0.34412,1,19
-1.3441,0,19
-2.3441,0,19
0.65588,0,19
2.6559,0,19
0.65588,1,19
1.6559,1,19
2.6559,1,19
0.65588,0,19
0.65588,0,19
-2.3441,0,19
-4.3441,0,19
-5.3441,0,19
-5.3441,0,19
-3.3441,1,19
0.65588,1,19
2.6559,0,19
2.6559,1,19
1.6559,1,19
2.6559,0,19
2.6559,1,19
2.6559,0,19
3.6559,0,19
2.6559,1,19
2.6559,0,19
0.65588,1,19
2.6559,0,19
3.6559,1,19
2.6559,1,19
3.6559,1,19
3.6559,1,19
2.6559,0,19
2.6559,0,19
0.65588,1,19
-0.34412,0,19
-1.3441,1,19
0.65588,1,19
2.6559,0,19
1.6559,0,19
2.6559,0,19
2.6559,1,19
1.6559,0,19
0.65588,1,19
-3.3441,0,19
-3.3441,0,19
-4.3441,0,19
-4.3441,1,19
-1.3441,0,19
-0.34412,1,19
0.65588,1,19
0.65588,1,19
-0.34412,1,19
-0.34412,0,19
-4.3441,1,19
-4.3441,0,19
-1.3441,0,19
-3.3441,0,19
-3.3441,1,19
-4.3441,0,19
-3.3441,1,19
-3.3441,0,19
-3.3441,1,19
-3.3441,0,19
-2.3441,1,19
-1.3441,1,19
-3.3441,1,19
-3.3441,0,19
2.6559,0,19
1.6559,0,19
2.6559,1,19
-0.34412,0,19
-1.3441,0,19
-1.3441,1,19
-3.3441,1,19
-1.3441,1,19
-0.34412,0,19
1.6559,1,19
1.6559,0,19
2.6559,0,19
1.6559,1,20
-0.34412,1,20
-4.3441,0,20
-0.34412,1,20
1.6559,1,20
3.6559,1,20
2.6559,1,20
3.6559,1,20
3.6559,1,20
2.6559,1,20
3.6559,1,20
1.6559,1,20
1.6559,1,20
2.6559,1,20
0.65588,1,20
2.6559,0,20
-0.34412,0,20
-0.34412,1,20
0.65588,1,20
0.65588,1,20
-0.34412,1,20
0.65588,1,20
-2.3441,1,20
-0.34412,1,20
0.65588,1,20
-1.3441,1,20
-0.34412,1,20
-3.3441,1,20
2.6559,1,20
1.6559,1,20
-0.34412,1,20
-0.34412,1,20
-5.3441,1,20
-4.3441,0,20
2.6559,1,20
0.65588,1,20
1.6559,1,20
2.6559,1,20
-0.34412,1,20
-0.34412,1,20
1.6559,1,20
-0.34412,1,20
-0.34412,1,20
-1.3441,0,20
0.65588,1,20
-2.3441,0,20
1.6559,1,20
-0.34412,1,20
-0.34412,1,20
1.6559,1,20
0.65588,1,20
3.6559,1,20
0.65588,1,20
-0.34412,1,20
0.65588,1,20
0.65588,1,20
-1.3441,1,20
1.6559,1,20
3.6559,1,20
-0.34412,1,20
0.65588,1,20
-3.3441,1,20
-3.3441,0,20
-3.3441,1,20
-1.3441,1,20
-2.3441,0,20
-4.3441,0,20
-2.3441,1,20
-2.3441,0,20
-5.3441,0,20
-4.3441,0,21
-4.3441,1,21
-2.3441,0,21
-0.34412,0,21
-2.3441,1,21
-3.3441,1,21
-4.3441,1,21
2.6559,0,21
1.6559,1,21
-0.34412,0,21
0.65588,0,21
2.6559,0,21
-0.34412,1,21
-0.34412,0,21
-2.3441,0,21
-2.3441,0,21
-2.3441,0,21
-1.3441,1,21
0.65588,1,21
-1.3441,0,21
-0.34412,1,21
2.6559,1,21
2.6559,0,21
3.6559,1,21
2.6559,0,21
1.6559,0,21
-2.3441,1,21
2.6559,1,21
0.65588,1,21
0.65588,1,21
1.6559,1,21
0.65588,1,21
3.6559,1,21
3.6559,1,21
1.6559,1,21
0.65588,1,21
1.6559,1,21
2.6559,1,21
1.6559,1,21
3.6559,1,21
0.65588,1,21
-2.3441,1,21
1.6559,0,21
2.6559,1,21
-0.34412,0,21
-0.34412,0,21
0.65588,1,21
1.6559,0,21
1.6559,0,21
3.6559,1,21
2.6559,1,21
2.6559,1,21
-0.34412,1,21
0.65588,1,21
1.6559,0,21
1.6559,1,21
1.6559,0,21
0.65588,1,21
0.65588,1,21
-1.3441,1,21
-4.3441,0,21
-4.3441,0,21
-3.3441,1,21
-2.3441,1,21
3.6559,0,21
1.6559,0,21
-1.3441,0,21
-4.3441,0,21
-3.3441,1,21
0.65588,1,22
-5.3441,1,22
-1.3441,1,22
-1.3441,1,22
-0.34412,0,22
-2.3441,1,22
-3.3441,0,22
-4.3441,1,22
-2.3441,0,22
0.65588,0,22
2.6559,0,22
-1.3441,0,22
-4.3441,1,22
-1.3441,0,22
-0.34412,1,22
0.65588,1,22
-0.34412,1,22
-2.3441,1,22
0.65588,0,22
-4.3441,1,22
-2.3441,1,22
-1.3441,0,22
0.65588,1,22
-1.3441,0,22
-1.3441,0,22
-0.34412,0,22
0.65588,1,22
1.6559,1,22
-0.34412,0,22
-1.3441,0,22
-0.34412,0,22
-0.34412,1,22
-3.3441,0,22
-3.3441,0,22
-3.3441,0,22
-4.3441,1,22
-2.3441,1,22
-1.3441,0,22
-4.3441,0,22
-1.3441,1,22
-0.34412,1,22
-1.3441,1,22
1.6559,1,22
1.6559,1,22
-0.34412,1,22
2.6559,0,22
2.6559,0,22
1.6559,1,22
0.65588,1,22
-3.3441,1,22
-2.3441,1,22
-0.34412,0,22
-1.3441,1,22
1.6559,1,22
1.6559,1,22
1.6559,1,22
1.6559,1,22
1.6559,1,22
0.65588,1,22
2.6559,0,22
1.6559,1,22
-0.34412,1,22
-2.3441,0,22
-2.3441,1,22
-4.3441,0,22
-0.34412,1,22
2.6559,0,22
1.6559,1,22
-0.34412,0,22
-1.3441,1,22
-1.3441,1,22
-4.3441,1,22
-4.3441,1,22
3.6559,1,23
2.6559,1,23
0.65588,1,23
0.65588,0,23
-3.3441,0,23
-5.3441,0,23
-0.34412,0,23
0.65588,1,23
2.6559,1,23
1.6559,0,23
-1.3441,1,23
-1.3441,0,23
-3.3441,0,23
-5.3441,1,23
-4.3441,0,23
-3.3441,1,23
1.6559,0,23
1.6559,0,23
1.6559,1,23
0.65588,1,23
-0.34412,1,23
1.6559,1,23
0.65588,1,23
0.65588,1,23
2.6559,1,23
2.6559,1,23
2.6559,0,23
1.6559,0,23
0.65588,1,23
2.6559,0,23
3.6559,0,23
2.6559,0,23
1.6559,0,23
-0.34412,0,23
-4.3441,1,23
0.65588,1,23
0.65588,0,23
2.6559,1,23
2.6559,1,23
1.6559,1,23
3.6559,1,23
2.6559,1,23
2.6559,1,23
2.6559,0,23
1.6559,0,23
1.6559,1,23
1.6559,1,23
2.6559,1,23
1.6559,1,23
-0.34412,0,23
-0.34412,1,23
1.6559,0,23
1.6559,0,23
-0.34412,0,23
-0.34412,0,23
-2.3441,0,23
-3.3441,0,23
-2.3441,1,23
-4.3441,1,23
3.6559,0,23
2.6559,1,23
-1.3441,0,23
2.6559,0,23
0.65588,0,23
0.65588,1,23
2.6559,0,23
2.6559,1,23
-1.3441,1,23
-0.34412,0,23
-2.3441,0,23
-2.3441,1,24
-0.34412,0,24
1.6559,0,24
-2.3441,1,24
-2.3441,0,24
-2.3441,1,24
-1.3441,1,24
1.6559,1,24
2.6559,1,24
3.6559,1,24
0.65588,1,24
-0.34412,0,24
-3.3441,0,24
1.6559,1,24
1.6559,0,24
1.6559,1,24
-1.3441,1,24
3.6559,1,24
3.6559,1,24
0.65588,0,24
3.6559,1,24
-0.34412,0,24
-5.3441,1,24
1.6559,1,24
0.65588,0,24
1.6559,0,24
1.6559,1,24
-0.34412,0,24
-4.3441,1,24
-3.3441,0,24
-4.3441,1,24
-4.3441,1,24
-5.3441,1,24
-2.3441,1,24
-1.3441,1,24
-0.34412,1,24
0.65588,1,24
-0.34412,1,24
2.6559,1,24
3.6559,1,24
3.6559,1,24
2.6559,1,24
2.6559,1,24
3.6559,1,24
2.6559,1,24
1.6559,1,24
-0.34412,1,24
-3.3441,0,24
0.65588,1,24
0.65588,1,24
-5.3441,0,25
-5.3441,1,25
-4.3441,1,25
-4.3441,1,25
-1.3441,1,25
-5.3441,0,25
-5.3441,1,25
-0.34412,1,25
0.65588,1,25
-2.3441,1,25
-0.34412,1,25
-4.3441,0,25
-4.3441,0,25
-4.3441,1,25
-2.3441,1,25
-1.3441,1,25
-1.3441,1,25
-1.3441,1,25
0.65588,1,25
1.6559,1,25
2.6559,1,25
1.6559,1,25
2.6559,1,25
2.6559,1,25
1.6559,1,25
-1.3441,0,25
0.65588,1,25
1.6559,1,25
2.6559,1,25
0.65588,1,25
-0.34412,1,25
-2.3441,1,25
-0.34412,0,25
-4.3441,1,25
3.6559,1,26
-2.3441,0,26
3.6559,1,26
2.6559,1,26
0.65588,1,26
0.65588,1,26
0.65588,1,26
2.6559,1,26
3.6559,1,26
2.6559,1,26
2.6559,1,26
1.6559,1,26
1.6559,1,26
1.6559,1,26
2.6559,1,26
1.6559,1,26
2.6559,1,26
1.6559,1,26
0.65588,1,26
0.65588,1,26
0.65588,0,26
-2.3441,0,26
-3.3441,1,26
-0.34412,1,26
-3.3441,1,26
-5.3441,0,26
-4.3441,1,26
-2.3441,0,26
-4.3441,0,26
3.6559,1,26
2.6559,1,26
1.6559,1,26
0.65588,1,26
0.65588,1,26
-1.3441,1,26
2.6559,1,26
2.6559,1,26
2.6559,1,26
2.6559,1,26
0.65588,1,26
0.65588,0,26
3.6559,1,26
2.6559,1,26
2.6559,1,26
1.6559,0,26
-0.34412,0,26
1.6559,1,26
3.6559,1,26
1.6559,1,26
-1.3441,1,26
2.6559,1,26
2.6559,1,26
3.6559,1,26
1.6559,1,26
0.65588,1,26
-2.3441,1,26
2.6559,1,27
3.6559,1,27
3.6559,1,27
3.6559,1,27
3.6559,1,27
2.6559,1,27
3.6559,1,27
3.6559,1,27
2.6559,1,27
2.6559,1,27
1.6559,1,27
-0.34412,0,27
-0.34412,1,27
-2.3441,0,27
1.6559,1,27
-0.34412,1,27
-0.34412,1,27
1.6559,1,27
2.6559,1,27
0.65588,1,27
2.6559,1,27
1.6559,1,27
2.6559,1,27
0.65588,1,27
-0.34412,1,27
-0.34412,1,27
-0.34412,1,27
0.65588,1,27
0.65588,1,27
-1.3441,1,27
3.6559,1,27
-3.3441,1,27
-5.3441,0,27
-2.3441,1,27
0.65588,1,27
3.6559,1,27
0.65588,1,27
1.6559,1,27
-2.3441,1,27
-1.3441,1,27
-1.3441,0,27
2.6559,1,27
3.6559,1,27
3.6559,1,27
1.6559,1,27
0.65588,1,27
-1.3441,1,27
1.6559,1,27
-0.34412,1,27
3.6559,1,27
2.6559,1,27
-0.34412,1,27
1.6559,1,27
2.6559,1,27
-1.3441,1,27
-3.3441,1,27
2.6559,1,27
2.6559,1,27
1.6559,1,27
3.6559,1,27
3.6559,1,27
2.6559,1,27
0.65588,1,27
-3.3441,1,27
-3.3441,0,27
3.6559,1,27
2.6559,1,27
3.6559,1,27
0.65588,1,27
2.6559,1,27
2.6559,1,27
1.6559,1,27
3.6559,1,27
2.6559,1,27
0.65588,1,27
-3.3441,1,27
2.6559,1,28
2.6559,1,28
2.6559,1,28
2.6559,1,28
1.6559,1,28
3.6559,1,28
2.6559,1,28
2.6559,1,28
1.6559,1,28
2.6559,1,28
2.6559,1,28
-0.34412,1,28
3.6559,1,28
2.6559,1,28
-0.34412,1,28
2.6559,1,28
1.6559,1,28
2.6559,1,28
1.6559,1,28
2.6559,1,28
-0.34412,1,28
0.65588,1,28
1.6559,1,28
2.6559,1,28
2.6559,1,28
-0.34412,1,28
0.65588,1,28
-1.3441,1,28
-4.3441,0,28
-1.3441,0,28
-4.3441,1,28
-1.3441,1,28
-3.3441,1,28
-0.34412,1,28
-3.3441,1,28
-3.3441,0,28
-3.3441,0,28
-0.34412,1,28
-1.3441,1,28
-4.3441,0,28
-2.3441,0,28
-0.34412,0,28
-2.3441,1,28
1.6559,0,28
0.65588,1,28
3.6559,1,28
3.6559,0,28
3.6559,0,28
1.6559,1,28
0.65588,1,28
-2.3441,1,28
-0.34412,1,28
0.65588,1,28
1.6559,1,28
1.6559,1,28
2.6559,1,28
2.6559,1,28
2.6559,1,28
-1.3441,0,28
1.6559,0,28
0.65588,1,28
0.65588,1,28
3.6559,1,28
2.6559,1,28
3.6559,1,28
2.6559,1,28
0.65588,1,28
0.65588,1,28
1.6559,1,28
0.65588,1,28
1.6559,1,28
0.65588,1,28
-0.34412,0,28
2.6559,1,28
0.65588,1,28
0.65588,1,29
-1.3441,1,29
-4.3441,0,29
-2.3441,1,29
-3.3441,1,29
-4.3441,1,29
-2.3441,1,29
3.6559,1,29
-0.34412,1,29
1.6559,1,29
1.6559,0,29
1.6559,0,29
3.6559,1,29
2.6559,1,29
1.6559,0,29
2.6559,1,29
0.65588,0,29
2.6559,1,29
0.65588,1,29
2.6559,1,29
2.6559,1,29
0.65588,1,29
-0.34412,1,29
2.6559,1,29
1.6559,0,29
1.6559,1,29
-0.34412,1,29
-1.3441,1,29
-0.34412,1,29
-0.34412,1,29
-1.3441,1,29
-3.3441,1,29
-3.3441,1,29
-3.3441,1,29
-1.3441,1,29
-0.34412,1,29
2.6559,1,29
2.6559,1,29
-1.3441,0,29
-3.3441,0,29
-4.3441,1,29
-3.3441,1,29
-4.3441,0,29
-3.3441,0,29
-2.3441,1,29
-3.3441,0,29
-1.3441,1,29
-1.3441,1,29
-3.3441,1,29
0.65588,1,29
-1.3441,1,29
-2.3441,0,29
-3.3441,1,29
-4.3441,1,29
-3.3441,1,29
-2.3441,0,29
-2.3441,0,29
-1.3441,0,29
0.65588,1,29
0.65588,1,29
0.65588,0,29
-2.3441,1,29
-4.3441,1,29
-4.3441,0,29
-2.3441,0,29
-1.3441,1,29
3.6559,0,29
-0.34412,1,29
-1.3441,0,29
0.65588,0,29
-1.3441,0,29
-1.3441,1,30
-2.3441,0,30
1.6559,1,30
2.6559,1,30
1.6559,1,30
3.6559,1,30
3.6559,1,30
1.6559,1,30
1.6559,1,30
2.6559,1,30
2.6559,1,30
-0.34412,0,30
-0.34412,1,30
-0.34412,0,30
-5.3441,0,30
-3.3441,1,30
-0.34412,1,30
-2.3441,0,30
-1.3441,0,30
-0.34412,0,30
1.6559,0,30
1.6559,0,30
1.6559,1,30
0.65588,1,30
2.6559,1,30
0.65588,0,30
-1.3441,1,30
0.65588,1,30
3.6559,1,30
-0.34412,0,30
3.6559,0,30
1.6559,0,30
-2.3441,1,30
1.6559,1,30
1.6559,1,30
-0.34412,1,30
0.65588,0,30
-0.34412,0,30
-3.3441,1,30
-5.3441,1,30
1.6559,1,30
3.6559,1,30
2.6559,1,30
1.6559,1,30
1.6559,1,30
3.6559,1,30
3.6559,1,30
0.65588,1,30
-1.3441,0,30
-1.3441,1,30
1.6559,1,30
1.6559,1,30
1.6559,1,30
3.6559,1,30
3.6559,1,30
0.65588,1,30
3.6559,1,30
2.6559,1,30
1.6559,1,30
1.6559,1,30
2.6559,1,30
2.6559,0,30
2.6559,1,30
1.6559,0,30
0.65588,0,30
-0.34412,0,30
-0.34412,1,30
1.6559,1,30
0.65588,1,30
1.6559,1,30
1.6559,1,30
1.6559,0,30
2.6559,1,30
3.6559,0,30
1.6559,0,30
2.6559,1,30
2.6559,1,30
2.6559,1,30
0.65588,0,30
0.65588,0,30
-0.34412,1,30
-1.3441,0,30
0.65588,0,30
0.65588,1,30
1.6559,1,30
2.6559,1,30
2.6559,1,30
1.6559,1,30
3.6559,1,30
1.6559,1,30
3.6559,1,30
-0.34412,1,30
-3.3441,1,30
3.6559,0,32
-3.3441,0,33
-4.3441,0,33
-5.3441,0,33
-5.3441,1,33
-2.3441,0,33
-2.3441,0,33
-3.3441,0,33
-3.3441,0,33
-2.3441,0,33
-5.3441,0,33
-5.3441,0,33
-3.3441,1,33
2.6559,1,33
2.6559,0,33
3.6559,0,33
3.6559,0,33
1.6559,1,33
0.65588,0,33
2.6559,1,33
-3.3441,0,33
-0.34412,1,33
-1.3441,1,33
-0.34412,0,33
-1.3441,1,33
-0.34412,1,33
-1.3441,0,33
0.65588,0,33
1.6559,1,33
-0.34412,0,33
-1.3441,0,33
-3.3441,1,33
-2.3441,0,33
-1.3441,0,33
-0.34412,0,33
-2.3441,0,33
-5.3441,0,33
-5.3441,1,33
-3.3441,1,33
-5.3441,1,33
-2.3441,0,33
-0.34412,0,33
-3.3441,0,33
-1.3441,1,33
-4.3441,1,33
-5.3441,1,33
-4.3441,0,33
-3.3441,0,33
-4.3441,1,33
-0.34412,1,33
1.6559,1,33
-4.3441,1,33
-3.3441,0,33
-1.3441,0,33
1.6559,1,33
1.6559,0,33
0.65588,1,33
-5.3441,0,33
-1.3441,0,33
0.65588,1,33
-0.34412,0,33
-4.3441,0,33
-2.3441,1,33
2.6559,1,33
0.65588,1,33
0.65588,0,33
2.6559,1,33
-0.34412,1,33
0.65588,1,33
2.6559,1,33
-1.3441,0,33
1.6559,1,34
-1.3441,1,34
-3.3441,1,34
-0.34412,1,34
-1.3441,1,34
-1.3441,0,34
2.6559,1,34
1.6559,1,34
1.6559,1,34
3.6559,1,34
2.6559,1,34
2.6559,1,34
0.65588,1,34
0.65588,1,34
0.65588,1,34
1.6559,1,34
3.6559,1,34
2.6559,1,34
3.6559,1,34
1.6559,1,34
-0.34412,1,34
-2.3441,1,34
3.6559,1,34
1.6559,1,34
-0.34412,0,34
-0.34412,1,34
-2.3441,1,34
-1.3441,0,34
-2.3441,1,34
-2.3441,0,34
3.6559,1,34
1.6559,1,34
0.65588,1,34
-1.3441,0,34
-5.3441,1,34
-1.3441,1,34
-4.3441,0,34
-5.3441,0,34
-2.3441,0,34
-2.3441,0,34
-3.3441,0,34
-1.3441,0,34
3.6559,1,34
3.6559,1,34
2.6559,1,34
1.6559,1,34
3.6559,1,34
1.6559,1,34
1.6559,1,34
0.65588,1,34
0.65588,1,34
-0.34412,0,34
-3.3441,1,34
-5.3441,0,34
2.6559,1,34
1.6559,1,34
3.6559,1,34
3.6559,1,34
-0.34412,0,34
0.65588,1,34
1.6559,1,34
2.6559,1,34
1.6559,1,34
0.65588,1,34
0.65588,1,34
-1.3441,1,34
-3.3441,1,34
2.6559,1,34
1.6559,1,34
2.6559,1,34
-0.34412,1,34
-1.3441,1,34
-3.3441,0,34
-2.3441,0,34
-3.3441,1,34
0.65588,0,34
3.6559,1,34
2.6559,1,34
2.6559,1,34
3.6559,1,34
2.6559,1,34
2.6559,1,34
-0.34412,1,34
-0.34412,1,34
2.6559,1,34
0.65588,1,34
0.65588,1,34
-0.34412,1,34
-1.3441,1,34
-3.3441,0,34
-1.3441,0,34
-0.34412,1,34
-1.3441,1,34
2.6559,1,35
1.6559,1,35
2.6559,1,35
3.6559,1,35
1.6559,0,35
1.6559,0,35
-0.34412,1,35
-4.3441,1,35
-3.3441,0,35
3.6559,0,35
2.6559,0,35
-0.34412,1,35
-2.3441,1,35
-2.3441,1,35
-4.3441,0,35
-0.34412,1,35
-1.3441,0,35
-1.3441,0,35
-3.3441,1,35
0.65588,1,35
3.6559,1,35
2.6559,0,35
0.65588,1,35
0.65588,0,35
0.65588,1,35
1.6559,1,35
2.6559,1,35
0.65588,1,35
2.6559,0,35
0.65588,0,35
0.65588,1,35
-1.3441,0,35
-1.3441,0,35
-3.3441,0,35
-4.3441,1,35
0.65588,0,35
2.6559,1,35
3.6559,0,35
-0.34412,1,35
3.6559,0,35
3.6559,0,35
2.6559,1,35
1.6559,0,35
1.6559,1,35
3.6559,1,35
3.6559,0,35
-0.34412,1,35
-2.3441,0,35
0.65588,1,36
-2.3441,1,36
-4.3441,0,36
-3.3441,0,36
-1.3441,0,36
0.65588,1,36
0.65588,1,36
0.65588,0,36
2.6559,0,36
0.65588,0,36
0.65588,0,36
-0.34412,1,36
-2.3441,0,36
-3.3441,1,36
-2.3441,1,36
-1.3441,1,36
-1.3441,1,36
-2.3441,1,36
-4.3441,0,36
-1.3441,1,36
-1.3441,1,36
2.6559,1,36
1.6559,1,36
1.6559,1,36
0.65588,0,36
1.6559,0,36
1.6559,0,36
0.65588,1,36
-2.3441,0,36
1.6559,0,36
1.6559,1,36
-0.34412,1,36
-0.34412,0,36
0.65588,1,36
1.6559,1,36
2.6559,1,36
2.6559,1,36
-0.34412,1,36
-2.3441,0,36
-3.3441,1,36
-2.3441,1,36
-3.3441,1,36
-1.3441,0,36
-1.3441,1,36
0.65588,0,36
-0.34412,0,36
1.6559,1,36
0.65588,0,36
-0.34412,1,36
-1.3441,0,36
-2.3441,1,36
-4.3441,0,36
2.6559,0,36
2.6559,1,36
2.6559,1,36
-0.34412,1,36
-0.34412,0,36
-5.3441,0,36
-1.3441,1,36
-2.3441,1,36
-2.3441,1,36
-5.3441,1,36
-0.34412,1,36
1.6559,1,36
1.6559,1,36
3.6559,0,36
3.6559,0,36
2.6559,1,36
2.6559,1,36
2.6559,1,36
0.65588,1,36
-1.3441,0,36
3.6559,0,36
2.6559,0,36
0.65588,1,37
1.6559,1,37
-0.34412,0,37
-3.3441,0,37
-3.3441,0,37
-4.3441,1,37
1.6559,1,37
1.6559,1,37
2.6559,1,37
3.6559,1,37
2.6559,1,37
3.6559,0,37
0.65588,0,37
-1.3441,1,37
-4.3441,1,37
-2.3441,1,37
-0.34412,0,37
-4.3441,1,37
-2.3441,1,37
-3.3441,0,37
-4.3441,1,37
-0.34412,0,37
-0.34412,1,37
-1.3441,1,37
0.65588,0,37
-5.3441,0,37
-4.3441,0,37
-4.3441,1,37
-3.3441,0,37
1.6559,0,37
0.65588,1,37
-2.3441,1,37
-0.34412,0,37
1.6559,0,37
-4.3441,1,37
-3.3441,1,37
-1.3441,0,37
2.6559,1,37
0.65588,1,37
3.6559,1,37
0.65588,1,37
0.65588,1,37
0.65588,0,37
-1.3441,0,37
3.6559,1,37
2.6559,1,37
3.6559,1,37
-0.34412,1,37
0.65588,1,37
2.6559,1,37
1.6559,1,37
3.6559,1,37
2.6559,0,37
0.65588,1,37
-0.34412,1,37
-4.3441,0,37
-1.3441,0,38
0.65588,1,38
3.6559,1,38
0.65588,1,38
-4.3441,0,38
-0.34412,1,38
-0.34412,0,38
-4.3441,1,38
-2.3441,0,38
-1.3441,0,38
-2.3441,0,38
-4.3441,0,38
-5.3441,0,38
-3.3441,0,38
-2.3441,1,38
-0.34412,0,38
-1.3441,0,38
0.65588,1,38
0.65588,0,38
0.65588,0,38
-2.3441,1,38
-3.3441,1,38
0.65588,1,38
0.65588,0,38
-0.34412,0,38
-2.3441,0,38
1.6559,1,38
1.6559,1,38
-0.34412,1,38
-1.3441,1,38
1.6559,1,38
1.6559,1,38
3.6559,1,38
1.6559,1,38
2.6559,1,38
1.6559,1,38
0.65588,1,38
2.6559,1,38
3.6559,1,38
2.6559,1,38
3.6559,0,38
2.6559,1,38
1.6559,1,38
-1.3441,0,38
3.6559,1,38
2.6559,1,38
-1.3441,0,38
-4.3441,0,38
-5.3441,0,38
-5.3441,0,38
-0.34412,0,38
-0.34412,1,38
-1.3441,0,38
-4.3441,1,38
3.6559,1,38
2.6559,1,38
-1.3441,0,38
0.65588,1,38
2.6559,1,38
3.6559,1,38
2.6559,1,38
2.6559,1,38
1.6559,1,38
-1.3441,1,38
-3.3441,1,39
-1.3441,0,39
0.65588,1,39
-0.34412,1,39
-1.3441,0,39
-2.3441,1,39
2.6559,1,39
3.6559,1,39
2.6559,1,39
3.6559,1,39
2.6559,0,39
3.6559,1,39
-1.3441,0,39
0.65588,1,39
-0.34412,1,39
-0.34412,1,39
-2.3441,1,39
2.6559,1,39
2.6559,1,39
1.6559,1,39
2.6559,1,39
1.6559,1,39
0.65588,0,39
-1.3441,1,39
0.65588,1,39
0.65588,1,39
-0.34412,0,39
3.6559,1,39
0.65588,1,39
1.6559,1,39
1.6559,1,39
1.6559,1,39
1.6559,1,39
3.6559,1,39
3.6559,1,39
2.6559,1,39
1.6559,1,39
0.65588,1,39
0.65588,1,39
-0.34412,0,39
-5.3441,1,39
-2.3441,1,39
0.65588,1,39
0.65588,1,39
1.6559,1,39
2.6559,1,39
2.6559,1,39
1.6559,1,39
-0.34412,1,39
0.65588,1,39
-0.34412,1,39
1.6559,1,39
1.6559,1,39
0.65588,1,39
-1.3441,1,39
-3.3441,0,39
-2.3441,1,39
-0.34412,1,39
-0.34412,1,39
-2.3441,0,39
-1.3441,1,39
-5.3441,0,39
-2.3441,0,39
-1.3441,1,39
1.6559,1,39
-1.3441,1,39
1.6559,1,39
2.6559,1,39
2.6559,0,39
-0.34412,0,39
-2.3441,0,39
-0.34412,1,39
1.6559,1,39
-2.3441,1,39
2.6559,1,40
-1.3441,1,40
-2.3441,0,40
-1.3441,1,40
-2.3441,0,40
-0.34412,1,40
-4.3441,1,40
0.65588,1,40
2.6559,1,40
0.65588,1,40
-1.3441,0,40
-2.3441,1,40
-4.3441,0,40
-2.3441,1,40
2.6559,1,40
3.6559,1,40
2.6559,1,40
2.6559,1,40
-2.3441,0,40
-4.3441,0,40
-3.3441,1,40
2.6559,1,40
1.6559,1,40
-0.34412,1,40
-2.3441,1,40
-2.3441,0,40
-2.3441,1,40
-4.3441,1,40
1.6559,1,40
3.6559,1,40
1.6559,1,40
2.6559,1,40
3.6559,1,40
1.6559,0,40
1.6559,1,40
1.6559,1,40
2.6559,1,40
3.6559,1,40
2.6559,1,40
3.6559,1,40
1.6559,1,40
2.6559,1,40
0.65588,1,40
2.6559,1,40
3.6559,1,40
3.6559,1,40
2.6559,1,40
2.6559,1,40
-0.34412,1,40
-1.3441,0,40
-2.3441,1,41
-2.3441,0,41
-3.3441,0,41
3.6559,1,41
2.6559,1,41
1.6559,0,41
3.6559,0,41
3.6559,1,41
-1.3441,1,41
2.6559,1,41
2.6559,1,41
-0.34412,0,41
-4.3441,0,41
-4.3441,1,41
-5.3441,0,41
-4.3441,0,41
-3.3441,0,41
-0.34412,1,41
-1.3441,1,41
2.6559,0,41
2.6559,1,41
1.6559,0,41
1.6559,0,41
1.6559,1,41
2.6559,0,41
2.6559,1,41
0.65588,0,41
-4.3441,1,41
2.6559,1,41
3.6559,1,41
0.65588,1,41
3.6559,0,41
-0.34412,0,41
-3.3441,0,41
-3.3441,0,41
-0.34412,1,41
-5.3441,1,41
-5.3441,0,41
-5.3441,1,41
-0.34412,1,41
-0.34412,0,41
-3.3441,0,41
-3.3441,1,41
-1.3441,0,41
-4.3441,1,41
-5.3441,0,41
-4.3441,0,41
-0.34412,1,41
1.6559,0,41
-1.3441,1,41
-2.3441,0,41
-0.34412,1,41
0.65588,1,41
-1.3441,1,41
-5.3441,1,41
-4.3441,0,41
-2.3441,1,41
-1.3441,1,41
-2.3441,0,41
-3.3441,0,41
-3.3441,1,41
0.65588,1,42
1.6559,1,42
-0.34412,0,42
3.6559,1,42
3.6559,1,42
3.6559,1,42
-0.34412,0,42
-2.3441,0,42
-5.3441,0,42
-4.3441,0,42
-4.3441,0,42
-0.34412,1,42
-2.3441,1,42
-3.3441,1,42
-5.3441,0,42
3.6559,1,42
0.65588,1,42
-0.34412,1,42
1.6559,1,42
2.6559,1,42
1.6559,1,42
1.6559,1,42
1.6559,1,42
-2.3441,1,42
-3.3441,0,42
-4.3441,1,42
-4.3441,0,42
-4.3441,0,42
-2.3441,0,42
-5.3441,0,42
-4.3441,0,42
1.6559,0,42
-0.34412,1,42
-0.34412,1,42
0.65588,1,42
2.6559,1,42
0.65588,1,42
0.65588,1,42
0.65588,1,42
1.6559,1,42
2.6559,1,42
0.65588,1,42
0.65588,1,42
0.65588,1,42
0.65588,1,42
-0.34412,0,42
-0.34412,1,42
1.6559,1,42
-0.34412,1,42
-0.34412,0,42
-0.34412,1,42
-2.3441,0,42
-1.3441,1,42
-0.34412,1,42
-0.34412,1,42
-1.3441,0,42
-4.3441,1,42
1.6559,0,43
-0.34412,1,43
1.6559,0,43
1.6559,0,43
2.6559,1,43
0.65588,0,43
1.6559,1,43
0.65588,1,43
3.6559,1,43
2.6559,1,43
1.6559,1,43
-0.34412,1,43
1.6559,1,43
-1.3441,0,43
-5.3441,1,43
-0.34412,1,43
-0.34412,1,43
-0.34412,1,43
-5.3441,1,43
-0.34412,0,43
-0.34412,1,43
2.6559,1,43
1.6559,1,43
2.6559,1,43
3.6559,1,43
1.6559,1,43
3.6559,1,43
2.6559,1,43
2.6559,1,43
3.6559,1,43
2.6559,1,43
0.65588,1,43
2.6559,1,43
0.65588,1,43
2.6559,1,43
0.65588,1,43
-0.34412,1,43
2.6559,1,43
1.6559,1,43
1.6559,1,43
1.6559,1,43
0.65588,1,43
-1.3441,1,43
3.6559,1,43
0.65588,1,43
0.65588,0,43
1.6559,1,43
1.6559,1,43
0.65588,1,43
-3.3441,1,43
-5.3441,0,43
-2.3441,1,43
-0.34412,1,43
3.6559,1,43
1.6559,1,43
2.6559,1,43
1.6559,1,43
3.6559,1,43
2.6559,1,44
2.6559,1,44
-0.34412,0,44
-0.34412,0,44
-0.34412,1,44
-1.3441,1,44
-3.3441,0,44
-1.3441,0,44
3.6559,1,44
2.6559,1,44
-0.34412,1,44
-1.3441,0,44
0.65588,1,44
2.6559,0,44
2.6559,1,44
-0.34412,0,44
-1.3441,0,44
2.6559,1,44
3.6559,1,44
1.6559,1,44
-0.34412,1,44
-0.34412,1,44
-1.3441,1,44
-1.3441,0,44
-2.3441,1,44
-3.3441,0,44
-4.3441,0,44
-4.3441,0,44
-1.3441,1,44
-5.3441,0,44
-3.3441,0,44
-4.3441,0,44
-4.3441,0,44
-2.3441,0,44
-1.3441,1,44
-3.3441,0,44
-2.3441,1,44
1.6559,1,44
1.6559,1,44
3.6559,1,44
2.6559,1,44
2.6559,1,44
0.65588,1,44
0.65588,1,44
-0.34412,1,44
-2.3441,0,44
1.6559,1,44
3.6559,1,44
2.6559,1,44
0.65588,1,44
0.65588,1,44
3.6559,1,44
1.6559,1,44
2.6559,1,44
-0.34412,1,44
-0.34412,1,44
-4.3441,1,44
-2.3441,1,44
-3.3441,1,44
-1.3441,1,44
-2.3441,1,44
2.6559,1,44
2.6559,1,44
2.6559,1,44
2.6559,1,44
2.6559,1,44
3.6559,1,44
1.6559,1,44
0.65588,1,44
-1.3441,1,44
-1.3441,0,44
-0.34412,1,44
2.6559,1,44
2.6559,1,44
2.6559,1,44
-4.3441,1,45
0.65588,0,45
-0.34412,1,45
-2.3441,0,45
-4.3441,1,45
-0.34412,1,45
-0.34412,0,45
0.65588,0,45
2.6559,1,45
-1.3441,1,45
-2.3441,1,45
-1.3441,0,45
-0.34412,1,45
-2.3441,1,45
0.65588,0,45
-1.3441,0,45
-4.3441,1,45
-0.34412,0,45
1.6559,1,45
-0.34412,1,45
-0.34412,1,45
3.6559,0,45
1.6559,1,45
3.6559,0,45
-2.3441,0,45
-4.3441,0,45
-1.3441,0,45
-1.3441,1,45
2.6559,1,45
1.6559,0,45
-1.3441,1,45
2.6559,0,45
1.6559,0,45
1.6559,1,45
1.6559,1,45
0.65588,1,45
2.6559,1,45
-0.34412,0,45
-1.3441,1,45
-4.3441,1,45
-4.3441,1,45
0.65588,1,45
2.6559,1,45
-0.34412,1,45
2.6559,1,46
-1.3441,1,46
-4.3441,0,46
0.65588,0,46
-4.3441,1,46
-1.3441,0,46
-1.3441,0,46
0.65588,0,46
3.6559,1,46
1.6559,0,46
-0.34412,0,46
0.65588,0,46
-1.3441,0,46
2.6559,0,46
2.6559,1,46
1.6559,1,46
-2.3441,1,46
0.65588,1,46
-0.34412,1,46
-2.3441,1,46
1.6559,1,46
2.6559,1,46
2.6559,0,46
-1.3441,0,46
-0.34412,1,46
-0.34412,1,46
2.6559,1,46
1.6559,1,46
3.6559,1,46
2.6559,1,46
2.6559,1,46
1.6559,0,46
1.6559,1,46
-0.34412,0,46
-0.34412,0,46
0.65588,0,46
2.6559,1,46
2.6559,1,46
2.6559,1,46
1.6559,0,46
-0.34412,0,46
-4.3441,0,46
-5.3441,0,47
-2.3441,0,47
1.6559,1,47
1.6559,1,47
-1.3441,0,47
-5.3441,0,47
-4.3441,0,47
0.65588,0,47
1.6559,1,47
-1.3441,0,47
-3.3441,1,47
-4.3441,1,47
-2.3441,1,47
-4.3441,1,47
-1.3441,0,47
1.6559,0,47
1.6559,0,47
3.6559,1,47
0.65588,0,47
1.6559,1,47
1.6559,0,47
-1.3441,0,48
-4.3441,1,48
-1.3441,0,48
-2.3441,1,48
-2.3441,0,48
-2.3441,1,48
-2.3441,0,48
-4.3441,0,48
-0.34412,1,48
0.65588,0,48
-1.3441,0,48
-0.34412,1,48
3.6559,1,48
2.6559,1,48
2.6559,1,48
2.6559,1,48
2.6559,1,48
2.6559,1,48
0.65588,1,48
2.6559,1,48
2.6559,1,48
-0.34412,1,48
-2.3441,0,48
1.6559,1,48
2.6559,1,48
1.6559,0,48
-0.34412,0,48
0.65588,1,48
-0.34412,0,48
-2.3441,1,48
-3.3441,0,48
2.6559,1,48
2.6559,1,48
0.65588,1,48
0.65588,1,48
2.6559,1,48
2.6559,1,48
3.6559,1,48
1.6559,1,48
-0.34412,1,48
-2.3441,1,48
-5.3441,0,48
-4.3441,0,48
-3.3441,0,48
-0.34412,1,48
-0.34412,1,48
-1.3441,0,48
-4.3441,1,48
-1.3441,1,48
-3.3441,0,48
-0.34412,1,48
0.65588,1,48
-2.3441,0,48
1.6559,1,48
2.6559,0,48
1.6559,1,48
1.6559,0,48
3.6559,0,48
3.6559,1,48
-0.34412,1,48
-0.34412,1,48
-3.3441,1,48
-5.3441,0,48
-4.3441,1,48
0.65588,1,48
-0.34412,1,48
-0.34412,1,48
-1.3441,1,48
0.65588,1,48
0.65588,1,48
0.65588,1,48
3.6559,1,48
3.6559,1,48
1.6559,1,48
3.6559,1,48
2.6559,1,48
1.6559,1,48
0.65588,1,48
0.65588,1,48
-0.34412,0,48
-1.3441,0,49
2.6559,1,49
1.6559,1,49
-0.34412,1,49
0.65588,1,49
2.6559,1,49
0.65588,1,49
0.65588,1,49
-0.34412,1,49
-5.3441,0,49
-4.3441,1,49
-1.3441,0,49
2.6559,1,49
3.6559,1,49
1.6559,1,49
3.6559,1,49
3.6559,1,49
1.6559,1,49
-1.3441,1,49
1.6559,1,49
2.6559,1,49
1.6559,1,49
-0.34412,1,49
0.65588,1,49
1.6559,1,49
2.6559,1,49
3.6559,1,49
3.6559,1,49
-0.34412,1,49
-2.3441,1,49
-4.3441,1,49
-0.34412,1,49
-1.3441,1,49
-3.3441,0,49
-3.3441,1,49
-1.3441,1,49
0.65588,1,49
0.65588,1,49
0.65588,1,49
-1.3441,1,49
-1.3441,0,49
-0.34412,1,49
-1.3441,1,49
-1.3441,1,49
1.6559,1,49
2.6559,1,49
2.6559,1,49
-0.34412,1,49
2.6559,1,49
-1.3441,1,49
-3.3441,0,49
-3.3441,1,49
-5.3441,1,49
3.6559,1,49
0.65588,1,49
-0.34412,0,49
-2.3441,0,49
0.65588,1,49
3.6559,1,49
3.6559,1,49
1.6559,1,49
-1.3441,0,49
-0.34412,1,49
-3.3441,1,49
0.65588,0,49
-1.3441,0,49
-2.3441,1,49
-3.3441,0,49
-5.3441,1,49
0.65588,1,49
-2.3441,1,49
-3.3441,0,49
-2.3441,1,49
0.65588,1,49
3.6559,1,49
1.6559,1,49
3.6559,1,49
0.65588,1,49
-1.3441,1,49
-3.3441,0,49
2.6559,1,49
3.6559,1,49
2.6559,1,49
1.6559,1,49
1.6559,1,49
-0.34412,1,49
1.6559,0,50
-3.3441,0,50
-1.3441,1,50
1.6559,1,50
-2.3441,0,50
-4.3441,1,50
-1.3441,0,50
-1.3441,0,50
-2.3441,1,50
-2.3441,1,50
2.6559,1,50
1.6559,1,50
0.65588,1,50
-3.3441,1,50
1.6559,1,50
1.6559,1,50
2.6559,1,50
-0.34412,1,50
3.6559,0,50
0.65588,1,50
2.6559,1,50
0.65588,0,50
-1.3441,1,50
-1.3441,1,50
-2.3441,0,50
-5.3441,1,50
-2.3441,1,50
-5.3441,1,50
-4.3441,1,50
-3.3441,0,50
-4.3441,0,50
0.65588,1,50
1.6559,1,50
1.6559,1,50
2.6559,0,50
2.6559,0,50
-2.3441,0,50
-2.3441,1,50
1.6559,1,51
-1.3441,0,51
1.6559,1,51
2.6559,1,51
0.65588,1,51
-0.34412,1,51
-0.34412,1,51
-2.3441,1,51
-5.3441,1,51
-5.3441,0,51
-2.3441,1,51
-3.3441,0,51
3.6559,1,51
-0.34412,1,51
-4.3441,0,51
-5.3441,1,51
2.6559,1,51
2.6559,0,51
1.6559,1,51
0.65588,1,51
-1.3441,1,51
-4.3441,1,51
-1.3441,0,51
3.6559,1,51
2.6559,1,51
-0.34412,1,51
-0.34412,1,51
3.6559,1,51
2.6559,1,51
1.6559,1,51
0.65588,1,51
-0.34412,1,51
-2.3441,1,51
2.6559,1,51
1.6559,1,51
2.6559,1,51
1.6559,1,51
1.6559,1,51
2.6559,1,51
0.65588,1,51
2.6559,1,51
1.6559,1,51
-3.3441,1,51
-2.3441,0,51
1.6559,1,51
0.65588,1,51
1.6559,1,51
0.65588,1,51
1.6559,1,51
-2.3441,1,51
-0.34412,1,51
-4.3441,1,51
-5.3441,0,51
-5.3441,0,51
-4.3441,1,51
-4.3441,0,51
-0.34412,1,51
-0.34412,1,51
-3.3441,1,53
-2.3441,0,53
-2.3441,0,53
0.65588,1,53
-3.3441,0,53
-4.3441,0,53
-1.3441,1,53
-2.3441,0,53
-1.3441,1,53
-4.3441,1,53
-4.3441,1,53
3.6559,1,53
2.6559,1,53
2.6559,1,53
3.6559,1,53
1.6559,1,53
2.6559,1,53
1.6559,1,53
2.6559,1,53
3.6559,1,53
1.6559,1,53
2.6559,1,53
0.65588,1,53
1.6559,1,53
1.6559,1,53
0.65588,1,53
2.6559,1,53
2.6559,1,53
3.6559,1,53
2.6559,1,53
-0.34412,1,53
-3.3441,0,53
-4.3441,0,53
2.6559,0,53
-2.3441,0,53
-2.3441,0,53
0.65588,0,54
1.6559,0,54
1.6559,1,54
-0.34412,1,54
2.6559,1,54
1.6559,1,54
-0.34412,1,54
-0.34412,0,54
-1.3441,1,54
-2.3441,0,54
-3.3441,1,54
-4.3441,0,54
-1.3441,0,54
-5.3441,1,54
-4.3441,0,54
0.65588,1,54
3.6559,1,54
2.6559,1,54
2.6559,1,54
1.6559,1,54
0.65588,1,54
-1.3441,1,54
-0.34412,1,54
1.6559,1,54
1.6559,1,54
2.6559,1,54
3.6559,1,54
3.6559,1,54
3.6559,1,54
2.6559,1,54
3.6559,1,54
0.65588,1,54
1.6559,1,54
-0.34412,1,54
1.6559,1,54
1.6559,1,54
0.65588,1,54
3.6559,1,54
2.6559,1,54
1.6559,1,54
2.6559,1,54
1.6559,1,54
-1.3441,1,54
0.65588,1,54
-1.3441,0,54
-5.3441,1,54
-3.3441,1,54
-0.34412,0,54
0.65588,1,54
-3.3441,0,54
-0.34412,1,54
-4.3441,1,54
-1.3441,1,54
-2.3441,0,54
-3.3441,1,54
3.6559,0,54
2.6559,0,54
2.6559,0,54
2.6559,1,54
1.6559,0,54
-0.34412,0,54
-1.3441,0,54
-0.34412,1,54
0.65588,1,54
-1.3441,1,54
-2.3441,0,54
