0,0,-4.7775,1,1,1
0,0,-4.7775,1,1,1
0,0,2.2225,1,1,1
0,0,-2.7775,1,1,1
0,0,-2.7775,1,1,1
0,0,2.2225,1,1,1
0,0,-4.7775,1,1,1
0,0,2.2225,0,1,1
0,0,3.2225,1,1,1
0,0,-2.7775,1,1,1
0,0,-4.7775,1,1,1
0,0,-4.7775,1,1,1
0,0,-4.7775,1,1,1
0,0,-3.7775,1,1,1
0,0,4.2225,1,1,1
0,0,-4.7775,1,1,1
0,0,-2.7775,1,1,1
0,0,-4.7775,1,1,1
0,0,4.2225,1,1,1
0,0,4.2225,1,1,1
0,0,4.2225,1,1,1
0,0,-3.7775,0,1,1
0,0,-4.7775,1,1,1
0,0,-4.7775,1,1,1
0,0,4.2225,1,1,1
0,0,3.2225,1,1,1
0,0,4.2225,1,3,1
0,0,4.2225,1,3,1
0,0,4.2225,1,3,1
0,0,4.2225,1,3,1
0,0,4.2225,1,3,1
0,0,4.2225,1,3,1
0,0,4.2225,0,3,1
0,0,2.2225,1,3,1
0,0,4.2225,1,3,1
0,0,-3.7775,0,3,1
0,0,-2.7775,1,3,1
0,0,3.2225,0,3,1
0,0,-4.7775,1,3,1
0,0,2.2225,1,3,1
0,0,2.2225,1,3,1
0,0,-4.7775,0,3,1
0,0,-4.7775,1,3,1
0,0,-3.7775,0,3,1
0,0,2.2225,1,3,1
0,0,-2.7775,1,3,1
0,0,2.2225,0,3,1
0,0,-4.7775,1,3,1
0,0,-4.7775,1,3,1
0,0,-3.7775,1,3,1
0,0,-4.7775,1,3,1
0,0,-4.7775,1,3,1
0,0,4.2225,1,5,1
0,0,4.2225,1,5,1
0,0,-4.7775,1,5,1
0,0,-2.7775,1,5,1
0,0,-2.7775,1,5,1
0,0,2.2225,1,5,1
0,0,2.2225,1,5,1
0,0,2.2225,1,5,1
0,0,-4.7775,0,5,1
0,0,2.2225,1,5,1
0,0,-3.7775,0,5,1
0,0,-4.7775,0,5,1
0,0,4.2225,1,5,1
0,0,-4.7775,1,5,1
0,0,4.2225,1,5,1
0,0,-4.7775,0,5,1
0,0,-2.7775,1,5,1
0,0,2.2225,1,5,1
0,0,3.2225,1,5,1
0,0,-4.7775,1,5,1
0,0,-2.7775,1,5,1
0,0,-3.7775,1,5,1
0,0,-4.7775,0,5,1
0,0,-4.7775,0,5,1
0,0,-2.7775,1,5,1
0,0,4.2225,1,5,1
0,0,2.2225,1,6,1
0,0,4.2225,1,6,1
0,0,-3.7775,0,6,1
0,0,4.2225,1,6,1
0,0,-2.7775,0,6,1
0,0,3.2225,1,6,1
0,0,-3.7775,1,6,1
0,0,4.2225,0,6,1
0,0,4.2225,1,6,1
0,0,4.2225,1,6,1
0,0,3.2225,1,6,1
0,0,-2.7775,1,6,1
0,0,-2.7775,1,6,1
0,0,4.2225,1,6,1
0,0,4.2225,1,6,1
0,0,-4.7775,1,6,1
0,0,-2.7775,0,6,1
0,0,3.2225,1,6,1
0,0,-3.7775,1,6,1
0,0,2.2225,0,6,1
0,0,4.2225,1,6,1
0,0,-2.7775,1,6,1
0,0,-2.7775,1,6,1
0,0,-4.7775,1,6,1
0,0,-4.7775,1,6,1
0,0,4.2225,1,6,1
0,0,4.2225,0,7,1
0,0,4.2225,1,7,1
0,0,-4.7775,1,7,1
0,0,-2.7775,0,7,1
0,0,-2.7775,0,7,1
0,0,2.2225,0,7,1
0,0,2.2225,1,7,1
0,0,2.2225,1,7,1
0,0,-4.7775,0,7,1
0,0,2.2225,1,7,1
0,0,-3.7775,0,7,1
0,0,-4.7775,1,7,1
0,0,4.2225,1,7,1
0,0,-4.7775,1,7,1
0,0,4.2225,1,7,1
0,0,-4.7775,0,7,1
0,0,-2.7775,0,7,1
0,0,2.2225,1,7,1
0,0,3.2225,1,7,1
0,0,-4.7775,0,7,1
0,0,-2.7775,1,7,1
0,0,-3.7775,1,7,1
0,0,-4.7775,1,7,1
0,0,-4.7775,1,7,1
0,0,-2.7775,0,7,1
0,0,4.2225,1,7,1
0,0,-2.7775,1,9,1
0,0,4.2225,1,9,1
0,0,2.2225,0,9,1
0,0,2.2225,1,9,1
0,0,-3.7775,1,9,1
0,0,-4.7775,1,9,1
0,0,4.2225,1,9,1
0,0,4.2225,1,9,1
0,0,-3.7775,0,9,1
0,0,-4.7775,1,9,1
0,0,-4.7775,1,9,1
0,0,-4.7775,1,9,1
0,0,-4.7775,1,9,1
0,0,4.2225,1,9,1
0,0,3.2225,1,9,1
0,0,4.2225,1,9,1
0,0,4.2225,1,9,1
0,0,2.2225,1,9,1
0,0,-4.7775,1,9,1
0,0,2.2225,1,9,1
0,0,-4.7775,1,9,1
0,0,-4.7775,1,9,1
0,0,-4.7775,1,9,1
0,0,-4.7775,1,9,1
0,0,2.2225,1,9,1
0,0,3.2225,1,9,1
0,0,-4.7775,1,10,0
0,0,-3.7775,0,10,0
0,0,-4.7775,0,10,0
0,0,-4.7775,0,10,0
0,0,-4.7775,0,10,0
0,0,3.2225,1,10,0
0,0,4.2225,1,10,0
0,0,2.2225,0,10,0
0,0,4.2225,1,10,0
0,0,-2.7775,1,10,0
0,0,4.2225,0,10,0
0,0,4.2225,1,10,0
0,0,2.2225,0,10,0
0,0,4.2225,1,10,0
0,0,2.2225,0,10,0
0,0,-3.7775,1,10,0
0,0,4.2225,1,10,0
0,0,3.2225,1,10,0
0,0,4.2225,1,10,0
0,0,4.2225,0,10,0
0,0,3.2225,1,10,0
0,0,-4.7775,1,10,0
0,0,4.2225,0,10,0
0,0,-3.7775,0,10,0
0,0,4.2225,0,10,0
0,0,-3.7775,1,10,0
0,0,4.2225,1,11,0
0,0,-4.7775,1,11,0
0,0,-3.7775,1,11,0
0,0,4.2225,1,11,0
0,0,-4.7775,1,11,0
0,0,-4.7775,1,11,0
0,0,2.2225,0,11,0
0,0,2.2225,0,11,0
0,0,-4.7775,1,11,0
0,0,4.2225,1,11,0
0,0,-2.7775,0,11,0
0,0,-3.7775,1,11,0
0,0,-4.7775,1,11,0
0,0,4.2225,1,11,0
0,0,2.2225,1,11,0
0,0,4.2225,1,11,0
0,0,2.2225,1,11,0
0,0,4.2225,1,11,0
0,0,-4.7775,0,11,0
0,0,-3.7775,1,11,0
0,0,2.2225,1,11,0
0,0,-4.7775,1,11,0
0,0,2.2225,1,11,0
0,0,3.2225,1,11,0
0,0,4.2225,1,11,0
0,0,2.2225,1,11,0
0,0,2.2225,1,12,1
0,0,3.2225,0,12,1
0,0,4.2225,1,12,1
0,0,-3.7775,1,12,1
0,0,-2.7775,1,12,1
0,0,2.2225,0,12,1
0,0,4.2225,1,12,1
0,0,3.2225,1,12,1
0,0,4.2225,1,12,1
0,0,-2.7775,1,12,1
0,0,4.2225,1,12,1
0,0,2.2225,1,12,1
0,0,-4.7775,1,12,1
0,0,-2.7775,1,12,1
0,0,4.2225,1,12,1
0,0,4.2225,1,12,1
0,0,3.2225,1,12,1
0,0,2.2225,0,12,1
0,0,4.2225,0,12,1
0,0,4.2225,0,12,1
0,0,4.2225,1,12,1
0,0,4.2225,0,12,1
0,0,3.2225,1,12,1
0,0,-4.7775,1,12,1
0,0,2.2225,1,12,1
0,0,4.2225,1,13,1
0,0,4.2225,1,13,1
0,0,-4.7775,1,13,1
0,0,-4.7775,1,13,1
0,0,-4.7775,1,13,1
0,0,2.2225,1,13,1
0,0,-4.7775,1,13,1
0,0,-4.7775,1,13,1
0,0,-4.7775,1,13,1
0,0,4.2225,1,13,1
0,0,3.2225,1,13,1
0,0,-4.7775,1,13,1
0,0,-2.7775,1,13,1
0,0,-4.7775,1,13,1
0,0,-2.7775,1,13,1
0,0,2.2225,1,13,1
0,0,-4.7775,1,13,1
0,0,2.2225,0,13,1
0,0,-2.7775,0,13,1
0,0,-2.7775,1,13,1
0,0,4.2225,1,13,1
0,0,2.2225,1,13,1
0,0,-4.7775,1,13,1
0,0,-2.7775,1,13,1
0,0,4.2225,0,13,1
0,0,-4.7775,0,13,1
0,0,4.2225,1,14,1
0,0,-3.7775,1,14,1
0,0,-3.7775,1,14,1
0,0,-3.7775,1,14,1
0,0,4.2225,1,14,1
0,0,4.2225,1,14,1
0,0,2.2225,1,14,1
0,0,-2.7775,1,14,1
0,0,4.2225,1,14,1
0,0,-4.7775,1,14,1
0,0,-4.7775,1,14,1
0,0,4.2225,0,14,1
0,0,-4.7775,1,14,1
0,0,4.2225,1,14,1
0,0,2.2225,1,14,1
0,0,-4.7775,1,14,1
0,0,-4.7775,1,14,1
0,0,2.2225,1,14,1
0,0,4.2225,0,14,1
0,0,-4.7775,1,14,1
0,0,-2.7775,1,14,1
0,0,2.2225,0,14,1
0,0,2.2225,1,14,1
0,0,3.2225,1,14,1
0,0,-2.7775,1,14,1
0,0,-3.7775,1,14,1
0,0,-3.7775,0,15,1
0,0,-4.7775,0,15,1
0,0,-4.7775,0,15,1
0,0,-4.7775,0,15,1
0,0,4.2225,0,15,1
0,0,4.2225,0,15,1
0,0,4.2225,1,15,1
0,0,-2.7775,0,15,1
0,0,3.2225,1,15,1
0,0,-4.7775,0,15,1
0,0,4.2225,1,15,1
0,0,4.2225,1,15,1
0,0,4.2225,1,15,1
0,0,3.2225,1,15,1
0,0,-2.7775,0,15,1
0,0,-2.7775,1,15,1
0,0,-2.7775,0,15,1
0,0,4.2225,1,15,1
0,0,3.2225,1,15,1
0,0,-2.7775,0,15,1
0,0,2.2225,1,15,1
0,0,-4.7775,0,15,1
0,0,-4.7775,0,15,1
0,0,3.2225,1,15,1
0,0,4.2225,1,15,1
0,0,-3.7775,0,15,1
0,0,-4.7775,0,16,0
0,0,2.2225,0,16,0
0,0,2.2225,1,16,0
0,0,-4.7775,1,16,0
0,0,-3.7775,1,16,0
0,0,3.2225,1,16,0
0,0,-2.7775,1,16,0
0,0,3.2225,1,16,0
0,0,-4.7775,1,16,0
0,0,-4.7775,1,16,0
0,0,-2.7775,1,16,0
0,0,-4.7775,1,16,0
0,0,-3.7775,0,16,0
0,0,-4.7775,0,16,0
0,0,-4.7775,0,16,0
0,0,4.2225,1,16,0
0,0,4.2225,1,16,0
0,0,4.2225,1,16,0
0,0,3.2225,1,16,0
0,0,-4.7775,1,16,0
0,0,3.2225,1,16,0
0,0,4.2225,1,16,0
0,0,2.2225,1,16,0
0,0,2.2225,1,16,0
0,0,-2.7775,1,16,0
0,0,3.2225,1,17,1
0,0,3.2225,1,17,1
0,0,2.2225,1,17,1
0,0,-4.7775,1,17,1
0,0,-4.7775,1,17,1
0,0,-4.7775,1,17,1
0,0,3.2225,1,17,1
0,0,3.2225,1,17,1
0,0,-2.7775,0,17,1
0,0,-4.7775,0,17,1
0,0,-4.7775,0,17,1
0,0,4.2225,1,17,1
0,0,-3.7775,0,17,1
0,0,-2.7775,1,17,1
0,0,3.2225,1,17,1
0,0,-3.7775,0,17,1
0,0,-4.7775,0,17,1
0,0,-4.7775,0,17,1
0,0,-4.7775,0,17,1
0,0,-2.7775,1,17,1
0,0,-4.7775,0,17,1
0,0,4.2225,1,17,1
0,0,4.2225,1,17,1
0,0,-3.7775,1,17,1
0,0,-4.7775,1,17,1
0,0,-4.7775,1,17,1
0,0,-2.7775,1,19,1
0,0,3.2225,1,19,1
0,0,-4.7775,1,19,1
0,0,4.2225,1,19,1
0,0,4.2225,0,19,1
0,0,4.2225,1,19,1
0,0,-2.7775,1,19,1
0,0,4.2225,1,19,1
0,0,-3.7775,1,19,1
0,0,-4.7775,0,19,1
0,0,-3.7775,1,19,1
0,0,4.2225,1,19,1
0,0,4.2225,1,19,1
0,0,-3.7775,1,19,1
0,0,-4.7775,1,19,1
0,0,-3.7775,0,19,1
0,0,-4.7775,1,19,1
0,0,-4.7775,1,19,1
0,0,-3.7775,1,19,1
0,0,-2.7775,1,19,1
0,0,-3.7775,1,19,1
0,0,4.2225,1,19,1
0,0,2.2225,1,19,1
0,0,-4.7775,0,19,1
0,0,2.2225,1,19,1
0,0,-4.7775,1,19,1
0,0,3.2225,1,20,0
0,0,-4.7775,1,20,0
0,0,4.2225,1,20,0
0,0,2.2225,1,20,0
0,0,4.2225,1,20,0
0,0,3.2225,1,20,0
0,0,4.2225,1,20,0
0,0,-3.7775,1,20,0
0,0,4.2225,0,20,0
0,0,-3.7775,0,20,0
0,0,4.2225,1,20,0
0,0,-4.7775,1,20,0
0,0,4.2225,1,20,0
0,0,-4.7775,0,20,0
0,0,4.2225,1,20,0
0,0,4.2225,1,20,0
0,0,3.2225,0,20,0
0,0,3.2225,1,20,0
0,0,-4.7775,0,20,0
0,0,-2.7775,1,20,0
0,0,-3.7775,0,20,0
0,0,3.2225,1,20,0
0,0,2.2225,1,20,0
0,0,3.2225,0,20,0
0,0,3.2225,1,20,0
0,0,-4.7775,1,20,0
0,0,4.2225,1,21,1
0,0,4.2225,1,21,1
0,0,-4.7775,1,21,1
0,0,-2.7775,1,21,1
0,0,2.2225,1,21,1
0,0,4.2225,1,21,1
0,0,-2.7775,1,21,1
0,0,-3.7775,1,21,1
0,0,4.2225,1,21,1
0,0,3.2225,1,21,1
0,0,-3.7775,0,21,1
0,0,4.2225,0,21,1
0,0,-4.7775,1,21,1
0,0,4.2225,1,21,1
0,0,-2.7775,0,21,1
0,0,2.2225,1,21,1
0,0,4.2225,1,21,1
0,0,4.2225,1,21,1
0,0,-3.7775,1,21,1
0,0,3.2225,1,21,1
0,0,4.2225,1,21,1
0,0,4.2225,1,21,1
0,0,2.2225,1,21,1
0,0,4.2225,1,21,1
0,0,2.2225,1,22,1
0,0,-4.7775,1,22,1
0,0,-4.7775,0,22,1
0,0,2.2225,1,22,1
0,0,2.2225,0,22,1
0,0,-2.7775,1,22,1
0,0,3.2225,1,22,1
0,0,4.2225,1,22,1
0,0,4.2225,1,22,1
0,0,-4.7775,1,22,1
0,0,-4.7775,0,22,1
0,0,4.2225,1,22,1
0,0,-4.7775,1,22,1
0,0,2.2225,0,22,1
0,0,3.2225,1,22,1
0,0,2.2225,1,22,1
0,0,-3.7775,1,22,1
0,0,-2.7775,0,22,1
0,0,-2.7775,1,22,1
0,0,-4.7775,0,22,1
0,0,2.2225,0,22,1
0,0,-4.7775,0,22,1
0,0,2.2225,1,22,1
0,0,2.2225,1,22,1
0,0,-3.7775,0,22,1
0,0,-4.7775,0,23,1
0,0,4.2225,1,23,1
0,0,4.2225,1,23,1
0,0,3.2225,1,23,1
0,0,-2.7775,1,23,1
0,0,4.2225,1,23,1
0,0,4.2225,1,23,1
0,0,-2.7775,1,23,1
0,0,-4.7775,1,23,1
0,0,-4.7775,0,23,1
0,0,-4.7775,1,23,1
0,0,2.2225,0,23,1
0,0,4.2225,1,23,1
0,0,-4.7775,0,23,1
0,0,-2.7775,1,23,1
0,0,-4.7775,1,23,1
0,0,-3.7775,1,23,1
0,0,-4.7775,0,23,1
0,0,-4.7775,1,23,1
0,0,4.2225,1,23,1
0,0,4.2225,1,23,1
0,0,4.2225,1,23,1
0,0,4.2225,1,23,1
0,0,4.2225,1,23,1
0,0,-4.7775,1,23,1
0,0,4.2225,1,23,1
0,0,4.2225,1,24,1
0,0,-4.7775,0,24,1
0,0,-4.7775,0,24,1
0,0,-2.7775,1,24,1
0,0,4.2225,0,24,1
0,0,4.2225,0,24,1
0,0,4.2225,0,24,1
0,0,4.2225,0,24,1
0,0,4.2225,1,24,1
0,0,3.2225,0,24,1
0,0,4.2225,1,24,1
0,0,2.2225,0,24,1
0,0,4.2225,0,24,1
0,0,4.2225,1,24,1
0,0,-3.7775,1,24,1
0,0,-4.7775,0,24,1
0,0,-4.7775,0,24,1
0,0,2.2225,1,24,1
0,0,4.2225,1,24,1
0,0,4.2225,1,24,1
0,0,2.2225,0,24,1
0,0,4.2225,0,24,1
0,0,4.2225,0,24,1
0,0,4.2225,0,24,1
0,0,4.2225,1,24,1
0,0,4.2225,1,25,1
0,0,-2.7775,1,25,1
0,0,3.2225,1,25,1
0,0,-3.7775,1,25,1
0,0,2.2225,1,25,1
0,0,2.2225,1,25,1
0,0,-4.7775,1,25,1
0,0,3.2225,1,25,1
0,0,-2.7775,1,25,1
0,0,3.2225,1,25,1
0,0,-4.7775,0,25,1
0,0,-2.7775,1,25,1
0,0,-4.7775,1,25,1
0,0,4.2225,1,25,1
0,0,4.2225,1,25,1
0,0,3.2225,1,25,1
0,0,4.2225,1,25,1
0,0,-2.7775,1,25,1
0,0,3.2225,1,25,1
0,0,4.2225,1,25,1
0,0,4.2225,0,25,1
0,0,-4.7775,1,25,1
0,0,-4.7775,1,25,1
0,0,3.2225,1,25,1
0,0,4.2225,1,25,1
0,0,-2.7775,0,25,1
0,0,-4.7775,1,27,0
0,0,4.2225,0,27,0
0,0,2.2225,1,27,0
0,0,4.2225,1,27,0
0,0,2.2225,1,27,0
0,0,-2.7775,1,27,0
0,0,-4.7775,1,27,0
0,0,-4.7775,0,27,0
0,0,-3.7775,1,27,0
0,0,4.2225,1,27,0
0,0,4.2225,1,27,0
0,0,4.2225,1,27,0
0,0,-4.7775,1,27,0
0,0,-4.7775,1,27,0
0,0,2.2225,1,27,0
0,0,-4.7775,1,27,0
0,0,3.2225,1,27,0
0,0,-4.7775,1,27,0
0,0,-4.7775,1,27,0
0,0,4.2225,1,27,0
0,0,4.2225,1,27,0
0,0,2.2225,1,27,0
0,0,4.2225,1,27,0
0,0,-4.7775,0,27,0
0,0,-4.7775,1,27,0
0,0,2.2225,1,27,0
0,0,3.2225,1,28,1
0,0,4.2225,1,28,1
0,0,3.2225,0,28,1
0,0,-2.7775,1,28,1
0,0,-4.7775,0,28,1
0,0,-4.7775,1,28,1
0,0,-4.7775,1,28,1
0,0,-3.7775,0,28,1
0,0,-2.7775,1,28,1
0,0,4.2225,1,28,1
0,0,4.2225,1,28,1
0,0,-4.7775,1,28,1
0,0,-2.7775,0,28,1
0,0,-4.7775,0,28,1
0,0,2.2225,1,28,1
0,0,-2.7775,0,28,1
0,0,2.2225,1,28,1
0,0,4.2225,1,28,1
0,0,3.2225,1,28,1
0,0,-3.7775,1,28,1
0,0,-4.7775,1,28,1
0,0,4.2225,1,28,1
0,0,4.2225,1,28,1
0,0,-2.7775,1,28,1
0,0,4.2225,1,28,1
0,0,3.2225,1,29,0
0,0,4.2225,1,29,0
0,0,2.2225,1,29,0
0,0,4.2225,1,29,0
0,0,4.2225,0,29,0
0,0,4.2225,1,29,0
0,0,2.2225,1,29,0
0,0,4.2225,1,29,0
0,0,2.2225,0,29,0
0,0,-4.7775,1,29,0
0,0,4.2225,1,29,0
0,0,2.2225,1,29,0
0,0,-3.7775,0,29,0
0,0,2.2225,1,29,0
0,0,4.2225,1,29,0
0,0,4.2225,0,29,0
0,0,-2.7775,1,29,0
0,0,-4.7775,0,29,0
0,0,-4.7775,0,29,0
0,0,3.2225,1,29,0
0,0,-4.7775,1,29,0
0,0,2.2225,1,29,0
0,0,-3.7775,1,29,0
0,0,3.2225,1,29,0
0,0,-4.7775,0,29,0
0,0,2.2225,1,29,0
0,0,4.2225,1,30,1
0,0,4.2225,1,30,1
0,0,4.2225,1,30,1
0,0,-2.7775,1,30,1
0,0,-4.7775,1,30,1
0,0,-4.7775,1,30,1
0,0,3.2225,1,30,1
0,0,-2.7775,1,30,1
0,0,-4.7775,1,30,1
0,0,-2.7775,0,30,1
0,0,-4.7775,0,30,1
0,0,-2.7775,1,30,1
0,0,-2.7775,1,30,1
0,0,-2.7775,1,30,1
0,0,3.2225,1,30,1
0,0,-4.7775,1,30,1
0,0,2.2225,1,30,1
0,0,-3.7775,1,30,1
0,0,3.2225,1,30,1
0,0,4.2225,1,30,1
0,0,2.2225,1,30,1
0,0,4.2225,1,30,1
0,0,-3.7775,1,30,1
0,0,-3.7775,1,30,1
0,0,-3.7775,1,30,1
0,0,2.2225,1,30,1
0,0,-4.7775,1,34,0
0,0,-4.7775,1,34,0
0,0,4.2225,1,34,0
0,0,-4.7775,0,34,0
0,0,-4.7775,1,34,0
0,0,-3.7775,0,34,0
0,0,4.2225,1,34,0
0,0,-3.7775,0,34,0
0,0,-4.7775,1,34,0
0,0,-4.7775,1,34,0
0,0,-4.7775,1,34,0
0,0,-2.7775,0,34,0
0,0,2.2225,1,34,0
0,0,-4.7775,0,34,0
0,0,-3.7775,0,34,0
0,0,4.2225,1,34,0
0,0,-3.7775,0,34,0
0,0,-4.7775,1,34,0
0,0,4.2225,1,34,0
0,0,2.2225,1,34,0
0,0,2.2225,0,34,0
0,0,4.2225,1,34,0
0,0,2.2225,1,34,0
0,0,2.2225,1,34,0
0,0,-2.7775,1,34,0
0,0,-2.7775,1,34,0
0,0,-3.7775,1,35,0
0,0,-4.7775,0,35,0
0,0,-2.7775,0,35,0
0,0,4.2225,0,35,0
0,0,2.2225,1,35,0
0,0,-2.7775,0,35,0
0,0,-4.7775,0,35,0
0,0,-4.7775,0,35,0
0,0,2.2225,1,35,0
0,0,2.2225,1,35,0
0,0,3.2225,1,35,0
0,0,-2.7775,1,35,0
0,0,4.2225,1,35,0
0,0,-3.7775,1,35,0
0,0,3.2225,1,35,0
0,0,2.2225,1,35,0
0,0,-3.7775,0,35,0
0,0,-4.7775,1,35,0
0,0,3.2225,1,35,0
0,0,4.2225,1,35,0
0,0,4.2225,1,35,0
0,0,-2.7775,0,35,0
0,0,-2.7775,1,35,0
0,0,2.2225,1,35,0
0,0,-4.7775,1,35,0
0,0,3.2225,1,35,0
0,0,2.2225,1,36,0
0,0,-4.7775,1,36,0
0,0,-2.7775,0,36,0
0,0,4.2225,1,36,0
0,0,4.2225,1,36,0
0,0,-4.7775,1,36,0
0,0,-3.7775,1,36,0
0,0,2.2225,0,36,0
0,0,-4.7775,0,36,0
0,0,3.2225,1,36,0
0,0,4.2225,1,36,0
0,0,4.2225,1,36,0
0,0,-2.7775,1,36,0
0,0,3.2225,1,36,0
0,0,-4.7775,1,36,0
0,0,-4.7775,1,36,0
0,0,4.2225,1,36,0
0,0,-4.7775,1,36,0
0,0,-3.7775,1,36,0
0,0,-2.7775,1,36,0
0,0,4.2225,1,36,0
0,0,2.2225,1,36,0
0,0,3.2225,1,36,0
0,0,4.2225,1,36,0
0,0,2.2225,1,36,0
0,0,3.2225,0,37,1
0,0,3.2225,0,37,1
0,0,-4.7775,0,37,1
0,0,3.2225,1,37,1
0,0,4.2225,1,37,1
0,0,-3.7775,1,37,1
0,0,-4.7775,1,37,1
0,0,-2.7775,1,37,1
0,0,2.2225,1,37,1
0,0,-2.7775,1,37,1
0,0,-4.7775,1,37,1
0,0,-4.7775,1,37,1
0,0,2.2225,1,37,1
0,0,4.2225,1,37,1
0,0,-3.7775,1,37,1
0,0,-2.7775,1,37,1
0,0,-4.7775,1,37,1
0,0,2.2225,1,37,1
0,0,2.2225,1,37,1
0,0,-4.7775,1,37,1
0,0,4.2225,1,37,1
0,0,2.2225,1,37,1
0,0,-4.7775,0,37,1
0,0,4.2225,1,37,1
0,0,4.2225,1,37,1
0,0,3.2225,1,37,1
0,0,2.2225,1,38,1
0,0,-4.7775,0,38,1
0,0,-3.7775,1,38,1
0,0,-4.7775,1,38,1
0,0,2.2225,1,38,1
0,0,-2.7775,1,38,1
0,0,3.2225,1,38,1
0,0,2.2225,1,38,1
0,0,4.2225,1,38,1
0,0,2.2225,1,38,1
0,0,-4.7775,1,38,1
0,0,-3.7775,1,38,1
0,0,-4.7775,1,38,1
0,0,-4.7775,1,38,1
0,0,-4.7775,1,38,1
0,0,-2.7775,1,38,1
0,0,2.2225,1,38,1
0,0,2.2225,1,38,1
0,0,-2.7775,1,38,1
0,0,2.2225,1,38,1
0,0,-2.7775,1,38,1
0,0,-3.7775,1,38,1
0,0,-2.7775,1,38,1
0,0,-4.7775,1,38,1
0,0,4.2225,1,38,1
0,0,-2.7775,1,38,1
0,0,4.2225,1,39,0
0,0,3.2225,1,39,0
0,0,4.2225,1,39,0
0,0,-4.7775,0,39,0
0,0,4.2225,1,39,0
0,0,4.2225,1,39,0
0,0,-4.7775,1,39,0
0,0,-4.7775,1,39,0
0,0,-2.7775,0,39,0
0,0,-4.7775,0,39,0
0,0,-4.7775,0,39,0
0,0,-2.7775,0,39,0
0,0,2.2225,1,39,0
0,0,4.2225,1,39,0
0,0,4.2225,1,39,0
0,0,-4.7775,1,39,0
0,0,-2.7775,1,39,0
0,0,-3.7775,1,39,0
0,0,4.2225,1,39,0
0,0,-4.7775,1,39,0
0,0,-4.7775,1,39,0
0,0,2.2225,1,39,0
0,0,2.2225,1,39,0
0,0,3.2225,1,39,0
0,0,-4.7775,1,39,0
0,0,4.2225,1,39,0
0,0,4.2225,0,40,0
0,0,2.2225,0,40,0
0,0,-2.7775,1,40,0
0,0,2.2225,0,40,0
0,0,4.2225,0,40,0
0,0,3.2225,0,40,0
0,0,2.2225,1,40,0
0,0,2.2225,1,40,0
0,0,4.2225,1,40,0
0,0,3.2225,0,40,0
0,0,-4.7775,1,40,0
0,0,-3.7775,1,40,0
0,0,3.2225,1,40,0
0,0,-3.7775,0,40,0
0,0,-2.7775,0,40,0
0,0,4.2225,1,40,0
0,0,4.2225,0,40,0
0,0,3.2225,0,40,0
0,0,4.2225,0,40,0
0,0,4.2225,1,40,0
0,0,-4.7775,0,40,0
0,0,2.2225,0,40,0
0,0,2.2225,0,40,0
0,0,2.2225,1,40,0
0,0,3.2225,1,40,0
0,0,3.2225,0,40,0
0,0,4.2225,1,41,1
0,0,3.2225,1,41,1
0,0,-4.7775,1,41,1
0,0,2.2225,0,41,1
0,0,4.2225,1,41,1
0,0,-4.7775,1,41,1
0,0,2.2225,1,41,1
0,0,2.2225,0,41,1
0,0,-4.7775,1,41,1
0,0,-4.7775,1,41,1
0,0,-3.7775,0,41,1
0,0,-3.7775,0,41,1
0,0,3.2225,1,41,1
0,0,3.2225,1,41,1
0,0,4.2225,1,41,1
0,0,-4.7775,1,41,1
0,0,4.2225,1,41,1
0,0,3.2225,1,41,1
0,0,4.2225,1,41,1
0,0,4.2225,1,41,1
0,0,4.2225,1,41,1
0,0,2.2225,0,41,1
0,0,4.2225,0,41,1
0,0,-4.7775,1,41,1
0,0,-4.7775,1,42,1
0,0,3.2225,1,42,1
0,0,3.2225,1,42,1
0,0,4.2225,1,42,1
0,0,4.2225,1,42,1
0,0,4.2225,1,42,1
0,0,2.2225,1,42,1
0,0,-4.7775,1,42,1
0,0,4.2225,1,42,1
0,0,-3.7775,1,42,1
0,0,-4.7775,0,42,1
0,0,-3.7775,1,42,1
0,0,3.2225,1,42,1
0,0,4.2225,1,42,1
0,0,4.2225,0,42,1
0,0,3.2225,1,42,1
0,0,4.2225,1,42,1
0,0,4.2225,1,42,1
0,0,4.2225,1,42,1
0,0,4.2225,1,42,1
0,0,3.2225,1,42,1
0,0,2.2225,1,42,1
0,0,-4.7775,1,42,1
0,0,-3.7775,1,42,1
0,0,2.2225,0,42,1
0,0,3.2225,0,42,1
0,0,4.2225,1,43,0
0,0,4.2225,1,43,0
0,0,4.2225,1,43,0
0,0,-3.7775,0,43,0
0,0,3.2225,1,43,0
0,0,-4.7775,1,43,0
0,0,3.2225,1,43,0
0,0,-4.7775,1,43,0
0,0,2.2225,1,43,0
0,0,-4.7775,1,43,0
0,0,-4.7775,0,43,0
0,0,-3.7775,1,43,0
0,0,-2.7775,1,43,0
0,0,-3.7775,1,43,0
0,0,2.2225,1,43,0
0,0,2.2225,1,43,0
0,0,-4.7775,1,43,0
0,0,-4.7775,1,43,0
0,0,-4.7775,0,43,0
0,0,-2.7775,1,43,0
0,0,3.2225,1,43,0
0,0,4.2225,1,43,0
0,0,2.2225,1,43,0
0,0,3.2225,0,43,0
0,0,-4.7775,0,43,0
0,0,-3.7775,0,43,0
0,0,3.2225,1,44,1
0,0,-3.7775,1,44,1
0,0,-4.7775,1,44,1
0,0,3.2225,1,44,1
0,0,-4.7775,1,44,1
0,0,-4.7775,1,44,1
0,0,-4.7775,1,44,1
0,0,-2.7775,0,44,1
0,0,3.2225,1,44,1
0,0,4.2225,0,44,1
0,0,2.2225,1,44,1
0,0,-4.7775,0,44,1
0,0,-2.7775,1,44,1
0,0,-3.7775,1,44,1
0,0,-4.7775,0,44,1
0,0,-3.7775,1,44,1
0,0,4.2225,0,44,1
0,0,4.2225,1,44,1
0,0,4.2225,1,44,1
0,0,4.2225,1,44,1
0,0,4.2225,1,44,1
0,0,-2.7775,1,44,1
0,0,-4.7775,0,44,1
0,0,-4.7775,1,44,1
0,0,-4.7775,1,44,1
0,0,3.2225,1,44,1
0,0,2.2225,1,45,0
0,0,2.2225,0,45,0
0,0,3.2225,1,45,0
0,0,4.2225,1,45,0
0,0,3.2225,1,45,0
0,0,-2.7775,1,45,0
0,0,-4.7775,1,45,0
0,0,-2.7775,1,45,0
0,0,4.2225,1,45,0
0,0,4.2225,1,45,0
0,0,4.2225,1,45,0
0,0,3.2225,1,45,0
0,0,-3.7775,1,45,0
0,0,-2.7775,1,45,0
0,0,4.2225,1,45,0
0,0,4.2225,1,45,0
0,0,2.2225,1,45,0
0,0,-4.7775,0,45,0
0,0,-4.7775,1,45,0
0,0,3.2225,0,45,0
0,0,-2.7775,1,45,0
0,0,3.2225,1,45,0
0,0,-2.7775,1,45,0
0,0,-3.7775,0,45,0
0,0,4.2225,1,45,0
0,0,-4.7775,0,46,0
0,0,-3.7775,1,46,0
0,0,-4.7775,1,46,0
0,0,-4.7775,1,46,0
0,0,-4.7775,0,46,0
0,0,-4.7775,1,46,0
0,0,-4.7775,0,46,0
0,0,-4.7775,0,46,0
0,0,2.2225,1,46,0
0,0,4.2225,1,46,0
0,0,4.2225,1,46,0
0,0,4.2225,1,46,0
0,0,2.2225,1,46,0
0,0,4.2225,1,46,0
0,0,4.2225,1,46,0
0,0,-3.7775,0,46,0
0,0,4.2225,0,46,0
0,0,4.2225,1,46,0
0,0,-3.7775,0,46,0
0,0,4.2225,1,46,0
0,0,-3.7775,0,46,0
0,0,-3.7775,0,46,0
0,0,-4.7775,1,46,0
0,0,4.2225,1,46,0
0,0,4.2225,1,46,0
0,0,-2.7775,1,47,0
0,0,-3.7775,1,47,0
0,0,2.2225,1,47,0
0,0,4.2225,1,47,0
0,0,-3.7775,1,47,0
0,0,-4.7775,0,47,0
0,0,-3.7775,1,47,0
0,0,2.2225,1,47,0
0,0,-4.7775,0,47,0
0,0,-4.7775,1,47,0
0,0,-4.7775,0,47,0
0,0,4.2225,1,47,0
0,0,-3.7775,1,47,0
0,0,-4.7775,0,47,0
0,0,-4.7775,1,47,0
0,0,-4.7775,0,47,0
0,0,-4.7775,1,47,0
0,0,2.2225,1,47,0
0,0,4.2225,1,47,0
0,0,-3.7775,0,47,0
0,0,4.2225,1,47,0
0,0,4.2225,1,47,0
0,0,2.2225,1,47,0
0,0,-3.7775,1,47,0
0,0,-4.7775,1,47,0
0,0,2.2225,1,47,0
0,0,4.2225,1,48,1
0,0,4.2225,0,48,1
0,0,4.2225,1,48,1
0,0,4.2225,1,48,1
0,0,-3.7775,0,48,1
0,0,3.2225,1,48,1
0,0,1.2225,0,48,1
0,0,-2.7775,1,48,1
0,0,3.2225,0,48,1
0,0,2.2225,1,48,1
0,0,4.2225,0,48,1
0,0,-4.7775,0,48,1
0,0,2.2225,0,48,1
0,0,-3.7775,1,48,1
0,0,4.2225,0,48,1
0,0,-3.7775,1,48,1
0,0,4.2225,0,48,1
0,0,4.2225,0,48,1
0,0,2.2225,1,48,1
0,0,4.2225,1,48,1
0,0,2.2225,1,48,1
0,0,2.2225,1,48,1
0,0,4.2225,1,48,1
0,0,3.2225,1,48,1
0,0,4.2225,1,48,1
0,0,-4.7775,0,48,1
0,0,4.2225,1,49,0
0,0,4.2225,1,49,0
0,0,2.2225,1,49,0
0,0,-4.7775,0,49,0
0,0,3.2225,0,49,0
0,0,-4.7775,1,49,0
0,0,4.2225,0,49,0
0,0,4.2225,1,49,0
0,0,4.2225,1,49,0
0,0,3.2225,0,49,0
0,0,4.2225,1,49,0
0,0,4.2225,1,49,0
0,0,-2.7775,1,49,0
0,0,4.2225,1,49,0
0,0,2.2225,0,49,0
0,0,-4.7775,0,49,0
0,0,-3.7775,1,49,0
0,0,2.2225,0,49,0
0,0,-4.7775,0,49,0
0,0,-4.7775,0,49,0
0,0,2.2225,0,49,0
0,0,-3.7775,1,49,0
0,0,-3.7775,1,49,0
0,0,-4.7775,1,49,0
0,0,-3.7775,0,49,0
0,0,-4.7775,0,49,0
0,0,-4.7775,1,50,1
0,0,2.2225,1,50,1
0,0,2.2225,1,50,1
0,0,-2.7775,0,50,1
0,0,-4.7775,1,50,1
0,0,-4.7775,1,50,1
0,0,-2.7775,0,50,1
0,0,-3.7775,0,50,1
0,0,4.2225,0,50,1
0,0,4.2225,0,50,1
0,0,4.2225,1,50,1
0,0,4.2225,1,50,1
0,0,4.2225,1,50,1
0,0,-2.7775,1,50,1
0,0,-4.7775,0,50,1
0,0,3.2225,1,50,1
0,0,-4.7775,0,50,1
0,0,3.2225,1,50,1
0,0,4.2225,1,50,1
0,0,4.2225,0,50,1
0,0,3.2225,0,50,1
0,0,4.2225,1,50,1
0,0,3.2225,1,50,1
0,0,2.2225,0,50,1
0,0,-4.7775,0,50,1
0,0,-2.7775,1,50,1
0,0,3.2225,1,52,1
0,0,-3.7775,1,52,1
0,0,4.2225,1,52,1
0,0,3.2225,1,52,1
0,0,4.2225,0,52,1
0,0,-2.7775,1,52,1
0,0,4.2225,1,52,1
0,0,3.2225,1,52,1
0,0,-3.7775,0,52,1
0,0,-3.7775,1,52,1
0,0,-4.7775,1,52,1
0,0,-4.7775,1,52,1
0,0,-4.7775,1,52,1
0,0,-4.7775,1,52,1
0,0,-4.7775,1,52,1
0,0,-3.7775,1,52,1
0,0,-4.7775,1,52,1
0,0,-3.7775,0,52,1
0,0,-4.7775,1,52,1
0,0,-4.7775,1,52,1
0,0,4.2225,0,52,1
0,0,2.2225,0,52,1
0,0,4.2225,0,52,1
0,0,4.2225,1,52,1
0,0,-4.7775,1,52,1
0,0,4.2225,1,52,1
0,0,-4.7775,0,53,1
0,0,-4.7775,0,53,1
0,0,-4.7775,0,53,1
0,0,4.2225,1,53,1
0,0,4.2225,1,53,1
0,0,4.2225,1,53,1
0,0,4.2225,1,53,1
0,0,4.2225,1,53,1
0,0,3.2225,1,53,1
0,0,-4.7775,0,53,1
0,0,-3.7775,0,53,1
0,0,-4.7775,0,53,1
0,0,-4.7775,0,53,1
0,0,-3.7775,0,53,1
0,0,2.2225,1,53,1
0,0,-3.7775,0,53,1
0,0,2.2225,1,53,1
0,0,3.2225,1,53,1
0,0,4.2225,1,53,1
0,0,-2.7775,1,53,1
0,0,4.2225,1,53,1
0,0,-4.7775,0,53,1
0,0,-3.7775,0,53,1
0,0,-4.7775,0,53,1
0,0,4.2225,1,53,1
0,0,4.2225,1,53,1
0,0,2.2225,1,54,1
0,0,4.2225,0,54,1
0,0,-3.7775,1,54,1
0,0,-4.7775,1,54,1
0,0,-3.7775,0,54,1
0,0,-2.7775,0,54,1
0,0,4.2225,1,54,1
0,0,3.2225,1,54,1
0,0,-4.7775,1,54,1
0,0,-3.7775,1,54,1
0,0,-2.7775,0,54,1
0,0,4.2225,0,54,1
0,0,4.2225,0,54,1
0,0,2.2225,1,54,1
0,0,4.2225,1,54,1
0,0,4.2225,0,54,1
0,0,-3.7775,0,54,1
0,0,3.2225,1,54,1
0,0,2.2225,0,54,1
0,0,4.2225,0,54,1
0,0,4.2225,0,54,1
0,0,4.2225,0,54,1
0,0,2.2225,1,54,1
0,0,-4.7775,0,54,1
0,0,2.2225,0,54,1
0,0,4.2225,1,54,1
0,0,3.2225,0,55,0
0,0,-4.7775,0,55,0
0,0,-4.7775,1,55,0
0,0,-2.7775,1,55,0
0,0,4.2225,1,55,0
0,0,-2.7775,0,55,0
0,0,-4.7775,1,55,0
0,0,-4.7775,0,55,0
0,0,4.2225,1,55,0
0,0,4.2225,1,55,0
0,0,-3.7775,1,55,0
0,0,2.2225,1,55,0
0,0,3.2225,1,55,0
0,0,4.2225,1,55,0
0,0,4.2225,1,55,0
0,0,2.2225,1,55,0
0,0,-2.7775,0,55,0
0,0,2.2225,1,55,0
0,0,4.2225,0,55,0
0,0,4.2225,1,55,0
0,0,-2.7775,0,55,0
0,0,-2.7775,1,55,0
0,0,-4.7775,0,55,0
0,0,2.2225,1,55,0
0,0,2.2225,1,55,0
0,0,4.2225,1,55,0
0,0,-4.7775,0,56,0
0,0,-4.7775,1,56,0
0,0,-4.7775,0,56,0
0,0,-3.7775,1,56,0
0,0,-2.7775,1,56,0
0,0,4.2225,0,56,0
0,0,4.2225,1,56,0
0,0,4.2225,1,56,0
0,0,4.2225,1,56,0
0,0,3.2225,0,56,0
0,0,4.2225,1,56,0
0,0,3.2225,1,56,0
0,0,-4.7775,0,56,0
0,0,4.2225,1,56,0
0,0,4.2225,1,56,0
0,0,-2.7775,1,56,0
0,0,-3.7775,1,56,0
0,0,-3.7775,1,56,0
0,0,4.2225,0,56,0
0,0,2.2225,0,56,0
0,0,3.2225,1,56,0
0,0,-2.7775,0,56,0
0,0,4.2225,1,56,0
0,0,4.2225,1,56,0
0,0,-2.7775,1,56,0
0,0,-3.7775,0,57,1
0,0,4.2225,0,57,1
0,0,2.2225,1,57,1
0,0,4.2225,1,57,1
0,0,4.2225,0,57,1
0,0,-4.7775,0,57,1
0,0,-4.7775,0,57,1
0,0,-3.7775,0,57,1
0,0,-2.7775,1,57,1
0,0,-4.7775,1,57,1
0,0,3.2225,0,57,1
0,0,2.2225,1,57,1
0,0,4.2225,1,57,1
0,0,2.2225,0,57,1
0,0,4.2225,1,57,1
0,0,3.2225,1,57,1
0,0,4.2225,1,57,1
0,0,3.2225,1,57,1
0,0,4.2225,0,57,1
0,0,2.2225,1,57,1
0,0,2.2225,0,57,1
0,0,-4.7775,0,57,1
0,0,-4.7775,0,57,1
0,0,-4.7775,1,57,1
0,0,4.2225,1,57,1
0,0,4.2225,1,57,1
0,0,-3.7775,1,58,1
0,0,-3.7775,1,58,1
0,0,2.2225,1,58,1
0,0,-4.7775,1,58,1
0,0,4.2225,1,58,1
0,0,-4.7775,1,58,1
0,0,-4.7775,0,58,1
0,0,4.2225,1,58,1
0,0,4.2225,1,58,1
0,0,-4.7775,1,58,1
0,0,-4.7775,1,58,1
0,0,-3.7775,1,58,1
0,0,2.2225,1,58,1
0,0,-2.7775,0,58,1
0,0,3.2225,1,58,1
0,0,-4.7775,1,58,1
0,0,-4.7775,1,58,1
0,0,3.2225,1,58,1
0,0,-4.7775,1,58,1
0,0,-2.7775,1,58,1
0,0,-4.7775,1,58,1
0,0,-4.7775,1,58,1
0,0,-2.7775,1,58,1
0,0,-4.7775,1,58,1
0,0,4.2225,1,58,1
0,0,3.2225,1,59,0
0,0,4.2225,1,59,0
0,0,2.2225,1,59,0
0,0,4.2225,1,59,0
0,0,-2.7775,0,59,0
0,0,4.2225,1,59,0
0,0,2.2225,0,59,0
0,0,4.2225,0,59,0
0,0,-4.7775,0,59,0
0,0,-4.7775,0,59,0
0,0,-2.7775,1,59,0
0,0,4.2225,1,59,0
0,0,-4.7775,0,59,0
0,0,-3.7775,1,59,0
0,0,3.2225,0,59,0
0,0,-3.7775,1,59,0
0,0,4.2225,1,59,0
0,0,4.2225,0,59,0
0,0,4.2225,1,59,0
0,0,3.2225,0,59,0
0,0,3.2225,1,59,0
0,0,-2.7775,1,59,0
0,0,4.2225,0,59,0
0,0,-4.7775,0,60,1
0,0,4.2225,0,60,1
0,0,-4.7775,1,60,1
0,0,-3.7775,1,60,1
0,0,4.2225,0,60,1
0,0,4.2225,0,60,1
0,0,4.2225,0,60,1
0,0,2.2225,0,60,1
0,0,4.2225,0,60,1
0,0,4.2225,0,60,1
0,0,4.2225,1,60,1
0,0,4.2225,0,60,1
0,0,-3.7775,0,60,1
0,0,-4.7775,0,60,1
0,0,-4.7775,0,60,1
0,0,-3.7775,1,60,1
0,0,-4.7775,1,60,1
0,0,2.2225,1,60,1
0,0,4.2225,0,60,1
0,0,4.2225,1,60,1
0,0,4.2225,0,60,1
0,0,4.2225,1,60,1
0,0,3.2225,0,60,1
0,0,2.2225,0,60,1
0,0,-2.7775,1,60,1
0,0,2.2225,1,60,1
0,0,4.2225,1,61,1
0,0,4.2225,1,61,1
0,0,-4.7775,1,61,1
0,0,-4.7775,0,61,1
0,0,3.2225,1,61,1
0,0,-4.7775,0,61,1
0,0,-2.7775,1,61,1
0,0,4.2225,1,61,1
0,0,4.2225,1,61,1
0,0,3.2225,1,61,1
0,0,3.2225,1,61,1
0,0,3.2225,1,61,1
0,0,-2.7775,1,61,1
0,0,-2.7775,0,61,1
0,0,4.2225,1,61,1
0,0,2.2225,1,61,1
0,0,2.2225,1,61,1
0,0,4.2225,1,61,1
0,0,-4.7775,0,61,1
0,0,-2.7775,0,61,1
0,0,3.2225,1,61,1
0,0,4.2225,1,61,1
0,0,4.2225,1,61,1
0,0,3.2225,1,61,1
0,0,4.2225,1,61,1
0,0,4.2225,1,61,1
0,0,-3.7775,0,62,1
0,0,2.2225,1,62,1
0,0,4.2225,1,62,1
0,0,2.2225,1,62,1
0,0,4.2225,1,62,1
0,0,4.2225,1,62,1
0,0,-3.7775,0,62,1
0,0,4.2225,1,62,1
0,0,3.2225,1,62,1
0,0,4.2225,1,62,1
0,0,-2.7775,1,62,1
0,0,-3.7775,0,62,1
0,0,-2.7775,1,62,1
0,0,-4.7775,1,62,1
0,0,-4.7775,0,62,1
0,0,-2.7775,1,62,1
0,0,4.2225,0,62,1
0,0,4.2225,1,62,1
0,0,2.2225,0,62,1
0,0,-2.7775,1,62,1
0,0,-2.7775,0,62,1
0,0,-4.7775,1,62,1
0,0,-4.7775,0,62,1
0,0,-4.7775,1,62,1
0,0,-4.7775,1,62,1
0,0,2.2225,1,62,1
0,0,4.2225,1,63,0
0,0,2.2225,0,63,0
0,0,2.2225,0,63,0
0,0,-3.7775,0,63,0
0,0,4.2225,0,63,0
0,0,-4.7775,1,63,0
0,0,-4.7775,0,63,0
0,0,4.2225,0,63,0
0,0,2.2225,1,63,0
0,0,4.2225,0,63,0
0,0,-4.7775,0,63,0
0,0,3.2225,0,63,0
0,0,2.2225,0,63,0
0,0,3.2225,0,63,0
0,0,-2.7775,0,63,0
0,0,4.2225,0,63,0
0,0,4.2225,1,63,0
0,0,4.2225,0,63,0
0,0,4.2225,0,63,0
0,0,4.2225,1,63,0
0,0,4.2225,0,63,0
0,0,4.2225,1,63,0
0,0,4.2225,0,63,0
0,0,2.2225,0,63,0
0,0,-4.7775,0,63,0
0,0,-3.7775,1,63,0
0,0,4.2225,1,64,1
0,0,4.2225,1,64,1
0,0,4.2225,1,64,1
0,0,3.2225,1,64,1
0,0,-3.7775,1,64,1
0,0,4.2225,1,64,1
0,0,4.2225,1,64,1
0,0,4.2225,1,64,1
0,0,4.2225,1,64,1
0,0,4.2225,1,64,1
0,0,3.2225,1,64,1
0,0,-4.7775,0,64,1
0,0,4.2225,1,64,1
0,0,-3.7775,1,64,1
0,0,2.2225,1,64,1
0,0,-4.7775,1,64,1
0,0,-2.7775,0,64,1
0,0,-2.7775,1,64,1
0,0,-4.7775,0,64,1
0,0,-4.7775,0,64,1
0,0,-4.7775,0,64,1
0,0,-3.7775,0,64,1
0,0,-2.7775,1,64,1
0,0,4.2225,1,64,1
0,0,-4.7775,0,64,1
0,0,-2.7775,1,64,1
0,0,-4.7775,1,65,0
0,0,-3.7775,0,65,0
0,0,-4.7775,0,65,0
0,0,4.2225,0,65,0
0,0,-4.7775,1,65,0
0,0,-4.7775,0,65,0
0,0,-4.7775,1,65,0
0,0,-4.7775,0,65,0
0,0,3.2225,1,65,0
0,0,-3.7775,0,65,0
0,0,-4.7775,0,65,0
0,0,-4.7775,1,65,0
0,0,-4.7775,1,65,0
0,0,-2.7775,0,65,0
0,0,-4.7775,0,65,0
0,0,4.2225,1,65,0
0,0,3.2225,0,65,0
0,0,-3.7775,1,65,0
0,0,4.2225,1,65,0
0,0,-4.7775,0,65,0
0,0,-4.7775,1,65,0
0,0,3.2225,1,65,0
0,0,-4.7775,0,65,0
0,0,3.2225,1,65,0
0,0,3.2225,0,66,0
0,0,2.2225,1,66,0
0,0,4.2225,0,66,0
0,0,2.2225,1,66,0
0,0,4.2225,1,66,0
0,0,-2.7775,1,66,0
0,0,-4.7775,1,66,0
0,0,-4.7775,1,66,0
0,0,-4.7775,0,66,0
0,0,3.2225,1,66,0
0,0,3.2225,0,66,0
0,0,-4.7775,0,66,0
0,0,-4.7775,1,66,0
0,0,-4.7775,1,66,0
0,0,2.2225,0,66,0
0,0,-4.7775,1,66,0
0,0,-4.7775,0,66,0
0,0,2.2225,1,66,0
0,0,2.2225,1,66,0
0,0,4.2225,1,66,0
0,0,-2.7775,0,66,0
0,0,-4.7775,0,66,0
0,0,-4.7775,0,66,0
0,0,-4.7775,0,66,0
0,0,4.2225,1,66,0
0,0,-2.7775,1,66,0
0,0,2.2225,0,67,1
0,0,-4.7775,1,67,1
0,0,4.2225,0,67,1
0,0,-2.7775,0,67,1
0,0,4.2225,1,67,1
0,0,3.2225,1,67,1
0,0,2.2225,1,67,1
0,0,2.2225,1,67,1
0,0,3.2225,0,67,1
0,0,4.2225,1,67,1
0,0,4.2225,0,67,1
0,0,-3.7775,0,67,1
0,0,3.2225,0,67,1
0,0,-4.7775,0,67,1
0,0,-3.7775,1,67,1
0,0,2.2225,0,67,1
0,0,-2.7775,1,67,1
0,0,4.2225,1,67,1
0,0,4.2225,1,67,1
0,0,4.2225,1,67,1
0,0,2.2225,1,67,1
0,0,2.2225,1,67,1
0,0,-2.7775,1,68,0
0,0,4.2225,0,68,0
0,0,-4.7775,0,68,0
0,0,4.2225,1,68,0
0,0,-2.7775,0,68,0
0,0,2.2225,1,68,0
0,0,3.2225,1,68,0
0,0,4.2225,1,68,0
0,0,3.2225,1,68,0
0,0,-4.7775,1,68,0
0,0,-4.7775,0,68,0
0,0,2.2225,0,68,0
0,0,3.2225,0,68,0
0,0,-2.7775,1,68,0
0,0,-2.7775,1,68,0
0,0,-3.7775,1,68,0
0,0,4.2225,1,68,0
0,0,3.2225,1,68,0
0,0,3.2225,1,68,0
0,0,4.2225,1,68,0
0,0,-4.7775,1,68,0
0,0,-4.7775,1,68,0
0,0,-4.7775,1,68,0
0,0,-4.7775,1,68,0
0,0,-4.7775,0,68,0
0,0,2.2225,1,69,0
0,0,4.2225,0,69,0
0,0,-3.7775,1,69,0
0,0,2.2225,0,69,0
0,0,-2.7775,1,69,0
0,0,-4.7775,1,69,0
0,0,4.2225,1,69,0
0,0,-4.7775,1,69,0
0,0,-4.7775,1,69,0
0,0,-4.7775,1,69,0
0,0,-3.7775,0,69,0
0,0,-2.7775,0,69,0
0,0,-4.7775,0,69,0
0,0,4.2225,1,69,0
0,0,4.2225,0,69,0
0,0,4.2225,0,69,0
0,0,4.2225,0,69,0
0,0,4.2225,1,69,0
0,0,-4.7775,0,69,0
0,0,-2.7775,0,69,0
0,0,4.2225,1,69,0
0,0,4.2225,1,69,0
0,0,4.2225,1,69,0
0,0,-3.7775,0,69,0
0,0,-3.7775,1,69,0
0,0,4.2225,1,69,0
0,0,-4.7775,1,70,0
0,0,4.2225,1,70,0
0,0,4.2225,1,70,0
0,0,-2.7775,1,70,0
0,0,4.2225,1,70,0
0,0,-2.7775,1,70,0
0,0,4.2225,1,70,0
0,0,-4.7775,1,70,0
0,0,2.2225,1,70,0
0,0,-4.7775,1,70,0
0,0,2.2225,1,70,0
0,0,3.2225,1,70,0
0,0,4.2225,1,70,0
0,0,3.2225,1,70,0
0,0,-2.7775,0,70,0
0,0,4.2225,1,70,0
0,0,4.2225,1,70,0
0,0,2.2225,1,70,0
0,0,4.2225,1,70,0
0,0,-2.7775,0,70,0
0,0,2.2225,1,70,0
0,0,-4.7775,0,70,0
0,0,-4.7775,1,70,0
0,0,-4.7775,1,70,0
0,0,3.2225,1,70,0
0,0,2.2225,1,70,0
0,0,-4.7775,0,71,1
0,0,4.2225,0,71,1
0,0,-3.7775,1,71,1
0,0,-4.7775,1,71,1
0,0,2.2225,1,71,1
0,0,3.2225,0,71,1
0,0,2.2225,1,71,1
0,0,-3.7775,0,71,1
0,0,-2.7775,1,71,1
0,0,-4.7775,1,71,1
0,0,-3.7775,1,71,1
0,0,-3.7775,1,71,1
0,0,-3.7775,1,71,1
0,0,4.2225,1,71,1
0,0,3.2225,1,71,1
0,0,-2.7775,1,71,1
0,0,-3.7775,1,71,1
0,0,4.2225,1,71,1
0,0,3.2225,1,71,1
0,0,4.2225,1,71,1
0,0,-2.7775,1,71,1
0,0,4.2225,1,71,1
0,0,4.2225,1,71,1
0,0,2.2225,1,71,1
0,0,-2.7775,0,71,1
0,0,4.2225,1,72,1
0,0,4.2225,1,72,1
0,0,-2.7775,0,72,1
0,0,-3.7775,1,72,1
0,0,4.2225,1,72,1
0,0,4.2225,1,72,1
0,0,4.2225,0,72,1
0,0,-2.7775,0,72,1
0,0,4.2225,1,72,1
0,0,-4.7775,1,72,1
0,0,3.2225,1,72,1
0,0,-3.7775,0,72,1
0,0,2.2225,1,72,1
0,0,-2.7775,1,72,1
0,0,-4.7775,1,72,1
0,0,-4.7775,1,72,1
0,0,-2.7775,0,72,1
0,0,3.2225,1,72,1
0,0,3.2225,0,72,1
0,0,4.2225,1,72,1
0,0,4.2225,1,72,1
0,0,4.2225,1,72,1
0,0,-2.7775,0,72,1
0,0,4.2225,1,72,1
0,0,2.2225,1,72,1
0,0,4.2225,1,72,1
0,0,4.2225,1,73,0
0,0,-4.7775,0,73,0
0,0,-2.7775,1,73,0
0,0,4.2225,1,73,0
0,0,-2.7775,1,73,0
0,0,-4.7775,0,73,0
0,0,-2.7775,1,73,0
0,0,4.2225,1,73,0
0,0,2.2225,1,73,0
0,0,4.2225,1,73,0
0,0,4.2225,1,73,0
0,0,4.2225,1,73,0
0,0,4.2225,0,73,0
0,0,-2.7775,1,73,0
0,0,4.2225,1,73,0
0,0,-4.7775,1,73,0
0,0,-2.7775,1,73,0
0,0,2.2225,1,73,0
0,0,4.2225,1,73,0
0,0,4.2225,1,73,0
0,0,4.2225,1,73,0
0,0,4.2225,1,73,0
0,0,-2.7775,1,73,0
0,0,-4.7775,0,73,0
0,0,-4.7775,1,73,0
0,0,-2.7775,1,73,0
0,0,-2.7775,1,74,0
0,0,-4.7775,1,74,0
0,0,4.2225,1,74,0
0,0,-4.7775,1,74,0
0,0,4.2225,1,74,0
0,0,4.2225,1,74,0
0,0,-4.7775,1,74,0
0,0,2.2225,1,74,0
0,0,-4.7775,1,74,0
0,0,-2.7775,1,74,0
0,0,-3.7775,1,74,0
0,0,-4.7775,1,74,0
0,0,-4.7775,0,74,0
0,0,4.2225,1,74,0
0,0,-3.7775,1,74,0
0,0,4.2225,1,74,0
0,0,-2.7775,0,74,0
0,0,4.2225,1,74,0
0,0,-2.7775,1,74,0
0,0,-3.7775,0,74,0
0,0,4.2225,1,74,0
0,0,-4.7775,1,74,0
0,0,4.2225,1,74,0
0,0,4.2225,1,74,0
0,0,-4.7775,0,74,0
0,0,-3.7775,1,75,0
0,0,-2.7775,1,75,0
0,0,3.2225,1,75,0
0,0,4.2225,1,75,0
0,0,4.2225,1,75,0
0,0,4.2225,1,75,0
0,0,-3.7775,0,75,0
0,0,-4.7775,1,75,0
0,0,4.2225,0,75,0
0,0,4.2225,1,75,0
0,0,-4.7775,0,75,0
0,0,-3.7775,0,75,0
0,0,-4.7775,1,75,0
0,0,2.2225,1,75,0
0,0,3.2225,1,75,0
0,0,4.2225,1,75,0
0,0,-4.7775,1,75,0
0,0,2.2225,1,75,0
0,0,4.2225,1,75,0
0,0,-4.7775,1,75,0
0,0,-4.7775,0,75,0
0,0,-4.7775,1,75,0
0,0,2.2225,1,75,0
0,0,4.2225,1,75,0
0,0,2.2225,1,75,0
0,0,-4.7775,0,75,0
