0,0,2.6596,1,1,0
0,0,-3.3404,1,1,0
0,0,-2.3404,1,1,0
0,0,3.6596,1,1,0
0,0,3.6596,1,1,0
0,0,4.6596,1,1,0
0,0,4.6596,1,1,0
0,0,-2.3404,1,1,0
0,0,4.6596,0,1,0
0,0,4.6596,1,1,0
0,0,3.6596,1,1,0
0,0,2.6596,1,1,0
0,0,4.6596,1,1,0
0,0,4.6596,1,1,0
0,0,4.6596,1,1,0
0,0,4.6596,1,1,0
0,0,4.6596,1,1,0
0,0,4.6596,1,1,0
0,0,-2.3404,0,1,0
0,0,4.6596,1,1,0
0,0,2.6596,1,1,0
0,0,4.6596,1,1,0
0,0,3.6596,1,1,0
0,0,-3.3404,1,1,0
0,0,4.6596,1,1,0
0,0,-4.3404,1,1,0
0,0,4.6596,1,2,0
0,0,-4.3404,0,2,0
0,0,4.6596,1,2,0
0,0,4.6596,1,2,0
0,0,-4.3404,0,2,0
0,0,4.6596,1,2,0
0,0,2.6596,0,2,0
0,0,3.6596,1,2,0
0,0,4.6596,1,2,0
0,0,4.6596,1,2,0
0,0,-4.3404,1,2,0
0,0,-4.3404,1,2,0
0,0,3.6596,1,2,0
0,0,4.6596,1,2,0
0,0,4.6596,1,2,0
0,0,-2.3404,1,2,0
0,0,-3.3404,1,2,0
0,0,-4.3404,1,2,0
0,0,-4.3404,0,2,0
0,0,-3.3404,0,2,0
0,0,3.6596,1,2,0
0,0,-2.3404,0,2,0
0,0,3.6596,1,2,0
0,0,2.6596,1,2,0
0,0,-4.3404,1,2,0
0,0,4.6596,1,2,0
0,0,-4.3404,1,3,0
0,0,-4.3404,1,3,0
0,0,-4.3404,0,3,0
0,0,-4.3404,0,3,0
0,0,-4.3404,0,3,0
0,0,3.6596,1,3,0
0,0,3.6596,1,3,0
0,0,4.6596,1,3,0
0,0,-2.3404,1,3,0
0,0,-2.3404,1,3,0
0,0,3.6596,1,3,0
0,0,-3.3404,0,3,0
0,0,-2.3404,1,3,0
0,0,2.6596,1,3,0
0,0,2.6596,0,3,0
0,0,-4.3404,0,3,0
0,0,4.6596,0,3,0
0,0,4.6596,1,3,0
0,0,-2.3404,0,3,0
0,0,-2.3404,0,3,0
0,0,4.6596,0,3,0
0,0,4.6596,1,3,0
0,0,4.6596,1,3,0
0,0,4.6596,1,3,0
0,0,4.6596,1,3,0
0,0,4.6596,1,3,0
0,0,-4.3404,1,4,0
0,0,2.6596,1,4,0
0,0,-4.3404,0,4,0
0,0,2.6596,1,4,0
0,0,-4.3404,1,4,0
0,0,-4.3404,1,4,0
0,0,-4.3404,0,4,0
0,0,-2.3404,1,4,0
0,0,2.6596,1,4,0
0,0,-4.3404,1,4,0
0,0,-4.3404,1,4,0
0,0,-4.3404,1,4,0
0,0,-3.3404,1,4,0
0,0,-2.3404,1,4,0
0,0,-2.3404,1,4,0
0,0,4.6596,1,4,0
0,0,4.6596,1,4,0
0,0,-2.3404,1,4,0
0,0,2.6596,1,4,0
0,0,4.6596,1,4,0
0,0,4.6596,1,4,0
0,0,-2.3404,0,4,0
0,0,-4.3404,1,4,0
0,0,-4.3404,1,4,0
0,0,-2.3404,0,4,0
0,0,-2.3404,0,4,0
0,0,2.6596,1,5,0
0,0,-3.3404,0,5,0
0,0,-3.3404,0,5,0
0,0,4.6596,1,5,0
0,0,4.6596,1,5,0
0,0,4.6596,0,5,0
0,0,4.6596,1,5,0
0,0,4.6596,1,5,0
0,0,3.6596,0,5,0
0,0,4.6596,1,5,0
0,0,4.6596,1,5,0
0,0,2.6596,1,5,0
0,0,-2.3404,1,5,0
0,0,-2.3404,0,5,0
0,0,-3.3404,0,5,0
0,0,4.6596,1,5,0
0,0,3.6596,1,5,0
0,0,-2.3404,0,5,0
0,0,-4.3404,0,5,0
0,0,-4.3404,0,5,0
0,0,-4.3404,0,5,0
0,0,-2.3404,0,5,0
0,0,4.6596,1,5,0
0,0,4.6596,1,5,0
0,0,4.6596,1,5,0
0,0,-4.3404,1,5,0
0,0,-4.3404,0,6,0
0,0,-4.3404,1,6,0
0,0,3.6596,1,6,0
0,0,-3.3404,0,6,0
0,0,-2.3404,1,6,0
0,0,4.6596,1,6,0
0,0,2.6596,1,6,0
0,0,-4.3404,1,6,0
0,0,-4.3404,1,6,0
0,0,-2.3404,1,6,0
0,0,-4.3404,1,6,0
0,0,-4.3404,1,6,0
0,0,4.6596,1,6,0
0,0,4.6596,1,6,0
0,0,2.6596,1,6,0
0,0,-4.3404,1,6,0
0,0,3.6596,1,6,0
0,0,3.6596,1,6,0
0,0,4.6596,1,6,0
0,0,4.6596,1,6,0
0,0,3.6596,1,6,0
0,0,-4.3404,0,6,0
0,0,-4.3404,1,6,0
0,0,3.6596,1,6,0
0,0,-3.3404,1,6,0
0,0,-4.3404,1,7,0
0,0,-4.3404,1,7,0
0,0,-3.3404,1,7,0
0,0,-2.3404,1,7,0
0,0,4.6596,1,7,0
0,0,3.6596,1,7,0
0,0,4.6596,1,7,0
0,0,-4.3404,1,7,0
0,0,4.6596,1,7,0
0,0,2.6596,1,7,0
0,0,-4.3404,0,7,0
0,0,-2.3404,1,7,0
0,0,-3.3404,1,7,0
0,0,2.6596,1,7,0
0,0,3.6596,1,7,0
0,0,-4.3404,1,7,0
0,0,4.6596,1,7,0
0,0,4.6596,1,7,0
0,0,3.6596,1,7,0
0,0,3.6596,1,7,0
0,0,4.6596,1,7,0
0,0,2.6596,1,7,0
0,0,4.6596,1,7,0
0,0,-2.3404,1,7,0
0,0,3.6596,1,7,0
0,0,-4.3404,1,7,0
0,0,-4.3404,0,8,0
0,0,-4.3404,1,8,0
0,0,-4.3404,1,8,0
0,0,-4.3404,1,8,0
0,0,4.6596,1,8,0
0,0,-4.3404,1,8,0
0,0,4.6596,1,8,0
0,0,-2.3404,1,8,0
0,0,2.6596,1,8,0
0,0,2.6596,1,8,0
0,0,3.6596,1,8,0
0,0,-3.3404,1,8,0
0,0,-2.3404,1,8,0
0,0,-2.3404,1,8,0
0,0,-2.3404,1,8,0
0,0,4.6596,1,8,0
0,0,-4.3404,1,8,0
0,0,4.6596,1,8,0
0,0,-4.3404,1,8,0
0,0,4.6596,1,8,0
0,0,4.6596,0,8,0
0,0,-4.3404,1,8,0
0,0,-4.3404,0,8,0
0,0,-3.3404,1,8,0
0,0,-2.3404,1,8,0
0,0,-3.3404,1,8,0
0,0,4.6596,1,9,0
0,0,2.6596,1,9,0
0,0,4.6596,1,9,0
0,0,-2.3404,1,9,0
0,0,2.6596,1,9,0
0,0,-2.3404,1,9,0
0,0,-3.3404,1,9,0
0,0,-4.3404,1,9,0
0,0,-4.3404,1,9,0
0,0,-4.3404,1,9,0
0,0,4.6596,1,9,0
0,0,-2.3404,1,9,0
0,0,2.6596,1,9,0
0,0,-4.3404,1,9,0
0,0,-2.3404,1,9,0
0,0,-4.3404,0,9,0
0,0,-4.3404,1,9,0
0,0,-4.3404,1,9,0
0,0,-4.3404,1,9,0
0,0,2.6596,1,9,0
0,0,4.6596,1,9,0
0,0,-2.3404,1,9,0
0,0,3.6596,1,9,0
0,0,4.6596,1,9,0
0,0,4.6596,1,9,0
0,0,-2.3404,1,9,0
0,0,-4.3404,1,10,0
0,0,-3.3404,1,10,0
0,0,4.6596,1,10,0
0,0,4.6596,1,10,0
0,0,2.6596,1,10,0
0,0,-4.3404,0,10,0
0,0,2.6596,1,10,0
0,0,-4.3404,1,10,0
0,0,4.6596,1,10,0
0,0,4.6596,1,10,0
0,0,-3.3404,1,10,0
0,0,4.6596,1,10,0
0,0,-4.3404,1,10,0
0,0,-4.3404,1,10,0
0,0,-4.3404,1,10,0
0,0,-3.3404,1,10,0
0,0,-4.3404,1,10,0
0,0,-4.3404,1,10,0
0,0,-4.3404,1,10,0
0,0,2.6596,1,10,0
0,0,4.6596,1,10,0
0,0,-4.3404,1,10,0
0,0,-4.3404,1,10,0
0,0,-4.3404,1,10,0
0,0,-4.3404,1,10,0
0,0,-2.3404,0,11,0
0,0,2.6596,0,11,0
0,0,-2.3404,1,11,0
0,0,-2.3404,1,11,0
0,0,2.6596,1,11,0
0,0,-2.3404,1,11,0
0,0,-4.3404,0,11,0
0,0,-4.3404,1,11,0
0,0,3.6596,1,11,0
0,0,-4.3404,1,11,0
0,0,2.6596,1,11,0
0,0,2.6596,1,11,0
0,0,4.6596,1,11,0
0,0,-2.3404,1,11,0
0,0,-4.3404,0,11,0
0,0,-4.3404,1,11,0
0,0,-4.3404,1,11,0
0,0,-3.3404,1,11,0
0,0,-2.3404,1,11,0
0,0,2.6596,1,11,0
0,0,2.6596,0,11,0
0,0,4.6596,1,11,0
0,0,3.6596,1,11,0
0,0,4.6596,1,11,0
0,0,4.6596,0,12,0
0,0,3.6596,1,12,0
0,0,3.6596,0,12,0
0,0,-4.3404,1,12,0
0,0,2.6596,0,12,0
0,0,2.6596,1,12,0
0,0,4.6596,1,12,0
0,0,3.6596,1,12,0
0,0,3.6596,1,12,0
0,0,2.6596,1,12,0
0,0,3.6596,1,12,0
0,0,-4.3404,1,12,0
0,0,-3.3404,1,12,0
0,0,-4.3404,1,12,0
0,0,3.6596,1,12,0
0,0,4.6596,1,12,0
0,0,4.6596,1,12,0
0,0,-4.3404,1,12,0
0,0,-4.3404,1,12,0
0,0,2.6596,1,12,0
0,0,-4.3404,1,12,0
0,0,-4.3404,1,12,0
0,0,4.6596,1,12,0
0,0,4.6596,1,12,0
0,0,4.6596,1,12,0
0,0,-4.3404,1,12,0
0,0,3.6596,1,13,0
0,0,2.6596,1,13,0
0,0,4.6596,1,13,0
0,0,4.6596,1,13,0
0,0,4.6596,1,13,0
0,0,3.6596,1,13,0
0,0,4.6596,1,13,0
0,0,2.6596,0,13,0
0,0,4.6596,1,13,0
0,0,-2.3404,1,13,0
0,0,-3.3404,1,13,0
0,0,4.6596,1,13,0
0,0,-2.3404,0,13,0
0,0,-4.3404,0,13,0
0,0,-4.3404,0,13,0
0,0,3.6596,1,13,0
0,0,4.6596,1,13,0
0,0,-4.3404,0,13,0
0,0,2.6596,1,13,0
0,0,4.6596,1,13,0
0,0,-4.3404,1,13,0
0,0,-4.3404,1,13,0
0,0,-4.3404,1,13,0
0,0,-4.3404,1,13,0
0,0,2.6596,0,13,0
0,0,-4.3404,0,14,0
0,0,-4.3404,1,14,0
0,0,2.6596,1,14,0
0,0,-2.3404,1,14,0
0,0,4.6596,1,14,0
0,0,4.6596,1,14,0
0,0,4.6596,1,14,0
0,0,-3.3404,0,14,0
0,0,4.6596,1,14,0
0,0,4.6596,1,14,0
0,0,3.6596,1,14,0
0,0,3.6596,1,14,0
0,0,-2.3404,0,14,0
0,0,-4.3404,0,14,0
0,0,2.6596,1,14,0
0,0,4.6596,1,14,0
0,0,3.6596,1,14,0
0,0,-4.3404,0,14,0
0,0,-4.3404,1,14,0
0,0,-4.3404,1,14,0
0,0,-2.3404,1,14,0
0,0,2.6596,1,14,0
0,0,3.6596,1,14,0
0,0,4.6596,1,14,0
0,0,4.6596,0,15,0
0,0,2.6596,0,15,0
0,0,4.6596,0,15,0
0,0,4.6596,0,15,0
0,0,-4.3404,1,15,0
0,0,3.6596,1,15,0
0,0,3.6596,0,15,0
0,0,-4.3404,1,15,0
0,0,-4.3404,1,15,0
0,0,-3.3404,1,15,0
0,0,-4.3404,1,15,0
0,0,2.6596,1,15,0
0,0,4.6596,1,15,0
0,0,-2.3404,1,15,0
0,0,-4.3404,1,15,0
0,0,-4.3404,1,15,0
0,0,-2.3404,1,15,0
0,0,2.6596,1,15,0
0,0,-3.3404,1,15,0
0,0,-2.3404,1,15,0
0,0,2.6596,1,15,0
0,0,-2.3404,1,15,0
0,0,-3.3404,0,15,0
0,0,-4.3404,0,15,0
0,0,-4.3404,1,15,0
0,0,-4.3404,1,16,0
0,0,3.6596,1,16,0
0,0,-4.3404,1,16,0
0,0,-4.3404,1,16,0
0,0,2.6596,1,16,0
0,0,3.6596,1,16,0
0,0,2.6596,1,16,0
0,0,4.6596,1,16,0
0,0,-2.3404,1,16,0
0,0,-4.3404,1,16,0
0,0,-3.3404,1,16,0
0,0,4.6596,1,16,0
0,0,3.6596,1,16,0
0,0,-2.3404,1,16,0
0,0,4.6596,1,16,0
0,0,-4.3404,1,16,0
0,0,-4.3404,1,16,0
0,0,2.6596,1,16,0
0,0,2.6596,1,16,0
0,0,4.6596,1,16,0
0,0,4.6596,1,16,0
0,0,-3.3404,0,16,0
0,0,4.6596,1,16,0
0,0,-4.3404,1,16,0
0,0,2.6596,1,16,0
0,0,-4.3404,1,16,0
0,0,-4.3404,0,17,0
0,0,-4.3404,1,17,0
0,0,-4.3404,1,17,0
0,0,-4.3404,1,17,0
0,0,2.6596,1,17,0
0,0,-2.3404,1,17,0
0,0,4.6596,0,17,0
0,0,4.6596,1,17,0
0,0,-2.3404,0,17,0
0,0,-4.3404,1,17,0
0,0,-3.3404,0,17,0
0,0,-3.3404,1,17,0
0,0,-2.3404,1,17,0
0,0,2.6596,1,17,0
0,0,-3.3404,1,17,0
0,0,4.6596,1,17,0
0,0,4.6596,1,17,0
0,0,4.6596,1,17,0
0,0,4.6596,0,17,0
0,0,4.6596,1,17,0
0,0,2.6596,1,17,0
0,0,2.6596,1,17,0
0,0,2.6596,1,17,0
0,0,2.6596,1,17,0
0,0,2.6596,0,17,0
0,0,2.6596,1,17,0
0,0,-4.3404,0,18,0
0,0,-4.3404,1,18,0
0,0,-4.3404,1,18,0
0,0,2.6596,1,18,0
0,0,-4.3404,1,18,0
0,0,2.6596,1,18,0
0,0,4.6596,1,18,0
0,0,-4.3404,1,18,0
0,0,-2.3404,1,18,0
0,0,-2.3404,1,18,0
0,0,2.6596,1,18,0
0,0,-4.3404,1,18,0
0,0,-4.3404,1,18,0
0,0,-4.3404,1,18,0
0,0,3.6596,1,18,0
0,0,3.6596,0,18,0
0,0,4.6596,1,18,0
0,0,4.6596,0,18,0
0,0,3.6596,1,18,0
0,0,4.6596,0,18,0
0,0,4.6596,1,18,0
0,0,3.6596,1,18,0
0,0,-4.3404,1,18,0
0,0,-2.3404,0,18,0
0,0,-3.3404,0,18,0
0,0,4.6596,1,19,0
0,0,4.6596,1,19,0
0,0,-4.3404,0,19,0
0,0,-4.3404,1,19,0
0,0,-2.3404,0,19,0
0,0,-2.3404,0,19,0
0,0,3.6596,1,19,0
0,0,4.6596,1,19,0
0,0,4.6596,1,19,0
0,0,4.6596,1,19,0
0,0,4.6596,1,19,0
0,0,-2.3404,1,19,0
0,0,4.6596,1,19,0
0,0,-2.3404,1,19,0
0,0,-4.3404,1,19,0
0,0,-3.3404,1,19,0
0,0,-4.3404,0,19,0
0,0,-2.3404,0,19,0
0,0,-2.3404,1,19,0
0,0,-4.3404,1,19,0
0,0,-4.3404,0,19,0
0,0,4.6596,1,19,0
0,0,4.6596,1,19,0
0,0,-4.3404,1,19,0
0,0,-4.3404,1,19,0
0,0,-3.3404,1,19,0
0,0,2.6596,0,20,0
0,0,-3.3404,0,20,0
0,0,-4.3404,1,20,0
0,0,4.6596,1,20,0
0,0,4.6596,1,20,0
0,0,2.6596,1,20,0
0,0,2.6596,1,20,0
0,0,-4.3404,1,20,0
0,0,2.6596,1,20,0
0,0,4.6596,1,20,0
0,0,-2.3404,0,20,0
0,0,-3.3404,1,20,0
0,0,4.6596,1,20,0
0,0,3.6596,1,20,0
0,0,-4.3404,0,20,0
0,0,4.6596,1,20,0
0,0,-4.3404,1,20,0
0,0,-4.3404,1,20,0
0,0,3.6596,1,20,0
0,0,4.6596,0,20,0
0,0,2.6596,0,20,0
0,0,4.6596,1,20,0
0,0,-2.3404,0,20,0
0,0,4.6596,0,20,0
0,0,-4.3404,0,20,0
0,0,2.6596,1,21,0
0,0,4.6596,1,21,0
0,0,-3.3404,0,21,0
0,0,-2.3404,0,21,0
0,0,-3.3404,0,21,0
0,0,2.6596,1,21,0
0,0,-4.3404,0,21,0
0,0,-3.3404,0,21,0
0,0,4.6596,1,21,0
0,0,3.6596,1,21,0
0,0,3.6596,1,21,0
0,0,2.6596,0,21,0
0,0,-4.3404,1,21,0
0,0,-3.3404,0,21,0
0,0,-4.3404,1,21,0
0,0,-4.3404,0,21,0
0,0,-4.3404,0,21,0
0,0,-4.3404,1,21,0
0,0,4.6596,0,21,0
0,0,-4.3404,0,21,0
0,0,-4.3404,0,21,0
0,0,3.6596,1,21,0
0,0,4.6596,1,21,0
0,0,-2.3404,0,21,0
0,0,4.6596,1,21,0
0,0,4.6596,1,22,0
0,0,-4.3404,0,22,0
0,0,-4.3404,1,22,0
0,0,-4.3404,1,22,0
0,0,-4.3404,1,22,0
0,0,2.6596,0,22,0
0,0,4.6596,1,22,0
0,0,-3.3404,1,22,0
0,0,3.6596,1,22,0
0,0,2.6596,1,22,0
0,0,-3.3404,1,22,0
0,0,-4.3404,1,22,0
0,0,4.6596,1,22,0
0,0,4.6596,1,22,0
0,0,-4.3404,1,22,0
0,0,-4.3404,1,22,0
0,0,-4.3404,1,22,0
0,0,-2.3404,1,22,0
0,0,4.6596,1,22,0
0,0,-4.3404,0,22,0
0,0,-3.3404,1,22,0
0,0,4.6596,0,22,0
0,0,4.6596,0,22,0
0,0,4.6596,0,22,0
0,0,-3.3404,1,22,0
0,0,-2.3404,0,23,0
0,0,4.6596,0,23,0
0,0,-4.3404,0,23,0
0,0,2.6596,0,23,0
0,0,4.6596,0,23,0
0,0,-3.3404,1,23,0
0,0,-4.3404,1,23,0
0,0,-4.3404,1,23,0
0,0,-4.3404,0,23,0
0,0,4.6596,0,23,0
0,0,-3.3404,0,23,0
0,0,-4.3404,0,23,0
0,0,-4.3404,1,23,0
0,0,-4.3404,1,23,0
0,0,-4.3404,0,23,0
0,0,4.6596,0,23,0
0,0,-3.3404,1,23,0
0,0,4.6596,1,23,0
0,0,-3.3404,1,23,0
0,0,3.6596,1,23,0
0,0,4.6596,1,23,0
0,0,-4.3404,1,23,0
0,0,-2.3404,1,23,0
0,0,-2.3404,0,23,0
0,0,4.6596,1,23,0
0,0,3.6596,1,23,0
0,0,-4.3404,1,24,0
0,0,-3.3404,0,24,0
0,0,4.6596,1,24,0
0,0,4.6596,0,24,0
0,0,2.6596,0,24,0
0,0,4.6596,1,24,0
0,0,4.6596,1,24,0
0,0,-2.3404,1,24,0
0,0,3.6596,0,24,0
0,0,3.6596,1,24,0
0,0,3.6596,1,24,0
0,0,-4.3404,1,24,0
0,0,-4.3404,1,24,0
0,0,-3.3404,1,24,0
0,0,-4.3404,1,24,0
0,0,-4.3404,1,24,0
0,0,-4.3404,1,24,0
0,0,4.6596,1,24,0
0,0,2.6596,1,24,0
0,0,3.6596,1,24,0
0,0,-2.3404,1,24,0
0,0,-4.3404,1,24,0
0,0,4.6596,0,24,0
0,0,-2.3404,1,24,0
0,0,4.6596,1,25,0
0,0,4.6596,0,25,0
0,0,2.6596,0,25,0
0,0,-4.3404,0,25,0
0,0,2.6596,0,25,0
0,0,-3.3404,0,25,0
0,0,2.6596,0,25,0
0,0,4.6596,1,25,0
0,0,4.6596,0,25,0
0,0,-4.3404,0,25,0
0,0,-2.3404,1,25,0
0,0,4.6596,0,25,0
0,0,-3.3404,1,25,0
0,0,-2.3404,1,25,0
0,0,-2.3404,0,25,0
0,0,-4.3404,0,25,0
0,0,4.6596,1,25,0
0,0,3.6596,1,25,0
0,0,-4.3404,0,25,0
0,0,-3.3404,1,25,0
0,0,4.6596,0,25,0
0,0,4.6596,1,25,0
0,0,3.6596,1,25,0
0,0,-2.3404,1,25,0
0,0,4.6596,0,25,0
0,0,4.6596,0,26,0
0,0,-3.3404,1,26,0
0,0,-4.3404,1,26,0
0,0,4.6596,0,26,0
0,0,4.6596,1,26,0
0,0,4.6596,0,26,0
0,0,-2.3404,1,26,0
0,0,-3.3404,0,26,0
0,0,-4.3404,0,26,0
0,0,-3.3404,1,26,0
0,0,4.6596,1,26,0
0,0,-4.3404,1,26,0
0,0,-3.3404,1,26,0
0,0,-2.3404,1,26,0
0,0,2.6596,0,26,0
0,0,2.6596,0,26,0
0,0,4.6596,1,26,0
0,0,-2.3404,0,26,0
0,0,-4.3404,0,26,0
0,0,-4.3404,0,26,0
0,0,4.6596,1,26,0
0,0,4.6596,0,26,0
0,0,3.6596,1,26,0
0,0,-4.3404,1,26,0
0,0,-4.3404,1,26,0
0,0,-4.3404,1,26,0
0,0,2.6596,0,27,0
0,0,3.6596,0,27,0
0,0,2.6596,0,27,0
0,0,3.6596,1,27,0
0,0,-4.3404,1,27,0
0,0,2.6596,1,27,0
0,0,4.6596,1,27,0
0,0,3.6596,0,27,0
0,0,-4.3404,0,27,0
0,0,-4.3404,1,27,0
0,0,-4.3404,1,27,0
0,0,-2.3404,0,27,0
0,0,-4.3404,1,27,0
0,0,-4.3404,1,27,0
0,0,-4.3404,1,27,0
0,0,-4.3404,1,27,0
0,0,-4.3404,0,27,0
0,0,-4.3404,1,27,0
0,0,-4.3404,1,27,0
0,0,-4.3404,0,27,0
0,0,4.6596,1,27,0
0,0,-4.3404,0,27,0
0,0,3.6596,0,27,0
0,0,4.6596,1,27,0
0,0,-4.3404,0,27,0
0,0,-4.3404,1,27,0
0,0,-2.3404,1,28,0
0,0,3.6596,1,28,0
0,0,2.6596,1,28,0
0,0,-3.3404,0,28,0
0,0,-4.3404,1,28,0
0,0,-4.3404,0,28,0
0,0,-4.3404,0,28,0
0,0,-3.3404,0,28,0
0,0,3.6596,1,28,0
0,0,4.6596,0,28,0
0,0,-2.3404,1,28,0
0,0,-4.3404,1,28,0
0,0,-4.3404,0,28,0
0,0,-4.3404,1,28,0
0,0,-4.3404,1,28,0
0,0,-2.3404,1,28,0
0,0,-2.3404,1,28,0
0,0,-4.3404,0,28,0
0,0,3.6596,1,28,0
0,0,-2.3404,1,28,0
0,0,4.6596,0,28,0
0,0,-3.3404,1,28,0
0,0,-3.3404,0,28,0
0,0,2.6596,1,28,0
0,0,-2.3404,1,28,0
0,0,4.6596,1,28,0
0,0,-0.34035,0,29,0
0,0,-4.3404,0,29,0
0,0,4.6596,0,29,0
0,0,4.6596,1,29,0
0,0,-4.3404,1,29,0
0,0,-4.3404,0,29,0
0,0,-4.3404,1,29,0
0,0,3.6596,1,29,0
0,0,-4.3404,0,29,0
0,0,4.6596,1,29,0
0,0,2.6596,0,29,0
0,0,-4.3404,0,29,0
0,0,-2.3404,1,29,0
0,0,-2.3404,0,29,0
0,0,-4.3404,1,29,0
0,0,1.6596,1,29,0
0,0,-3.3404,0,29,0
0,0,3.6596,1,29,0
0,0,4.6596,1,29,0
0,0,4.6596,1,29,0
0,0,4.6596,1,29,0
0,0,3.6596,1,29,0
0,0,4.6596,1,29,0
0,0,0.65965,1,29,0
0,0,3.6596,1,29,0
0,0,-4.3404,0,29,0
0,0,2.6596,1,30,0
0,0,-3.3404,1,30,0
0,0,2.6596,1,30,0
0,0,3.6596,1,30,0
0,0,4.6596,1,30,0
0,0,4.6596,1,30,0
0,0,3.6596,1,30,0
0,0,3.6596,1,30,0
0,0,2.6596,1,30,0
0,0,-4.3404,0,30,0
0,0,-4.3404,1,30,0
0,0,-4.3404,1,30,0
0,0,2.6596,1,30,0
0,0,2.6596,1,30,0
0,0,3.6596,1,30,0
0,0,-4.3404,1,30,0
0,0,-4.3404,1,30,0
0,0,4.6596,1,30,0
0,0,-2.3404,1,30,0
0,0,4.6596,1,30,0
0,0,4.6596,1,30,0
0,0,4.6596,1,30,0
0,0,-4.3404,0,30,0
0,0,-4.3404,1,30,0
0,0,4.6596,1,30,0
0,0,4.6596,1,30,0
0,0,2.6596,0,31,0
0,0,-3.3404,1,31,0
0,0,-2.3404,1,31,0
0,0,-2.3404,1,31,0
0,0,4.6596,1,31,0
0,0,4.6596,1,31,0
0,0,-3.3404,1,31,0
0,0,-3.3404,1,31,0
0,0,-4.3404,1,31,0
0,0,-4.3404,1,31,0
0,0,4.6596,1,31,0
0,0,3.6596,0,31,0
0,0,-2.3404,1,31,0
0,0,-4.3404,1,31,0
0,0,4.6596,1,31,0
0,0,-3.3404,0,31,0
0,0,4.6596,0,31,0
0,0,4.6596,1,31,0
0,0,3.6596,0,31,0
0,0,3.6596,1,31,0
0,0,2.6596,0,31,0
0,0,2.6596,0,31,0
0,0,4.6596,1,31,0
0,0,4.6596,1,31,0
0,0,3.6596,1,31,0
0,0,-4.3404,1,31,0
0,0,-2.3404,1,32,0
0,0,4.6596,1,32,0
0,0,4.6596,1,32,0
0,0,3.6596,1,32,0
0,0,-4.3404,0,32,0
0,0,-4.3404,1,32,0
0,0,-2.3404,1,32,0
0,0,3.6596,1,32,0
0,0,-2.3404,0,32,0
0,0,-4.3404,1,32,0
0,0,2.6596,1,32,0
0,0,-2.3404,0,32,0
0,0,2.6596,1,32,0
0,0,2.6596,1,32,0
0,0,-3.3404,1,32,0
0,0,-4.3404,1,32,0
0,0,-4.3404,1,32,0
0,0,-4.3404,1,32,0
0,0,3.6596,1,32,0
0,0,-4.3404,1,32,0
0,0,-4.3404,1,32,0
0,0,-3.3404,1,32,0
0,0,-3.3404,1,32,0
0,0,-4.3404,1,32,0
0,0,-2.3404,0,32,0
0,0,2.6596,1,32,0
0,0,-2.3404,1,33,0
0,0,-4.3404,0,33,0
0,0,2.6596,1,33,0
0,0,4.6596,1,33,0
0,0,4.6596,1,33,0
0,0,2.6596,1,33,0
0,0,-2.3404,1,33,0
0,0,3.6596,1,33,0
0,0,-4.3404,0,33,0
0,0,-3.3404,0,33,0
0,0,-4.3404,0,33,0
0,0,-4.3404,0,33,0
0,0,-2.3404,0,33,0
0,0,-4.3404,0,33,0
0,0,3.6596,1,33,0
0,0,-3.3404,0,33,0
0,0,-2.3404,1,33,0
0,0,2.6596,1,33,0
0,0,-3.3404,0,33,0
0,0,4.6596,1,33,0
0,0,-4.3404,0,33,0
0,0,2.6596,1,33,0
0,0,4.6596,0,33,0
0,0,2.6596,0,33,0
0,0,-3.3404,0,33,0
0,0,3.6596,1,33,0
0,0,4.6596,1,34,0
0,0,-2.3404,0,34,0
0,0,4.6596,1,34,0
0,0,-4.3404,0,34,0
0,0,2.6596,1,34,0
0,0,2.6596,0,34,0
0,0,-2.3404,1,34,0
0,0,3.6596,1,34,0
0,0,2.6596,1,34,0
0,0,3.6596,1,34,0
0,0,4.6596,1,34,0
0,0,4.6596,1,34,0
0,0,-2.3404,1,34,0
0,0,3.6596,1,34,0
0,0,4.6596,1,34,0
0,0,4.6596,1,34,0
0,0,-2.3404,0,34,0
0,0,-4.3404,1,34,0
0,0,-4.3404,1,34,0
0,0,-4.3404,1,34,0
0,0,-4.3404,1,34,0
0,0,-3.3404,0,34,0
0,0,-4.3404,1,34,0
0,0,-4.3404,0,34,0
0,0,-2.3404,1,34,0
0,0,-2.3404,1,35,0
0,0,-2.3404,0,35,0
0,0,-4.3404,1,35,0
0,0,3.6596,1,35,0
0,0,4.6596,0,35,0
0,0,-4.3404,1,35,0
0,0,-3.3404,1,35,0
0,0,-4.3404,1,35,0
0,0,3.6596,1,35,0
0,0,4.6596,1,35,0
0,0,4.6596,1,35,0
0,0,-3.3404,1,35,0
0,0,-3.3404,1,35,0
0,0,4.6596,1,35,0
0,0,4.6596,1,35,0
0,0,4.6596,1,35,0
0,0,4.6596,1,35,0
0,0,-2.3404,1,35,0
0,0,-3.3404,1,35,0
0,0,-4.3404,0,35,0
0,0,-4.3404,1,35,0
0,0,-3.3404,1,35,0
0,0,4.6596,1,35,0
0,0,-4.3404,1,35,0
0,0,4.6596,1,35,0
0,0,4.6596,1,35,0
0,0,-3.3404,1,36,0
0,0,4.6596,1,36,0
0,0,4.6596,1,36,0
0,0,-4.3404,1,36,0
0,0,-4.3404,1,36,0
0,0,-2.3404,1,36,0
0,0,-4.3404,1,36,0
0,0,-2.3404,1,36,0
0,0,-3.3404,0,36,0
0,0,-3.3404,1,36,0
0,0,-2.3404,0,36,0
0,0,3.6596,0,36,0
0,0,3.6596,1,36,0
0,0,3.6596,0,36,0
0,0,-4.3404,1,36,0
0,0,-4.3404,1,36,0
0,0,4.6596,1,36,0
0,0,3.6596,1,36,0
0,0,4.6596,1,36,0
0,0,4.6596,1,36,0
0,0,3.6596,1,36,0
0,0,-4.3404,1,36,0
0,0,-3.3404,1,36,0
0,0,-2.3404,1,36,0
0,0,4.6596,0,36,0
0,0,4.6596,0,37,0
0,0,2.6596,1,37,0
0,0,4.6596,1,37,0
0,0,4.6596,1,37,0
0,0,4.6596,1,37,0
0,0,3.6596,1,37,0
0,0,3.6596,1,37,0
0,0,-4.3404,0,37,0
0,0,-3.3404,0,37,0
0,0,4.6596,1,37,0
0,0,-2.3404,0,37,0
0,0,3.6596,1,37,0
0,0,-4.3404,0,37,0
0,0,-4.3404,0,37,0
0,0,-4.3404,0,37,0
0,0,-3.3404,1,37,0
0,0,4.6596,0,37,0
0,0,-2.3404,1,37,0
0,0,-2.3404,1,37,0
0,0,-2.3404,0,37,0
0,0,3.6596,0,37,0
0,0,-3.3404,1,37,0
0,0,-3.3404,0,37,0
0,0,4.6596,1,37,0
0,0,2.6596,1,37,0
0,0,-4.3404,1,38,0
0,0,3.6596,1,38,0
0,0,4.6596,1,38,0
0,0,-4.3404,1,38,0
0,0,-4.3404,1,38,0
0,0,-3.3404,1,38,0
0,0,-4.3404,1,38,0
0,0,-2.3404,0,38,0
0,0,-4.3404,0,38,0
0,0,4.6596,1,38,0
0,0,-2.3404,0,38,0
0,0,-4.3404,1,38,0
0,0,2.6596,1,38,0
0,0,-4.3404,1,38,0
0,0,-4.3404,0,38,0
0,0,-2.3404,1,38,0
0,0,-4.3404,1,38,0
0,0,4.6596,1,38,0
0,0,4.6596,1,38,0
0,0,4.6596,0,38,0
0,0,-2.3404,0,38,0
0,0,4.6596,1,38,0
0,0,-3.3404,1,38,0
0,0,-4.3404,1,38,0
0,0,-2.3404,1,38,0
0,0,3.6596,1,39,0
0,0,4.6596,0,39,0
0,0,-2.3404,1,39,0
0,0,2.6596,1,39,0
0,0,3.6596,0,39,0
0,0,-4.3404,0,39,0
0,0,3.6596,1,39,0
0,0,-2.3404,1,39,0
0,0,4.6596,1,39,0
0,0,4.6596,0,39,0
0,0,4.6596,1,39,0
0,0,2.6596,1,39,0
0,0,-4.3404,0,39,0
0,0,-3.3404,1,39,0
0,0,-4.3404,1,39,0
0,0,3.6596,0,39,0
0,0,-3.3404,0,39,0
0,0,3.6596,0,39,0
0,0,4.6596,1,39,0
0,0,-2.3404,1,39,0
0,0,-3.3404,1,39,0
0,0,-2.3404,1,39,0
0,0,-4.3404,0,39,0
0,0,-4.3404,1,39,0
0,0,4.6596,0,39,0
0,0,-4.3404,0,40,0
0,0,-4.3404,1,40,0
0,0,-3.3404,1,40,0
0,0,4.6596,1,40,0
0,0,3.6596,1,40,0
0,0,2.6596,1,40,0
0,0,-2.3404,1,40,0
0,0,-4.3404,1,40,0
0,0,-4.3404,0,40,0
0,0,-4.3404,1,40,0
0,0,-2.3404,1,40,0
0,0,-3.3404,0,40,0
0,0,-4.3404,0,40,0
0,0,3.6596,1,40,0
0,0,-2.3404,1,40,0
0,0,3.6596,1,40,0
0,0,2.6596,0,40,0
0,0,4.6596,1,40,0
0,0,4.6596,1,40,0
0,0,4.6596,0,40,0
0,0,-2.3404,1,40,0
0,0,2.6596,1,40,0
0,0,-4.3404,1,40,0
0,0,-4.3404,1,40,0
0,0,4.6596,1,40,0
0,0,4.6596,1,40,0
0,0,-2.3404,1,41,0
0,0,4.6596,1,41,0
0,0,3.6596,0,41,0
0,0,-4.3404,1,41,0
0,0,-4.3404,1,41,0
0,0,-3.3404,1,41,0
0,0,2.6596,0,41,0
0,0,4.6596,0,41,0
0,0,4.6596,1,41,0
0,0,2.6596,1,41,0
0,0,4.6596,0,41,0
0,0,4.6596,1,41,0
0,0,-4.3404,0,41,0
0,0,4.6596,0,41,0
0,0,-3.3404,0,41,0
0,0,4.6596,0,41,0
0,0,-4.3404,1,41,0
0,0,-4.3404,1,41,0
0,0,3.6596,1,41,0
0,0,-3.3404,0,41,0
0,0,-4.3404,1,41,0
0,0,-2.3404,1,41,0
0,0,-4.3404,0,41,0
0,0,4.6596,1,41,0
0,0,-4.3404,1,42,0
0,0,3.6596,1,42,0
0,0,3.6596,1,42,0
0,0,-4.3404,1,42,0
0,0,3.6596,1,42,0
0,0,2.6596,1,42,0
0,0,-2.3404,1,42,0
0,0,4.6596,1,42,0
0,0,4.6596,1,42,0
0,0,4.6596,1,42,0
0,0,3.6596,1,42,0
0,0,-2.3404,0,42,0
0,0,3.6596,1,42,0
0,0,2.6596,1,42,0
0,0,3.6596,1,42,0
0,0,4.6596,1,42,0
0,0,3.6596,0,42,0
0,0,-4.3404,1,42,0
0,0,-2.3404,1,42,0
0,0,4.6596,1,42,0
0,0,4.6596,0,42,0
0,0,2.6596,1,42,0
0,0,2.6596,1,42,0
0,0,2.6596,1,42,0
0,0,-2.3404,1,42,0
0,0,-4.3404,1,42,0
0,0,4.6596,1,43,0
0,0,-4.3404,1,43,0
0,0,-4.3404,0,43,0
0,0,3.6596,1,43,0
0,0,-4.3404,1,43,0
0,0,-2.3404,1,43,0
0,0,-2.3404,1,43,0
0,0,4.6596,1,43,0
0,0,-4.3404,1,43,0
0,0,2.6596,1,43,0
0,0,4.6596,1,43,0
0,0,-3.3404,1,43,0
0,0,2.6596,1,43,0
0,0,-2.3404,1,43,0
0,0,-3.3404,1,43,0
0,0,-3.3404,1,43,0
0,0,-2.3404,1,43,0
0,0,4.6596,1,43,0
0,0,3.6596,1,43,0
0,0,4.6596,1,43,0
0,0,3.6596,1,43,0
0,0,4.6596,1,43,0
0,0,-4.3404,1,43,0
0,0,2.6596,1,43,0
0,0,4.6596,0,43,0
0,0,2.6596,1,44,0
0,0,-2.3404,1,44,0
0,0,2.6596,1,44,0
0,0,-4.3404,0,44,0
0,0,-4.3404,1,44,0
0,0,-4.3404,0,44,0
0,0,-4.3404,0,44,0
0,0,-4.3404,1,44,0
0,0,4.6596,0,44,0
0,0,4.6596,1,44,0
0,0,3.6596,1,44,0
0,0,2.6596,1,44,0
0,0,-4.3404,1,44,0
0,0,-4.3404,1,44,0
0,0,-4.3404,1,44,0
0,0,-4.3404,1,44,0
0,0,3.6596,1,44,0
0,0,-4.3404,1,44,0
0,0,2.6596,1,44,0
0,0,-3.3404,1,44,0
0,0,-4.3404,0,44,0
0,0,-2.3404,1,44,0
0,0,3.6596,1,44,0
0,0,4.6596,1,44,0
0,0,2.6596,1,44,0
0,0,-4.3404,0,44,0
0,0,4.6596,1,45,0
0,0,-4.3404,1,45,0
0,0,-4.3404,1,45,0
0,0,-4.3404,1,45,0
0,0,-4.3404,0,45,0
0,0,-4.3404,0,45,0
0,0,2.6596,0,45,0
0,0,4.6596,1,45,0
0,0,3.6596,1,45,0
0,0,2.6596,1,45,0
0,0,-4.3404,1,45,0
0,0,-4.3404,1,45,0
0,0,2.6596,1,45,0
0,0,2.6596,1,45,0
0,0,-4.3404,1,45,0
0,0,-2.3404,1,45,0
0,0,-4.3404,1,45,0
0,0,0.65965,0,45,0
0,0,-4.3404,1,45,0
0,0,-4.3404,1,45,0
0,0,-1.3404,1,45,0
0,0,3.6596,1,45,0
0,0,4.6596,1,45,0
0,0,-2.3404,1,45,0
0,0,4.6596,1,45,0
0,0,-4.3404,0,45,0
0,0,-4.3404,1,46,0
0,0,-4.3404,1,46,0
0,0,-4.3404,1,46,0
0,0,-4.3404,1,46,0
0,0,-2.3404,0,46,0
0,0,-4.3404,1,46,0
0,0,4.6596,1,46,0
0,0,4.6596,1,46,0
0,0,3.6596,1,46,0
0,0,2.6596,1,46,0
0,0,-4.3404,1,46,0
0,0,-2.3404,0,46,0
0,0,2.6596,1,46,0
0,0,2.6596,1,46,0
0,0,4.6596,1,46,0
0,0,2.6596,1,46,0
0,0,-4.3404,1,46,0
0,0,4.6596,1,46,0
0,0,4.6596,1,46,0
0,0,-2.3404,1,46,0
0,0,-4.3404,1,46,0
0,0,-2.3404,0,46,0
0,0,-4.3404,1,46,0
0,0,-4.3404,1,46,0
0,0,4.6596,1,46,0
0,0,-4.3404,0,46,0
0,0,-3.3404,1,47,0
0,0,-4.3404,1,47,0
0,0,-3.3404,0,47,0
0,0,-4.3404,0,47,0
0,0,-4.3404,1,47,0
0,0,-4.3404,1,47,0
0,0,4.6596,1,47,0
0,0,4.6596,0,47,0
0,0,3.6596,1,47,0
0,0,4.6596,1,47,0
0,0,-2.3404,0,47,0
0,0,-2.3404,1,47,0
0,0,-4.3404,1,47,0
0,0,-2.3404,1,47,0
0,0,2.6596,1,47,0
0,0,4.6596,0,47,0
0,0,3.6596,1,47,0
0,0,4.6596,1,47,0
0,0,-3.3404,0,47,0
0,0,2.6596,1,47,0
0,0,-4.3404,0,47,0
0,0,-2.3404,0,47,0
0,0,-4.3404,0,47,0
0,0,-4.3404,1,47,0
0,0,4.6596,1,48,0
0,0,4.6596,1,48,0
0,0,4.6596,1,48,0
0,0,-4.3404,1,48,0
0,0,4.6596,1,48,0
0,0,-4.3404,1,48,0
0,0,-4.3404,0,48,0
0,0,2.6596,1,48,0
0,0,-2.3404,1,48,0
0,0,-4.3404,1,48,0
0,0,-3.3404,0,48,0
0,0,-4.3404,1,48,0
0,0,-3.3404,1,48,0
0,0,-4.3404,0,48,0
0,0,-4.3404,1,48,0
0,0,-4.3404,1,48,0
0,0,-4.3404,1,48,0
0,0,-3.3404,0,48,0
0,0,-3.3404,1,48,0
0,0,3.6596,1,48,0
0,0,4.6596,0,48,0
0,0,3.6596,1,48,0
0,0,4.6596,1,48,0
0,0,4.6596,0,48,0
0,0,2.6596,1,48,0
0,0,3.6596,1,48,0
0,0,-3.3404,1,49,0
0,0,-4.3404,0,49,0
0,0,2.6596,0,49,0
0,0,4.6596,1,49,0
0,0,-2.3404,1,49,0
0,0,4.6596,0,49,0
0,0,-4.3404,0,49,0
0,0,-4.3404,0,49,0
0,0,-4.3404,0,49,0
0,0,4.6596,1,49,0
0,0,4.6596,1,49,0
0,0,2.6596,0,49,0
0,0,-3.3404,1,49,0
0,0,-4.3404,0,49,0
0,0,-4.3404,1,49,0
0,0,3.6596,1,49,0
0,0,3.6596,1,49,0
0,0,4.6596,1,51,0
0,0,4.6596,1,51,0
0,0,3.6596,0,51,0
0,0,4.6596,1,51,0
0,0,-4.3404,1,51,0
0,0,2.6596,0,51,0
0,0,-3.3404,1,51,0
0,0,3.6596,0,51,0
0,0,4.6596,1,51,0
0,0,3.6596,0,51,0
0,0,-2.3404,1,51,0
0,0,-4.3404,1,51,0
0,0,4.6596,0,51,0
0,0,-4.3404,0,51,0
0,0,2.6596,1,51,0
0,0,-4.3404,0,51,0
0,0,4.6596,0,51,0
0,0,2.6596,1,51,0
0,0,-4.3404,0,51,0
0,0,4.6596,1,51,0
0,0,4.6596,0,51,0
0,0,4.6596,0,51,0
0,0,-2.3404,0,51,0
0,0,-3.3404,1,52,0
0,0,-2.3404,0,52,0
0,0,-4.3404,1,52,0
0,0,-4.3404,1,52,0
0,0,2.6596,1,52,0
0,0,-4.3404,1,52,0
0,0,4.6596,1,52,0
0,0,3.6596,1,52,0
0,0,2.6596,1,52,0
0,0,-3.3404,1,52,0
0,0,4.6596,1,52,0
0,0,2.6596,0,52,0
0,0,4.6596,1,52,0
0,0,4.6596,1,52,0
0,0,4.6596,1,52,0
0,0,4.6596,0,52,0
0,0,-3.3404,1,52,0
0,0,2.6596,1,52,0
0,0,4.6596,1,52,0
0,0,-4.3404,1,52,0
0,0,-3.3404,1,52,0
0,0,4.6596,1,52,0
0,0,2.6596,1,52,0
0,0,-4.3404,1,52,0
0,0,-4.3404,0,52,0
0,0,4.6596,1,52,0
0,0,4.6596,1,53,0
0,0,-4.3404,0,53,0
0,0,-4.3404,0,53,0
0,0,-4.3404,1,53,0
0,0,-4.3404,1,53,0
0,0,-4.3404,0,53,0
0,0,-2.3404,0,53,0
0,0,-4.3404,1,53,0
0,0,-2.3404,0,53,0
0,0,-4.3404,0,53,0
0,0,-4.3404,0,53,0
0,0,2.6596,1,53,0
0,0,-4.3404,0,53,0
0,0,-4.3404,0,53,0
0,0,2.6596,1,53,0
0,0,2.6596,0,53,0
0,0,-4.3404,0,53,0
0,0,-4.3404,0,53,0
0,0,2.6596,1,53,0
0,0,-4.3404,0,53,0
0,0,4.6596,1,53,0
0,0,4.6596,1,53,0
0,0,4.6596,1,53,0
0,0,4.6596,1,53,0
0,0,3.6596,1,53,0
0,0,2.6596,1,53,0
0,0,-4.3404,0,54,0
0,0,-3.3404,0,54,0
0,0,-4.3404,0,54,0
0,0,2.6596,1,54,0
0,0,4.6596,0,54,0
0,0,2.6596,0,54,0
0,0,2.6596,1,54,0
0,0,4.6596,1,54,0
0,0,4.6596,1,54,0
0,0,3.6596,1,54,0
0,0,3.6596,1,54,0
0,0,3.6596,1,54,0
0,0,4.6596,1,54,0
0,0,3.6596,1,54,0
0,0,-4.3404,1,54,0
0,0,-4.3404,1,54,0
0,0,4.6596,1,54,0
0,0,-3.3404,1,54,0
0,0,-4.3404,1,54,0
0,0,-4.3404,1,54,0
0,0,3.6596,1,54,0
0,0,-3.3404,1,54,0
0,0,4.6596,1,54,0
0,0,4.6596,1,54,0
0,0,4.6596,1,54,0
0,0,3.6596,1,54,0
0,0,4.6596,1,55,0
0,0,-3.3404,1,55,0
0,0,2.6596,1,55,0
0,0,-2.3404,1,55,0
0,0,-4.3404,1,55,0
0,0,4.6596,1,55,0
0,0,4.6596,1,55,0
0,0,-3.3404,0,55,0
0,0,-4.3404,1,55,0
0,0,2.6596,1,55,0
0,0,4.6596,1,55,0
0,0,-4.3404,1,55,0
0,0,-3.3404,1,55,0
0,0,-4.3404,1,55,0
0,0,-4.3404,0,55,0
0,0,-4.3404,1,55,0
0,0,-2.3404,1,55,0
0,0,-4.3404,1,55,0
0,0,4.6596,1,55,0
0,0,3.6596,1,55,0
0,0,4.6596,1,55,0
0,0,-4.3404,1,55,0
0,0,-4.3404,1,55,0
0,0,-3.3404,1,55,0
0,0,-4.3404,1,55,0
0,0,-3.3404,1,56,0
0,0,-3.3404,1,56,0
0,0,-4.3404,1,56,0
0,0,-3.3404,1,56,0
0,0,2.6596,1,56,0
0,0,4.6596,1,56,0
0,0,-3.3404,1,56,0
0,0,-3.3404,1,56,0
0,0,2.6596,1,56,0
0,0,4.6596,1,56,0
0,0,-4.3404,1,56,0
0,0,-4.3404,1,56,0
0,0,-4.3404,0,56,0
0,0,-4.3404,1,56,0
0,0,2.6596,1,56,0
0,0,4.6596,0,56,0
0,0,4.6596,1,56,0
0,0,-2.3404,1,56,0
0,0,-4.3404,1,56,0
0,0,-4.3404,1,56,0
0,0,4.6596,1,56,0
0,0,4.6596,1,56,0
0,0,4.6596,1,56,0
0,0,4.6596,1,56,0
0,0,2.6596,1,56,0
0,0,-3.3404,1,56,0
0,0,2.6596,0,57,0
0,0,4.6596,0,57,0
0,0,4.6596,0,57,0
0,0,4.6596,0,57,0
0,0,-4.3404,0,57,0
0,0,-4.3404,1,57,0
0,0,3.6596,1,57,0
0,0,-2.3404,1,57,0
0,0,3.6596,0,57,0
0,0,4.6596,1,57,0
0,0,3.6596,1,57,0
0,0,2.6596,1,57,0
0,0,-4.3404,1,57,0
0,0,-3.3404,1,57,0
0,0,4.6596,1,57,0
0,0,4.6596,1,57,0
0,0,4.6596,1,57,0
0,0,-2.3404,1,57,0
0,0,4.6596,1,57,0
0,0,3.6596,1,57,0
0,0,4.6596,1,57,0
0,0,-4.3404,0,57,0
0,0,4.6596,1,57,0
0,0,4.6596,1,57,0
0,0,3.6596,1,57,0
0,0,4.6596,0,57,0
0,0,-3.3404,0,58,0
0,0,-3.3404,1,58,0
0,0,-4.3404,1,58,0
0,0,-2.3404,1,58,0
0,0,2.6596,0,58,0
0,0,4.6596,0,58,0
0,0,4.6596,0,58,0
0,0,4.6596,0,58,0
0,0,-4.3404,0,58,0
0,0,-4.3404,1,58,0
0,0,-2.3404,0,58,0
0,0,-3.3404,1,58,0
0,0,-4.3404,1,58,0
0,0,4.6596,1,58,0
0,0,-2.3404,1,58,0
0,0,-3.3404,1,58,0
0,0,-4.3404,1,58,0
0,0,4.6596,1,58,0
0,0,2.6596,1,58,0
0,0,-2.3404,1,58,0
0,0,4.6596,1,58,0
0,0,-4.3404,1,58,0
0,0,4.6596,0,58,0
0,0,4.6596,1,59,0
0,0,4.6596,1,59,0
0,0,3.6596,1,59,0
0,0,2.6596,1,59,0
0,0,-4.3404,0,59,0
0,0,-4.3404,0,59,0
0,0,-3.3404,1,59,0
0,0,2.6596,1,59,0
0,0,-4.3404,1,59,0
0,0,-4.3404,1,59,0
0,0,-4.3404,1,59,0
0,0,4.6596,1,59,0
0,0,-4.3404,1,59,0
0,0,-4.3404,1,59,0
0,0,4.6596,1,59,0
0,0,3.6596,1,59,0
0,0,4.6596,1,59,0
0,0,-2.3404,1,59,0
0,0,-4.3404,1,59,0
0,0,-4.3404,1,59,0
0,0,4.6596,1,59,0
0,0,-4.3404,1,59,0
0,0,-2.3404,0,59,0
0,0,-4.3404,1,59,0
0,0,4.6596,1,59,0
0,0,-2.3404,1,60,0
0,0,4.6596,1,60,0
0,0,4.6596,0,60,0
0,0,-2.3404,1,60,0
0,0,-4.3404,0,60,0
0,0,-2.3404,1,60,0
0,0,4.6596,1,60,0
0,0,2.6596,1,60,0
0,0,3.6596,1,60,0
0,0,3.6596,1,60,0
0,0,2.6596,1,60,0
0,0,4.6596,1,60,0
0,0,2.6596,1,60,0
0,0,3.6596,1,60,0
0,0,-2.3404,1,60,0
0,0,2.6596,0,60,0
0,0,2.6596,0,60,0
0,0,4.6596,0,60,0
0,0,4.6596,1,60,0
0,0,4.6596,1,60,0
0,0,-2.3404,0,60,0
0,0,-4.3404,1,60,0
0,0,-3.3404,1,60,0
0,0,-4.3404,1,60,0
0,0,-4.3404,1,60,0
0,0,2.6596,1,60,0
0,0,2.6596,1,61,0
0,0,-4.3404,1,61,0
0,0,4.6596,0,61,0
0,0,-4.3404,0,61,0
0,0,-4.3404,0,61,0
0,0,-3.3404,0,61,0
0,0,4.6596,0,61,0
0,0,-4.3404,0,61,0
0,0,-4.3404,1,61,0
0,0,3.6596,0,61,0
0,0,-4.3404,0,61,0
0,0,-4.3404,1,61,0
0,0,-2.3404,1,61,0
0,0,1.6596,0,61,0
0,0,2.6596,1,61,0
0,0,-2.3404,0,61,0
0,0,-4.3404,1,61,0
0,0,-4.3404,0,61,0
0,0,4.6596,0,61,0
0,0,2.6596,1,61,0
0,0,2.6596,1,61,0
0,0,2.6596,1,61,0
0,0,4.6596,0,61,0
0,0,4.6596,1,62,0
0,0,2.6596,1,62,0
0,0,-2.3404,1,62,0
0,0,4.6596,1,62,0
0,0,2.6596,1,62,0
0,0,3.6596,1,62,0
0,0,-3.3404,1,62,0
0,0,-2.3404,1,62,0
0,0,-4.3404,1,62,0
0,0,4.6596,0,62,0
0,0,-3.3404,1,62,0
0,0,4.6596,1,62,0
0,0,4.6596,0,62,0
0,0,-4.3404,1,62,0
0,0,-3.3404,1,62,0
0,0,4.6596,1,62,0
0,0,-2.3404,1,62,0
0,0,-2.3404,0,62,0
0,0,-3.3404,1,62,0
0,0,-4.3404,1,62,0
0,0,4.6596,1,62,0
0,0,2.6596,1,62,0
0,0,-4.3404,1,62,0
0,0,-4.3404,0,62,0
0,0,-4.3404,1,62,0
0,0,-2.3404,1,62,0
0,0,-4.3404,1,63,0
0,0,3.6596,1,63,0
0,0,-2.3404,1,63,0
0,0,4.6596,0,63,0
0,0,-2.3404,1,63,0
0,0,-4.3404,1,63,0
0,0,-4.3404,1,63,0
0,0,4.6596,1,63,0
0,0,-4.3404,1,63,0
0,0,2.6596,1,63,0
0,0,-4.3404,1,63,0
0,0,4.6596,1,63,0
0,0,4.6596,1,63,0
0,0,-2.3404,0,63,0
0,0,4.6596,1,63,0
0,0,2.6596,0,63,0
0,0,-4.3404,1,63,0
0,0,-4.3404,1,63,0
0,0,-4.3404,1,63,0
0,0,-4.3404,1,63,0
0,0,4.6596,1,63,0
0,0,-4.3404,1,63,0
0,0,2.6596,1,63,0
0,0,-2.3404,0,63,0
0,0,-4.3404,1,63,0
0,0,-4.3404,1,63,0
0,0,-4.3404,0,64,0
0,0,4.6596,1,64,0
0,0,4.6596,1,64,0
0,0,4.6596,1,64,0
0,0,-3.3404,1,64,0
0,0,-4.3404,1,64,0
0,0,2.6596,1,64,0
0,0,2.6596,1,64,0
0,0,4.6596,1,64,0
0,0,4.6596,0,64,0
0,0,4.6596,0,64,0
0,0,-2.3404,1,64,0
0,0,4.6596,1,64,0
0,0,2.6596,1,64,0
0,0,4.6596,1,64,0
0,0,4.6596,1,64,0
0,0,3.6596,1,64,0
0,0,3.6596,1,64,0
0,0,4.6596,0,64,0
0,0,3.6596,1,64,0
0,0,4.6596,1,64,0
0,0,3.6596,1,64,0
0,0,4.6596,1,64,0
0,0,-4.3404,1,64,0
0,0,-3.3404,1,64,0
0,0,-4.3404,1,64,0
0,0,-4.3404,1,65,0
0,0,-2.3404,1,65,0
0,0,-4.3404,0,65,0
0,0,-3.3404,1,65,0
0,0,-4.3404,0,65,0
0,0,-4.3404,1,65,0
0,0,-4.3404,1,65,0
0,0,4.6596,1,65,0
0,0,-4.3404,1,65,0
0,0,2.6596,1,65,0
0,0,3.6596,0,65,0
0,0,-3.3404,1,65,0
0,0,-3.3404,1,65,0
0,0,-4.3404,0,65,0
0,0,-4.3404,1,65,0
0,0,-4.3404,1,65,0
0,0,-2.3404,1,65,0
0,0,-4.3404,1,65,0
0,0,-3.3404,0,65,0
0,0,-2.3404,1,65,0
0,0,2.6596,1,65,0
0,0,3.6596,1,65,0
0,0,4.6596,1,65,0
0,0,4.6596,0,65,0
0,0,-4.3404,1,65,0
0,0,4.6596,1,65,0
0,0,4.6596,0,66,0
0,0,-2.3404,1,66,0
0,0,4.6596,1,66,0
0,0,-3.3404,1,66,0
0,0,-4.3404,0,66,0
0,0,-4.3404,1,66,0
0,0,3.6596,1,66,0
0,0,4.6596,1,66,0
0,0,-3.3404,1,66,0
0,0,-4.3404,0,66,0
0,0,2.6596,1,66,0
0,0,-4.3404,1,66,0
0,0,-4.3404,1,66,0
0,0,-2.3404,1,66,0
0,0,-2.3404,1,66,0
0,0,2.6596,1,66,0
0,0,2.6596,1,66,0
0,0,4.6596,1,66,0
0,0,4.6596,1,66,0
0,0,4.6596,1,66,0
0,0,2.6596,1,66,0
0,0,4.6596,1,66,0
0,0,4.6596,1,66,0
0,0,4.6596,1,66,0
0,0,-3.3404,0,66,0
0,0,2.6596,1,66,0
0,0,-4.3404,0,67,0
0,0,-4.3404,1,67,0
0,0,-4.3404,1,67,0
0,0,-4.3404,1,67,0
0,0,-2.3404,0,67,0
0,0,-2.3404,1,67,0
0,0,-4.3404,1,67,0
0,0,-4.3404,0,67,0
0,0,-4.3404,0,67,0
0,0,3.6596,1,67,0
0,0,4.6596,1,67,0
0,0,2.6596,1,67,0
0,0,3.6596,1,67,0
0,0,4.6596,0,67,0
0,0,-2.3404,1,67,0
0,0,-4.3404,0,67,0
0,0,-3.3404,0,67,0
0,0,-4.3404,1,67,0
0,0,3.6596,0,67,0
0,0,2.6596,0,67,0
0,0,-2.3404,1,67,0
0,0,-4.3404,1,67,0
0,0,3.6596,1,67,0
0,0,4.6596,0,67,0
0,0,-4.3404,1,67,0
0,0,2.6596,1,67,0
0,0,-3.3404,1,68,0
0,0,-3.3404,1,68,0
0,0,-3.3404,1,68,0
0,0,-4.3404,0,68,0
0,0,3.6596,0,68,0
0,0,-2.3404,0,68,0
0,0,3.6596,1,68,0
0,0,-2.3404,1,68,0
0,0,-4.3404,1,68,0
0,0,-4.3404,1,68,0
0,0,-4.3404,0,68,0
0,0,-4.3404,1,68,0
0,0,3.6596,1,68,0
0,0,2.6596,1,68,0
0,0,2.6596,1,68,0
0,0,-4.3404,1,68,0
0,0,-2.3404,1,68,0
0,0,4.6596,1,68,0
0,0,3.6596,1,68,0
0,0,3.6596,1,68,0
0,0,3.6596,1,68,0
0,0,4.6596,1,68,0
0,0,-4.3404,1,68,0
0,0,-3.3404,1,68,0
0,0,-2.3404,1,68,0
0,0,3.6596,1,68,0
0,0,-2.3404,0,69,0
0,0,-3.3404,0,69,0
0,0,-2.3404,0,69,0
0,0,-4.3404,0,69,0
0,0,-4.3404,1,69,0
0,0,-4.3404,1,69,0
0,0,-3.3404,0,69,0
0,0,-4.3404,0,69,0
0,0,4.6596,1,69,0
0,0,2.6596,0,69,0
0,0,-2.3404,0,69,0
0,0,4.6596,0,69,0
0,0,3.6596,0,69,0
0,0,4.6596,0,69,0
0,0,3.6596,1,69,0
0,0,-3.3404,1,69,0
0,0,-4.3404,1,69,0
0,0,-3.3404,1,69,0
0,0,2.6596,0,69,0
0,0,-3.3404,1,69,0
0,0,-3.3404,0,69,0
0,0,2.6596,1,69,0
0,0,4.6596,1,69,0
0,0,-2.3404,1,70,0
0,0,4.6596,1,70,0
0,0,3.6596,1,70,0
0,0,-2.3404,0,70,0
0,0,4.6596,1,70,0
0,0,4.6596,1,70,0
0,0,3.6596,1,70,0
0,0,2.6596,1,70,0
0,0,2.6596,1,70,0
0,0,2.6596,1,70,0
0,0,-4.3404,0,70,0
0,0,-2.3404,0,70,0
0,0,3.6596,1,70,0
0,0,3.6596,1,70,0
0,0,4.6596,1,70,0
0,0,3.6596,1,70,0
0,0,-3.3404,1,70,0
0,0,-4.3404,1,70,0
0,0,3.6596,1,70,0
0,0,3.6596,1,70,0
0,0,-4.3404,0,70,0
0,0,-4.3404,0,70,0
0,0,-4.3404,0,70,0
0,0,-4.3404,1,70,0
0,0,-4.3404,1,70,0
0,0,-4.3404,1,70,0
0,0,4.6596,0,71,0
0,0,4.6596,1,71,0
0,0,4.6596,1,71,0
0,0,2.6596,1,71,0
0,0,4.6596,1,71,0
0,0,2.6596,1,71,0
0,0,3.6596,1,71,0
0,0,3.6596,1,71,0
0,0,-4.3404,1,71,0
0,0,-2.3404,0,71,0
0,0,2.6596,1,71,0
0,0,-4.3404,1,71,0
0,0,4.6596,1,71,0
0,0,-3.3404,1,71,0
0,0,-4.3404,1,71,0
0,0,-2.3404,0,71,0
0,0,4.6596,1,71,0
0,0,3.6596,1,71,0
0,0,4.6596,1,71,0
0,0,4.6596,1,71,0
0,0,3.6596,1,71,0
0,0,-4.3404,0,71,0
0,0,-3.3404,1,71,0
0,0,3.6596,0,71,0
0,0,-3.3404,0,71,0
0,0,2.6596,1,71,0
0,0,-4.3404,1,72,0
0,0,2.6596,1,72,0
0,0,-4.3404,1,72,0
0,0,2.6596,1,72,0
0,0,3.6596,1,72,0
0,0,-4.3404,1,72,0
0,0,-4.3404,0,72,0
0,0,-3.3404,0,72,0
0,0,-4.3404,1,72,0
0,0,-4.3404,0,72,0
0,0,3.6596,1,72,0
0,0,4.6596,1,72,0
0,0,4.6596,1,72,0
0,0,3.6596,1,72,0
0,0,-4.3404,1,72,0
0,0,-4.3404,1,72,0
0,0,3.6596,0,72,0
0,0,-4.3404,1,72,0
0,0,4.6596,1,72,0
0,0,3.6596,1,73,0
0,0,2.6596,1,73,0
0,0,3.6596,1,73,0
0,0,-2.3404,0,73,0
0,0,-2.3404,1,73,0
0,0,-3.3404,1,73,0
0,0,2.6596,1,73,0
0,0,-3.3404,1,73,0
0,0,-2.3404,1,73,0
0,0,-4.3404,1,73,0
0,0,-4.3404,0,73,0
0,0,-4.3404,1,73,0
0,0,-3.3404,1,73,0
0,0,-4.3404,1,73,0
0,0,-4.3404,1,73,0
0,0,-2.3404,1,73,0
0,0,4.6596,1,73,0
0,0,-4.3404,0,73,0
0,0,-4.3404,1,73,0
0,0,-2.3404,1,73,0
0,0,-3.3404,1,73,0
0,0,-3.3404,1,73,0
0,0,-4.3404,1,73,0
0,0,4.6596,1,73,0
0,0,4.6596,1,73,0
0,0,4.6596,1,75,0
0,0,3.6596,1,75,0
0,0,-2.3404,1,75,0
0,0,-4.3404,1,75,0
0,0,4.6596,1,75,0
0,0,3.6596,1,75,0
0,0,2.6596,1,75,0
0,0,2.6596,1,75,0
0,0,-4.3404,1,75,0
0,0,2.6596,1,75,0
0,0,-4.3404,1,75,0
0,0,-2.3404,1,75,0
0,0,-4.3404,1,75,0
0,0,-4.3404,1,75,0
0,0,4.6596,1,75,0
0,0,-4.3404,0,75,0
0,0,-2.3404,1,75,0
0,0,4.6596,1,75,0
0,0,-4.3404,1,75,0
0,0,-4.3404,1,75,0
0,0,-4.3404,1,75,0
0,0,2.6596,1,75,0
0,0,-4.3404,1,75,0
0,0,4.6596,1,75,0
0,0,-4.3404,1,75,0
0,0,2.6596,1,76,0
0,0,-4.3404,0,76,0
0,0,-4.3404,1,76,0
0,0,-4.3404,1,76,0
0,0,-4.3404,1,76,0
0,0,4.6596,1,76,0
0,0,-4.3404,0,76,0
0,0,-4.3404,1,76,0
0,0,-2.3404,1,76,0
0,0,4.6596,1,76,0
0,0,3.6596,1,76,0
0,0,-4.3404,1,76,0
0,0,-4.3404,1,76,0
0,0,-2.3404,1,76,0
0,0,-4.3404,1,76,0
0,0,4.6596,1,76,0
0,0,4.6596,1,76,0
0,0,-4.3404,0,76,0
0,0,2.6596,1,76,0
0,0,-4.3404,1,76,0
0,0,2.6596,1,76,0
0,0,4.6596,1,76,0
0,0,-4.3404,0,76,0
0,0,4.6596,1,76,0
0,0,-3.3404,0,77,0
0,0,-4.3404,1,77,0
0,0,-4.3404,0,77,0
0,0,-4.3404,0,77,0
0,0,-3.3404,1,77,0
0,0,4.6596,1,77,0
0,0,4.6596,0,77,0
0,0,-2.3404,0,77,0
0,0,-4.3404,1,77,0
0,0,3.6596,1,77,0
0,0,2.6596,0,77,0
0,0,-3.3404,1,77,0
0,0,-2.3404,1,77,0
0,0,-3.3404,1,77,0
0,0,4.6596,1,77,0
0,0,-2.3404,1,77,0
0,0,3.6596,1,77,0
0,0,4.6596,1,77,0
0,0,-2.3404,1,77,0
0,0,2.6596,1,77,0
0,0,4.6596,1,78,0
0,0,3.6596,1,78,0
0,0,2.6596,1,78,0
0,0,3.6596,1,78,0
0,0,-2.3404,0,78,0
0,0,-3.3404,1,78,0
0,0,4.6596,1,78,0
0,0,2.6596,1,78,0
0,0,4.6596,1,78,0
0,0,-2.3404,1,78,0
0,0,-3.3404,1,78,0
0,0,-4.3404,0,78,0
0,0,4.6596,1,78,0
0,0,-2.3404,1,78,0
0,0,-4.3404,1,78,0
0,0,-4.3404,1,78,0
0,0,-4.3404,1,78,0
0,0,-4.3404,0,78,0
0,0,2.6596,1,78,0
0,0,3.6596,1,78,0
0,0,4.6596,0,78,0
0,0,4.6596,0,78,0
0,0,4.6596,0,78,0
0,0,-4.3404,1,78,0
0,0,4.6596,1,78,0
0,0,-3.3404,0,78,0
0,0,2.6596,0,79,0
0,0,3.6596,1,79,0
0,0,4.6596,1,79,0
0,0,-4.3404,1,79,0
0,0,2.6596,1,79,0
0,0,2.6596,1,79,0
0,0,4.6596,0,79,0
0,0,-4.3404,1,79,0
0,0,-4.3404,0,79,0
0,0,4.6596,1,79,0
0,0,4.6596,1,79,0
0,0,4.6596,1,79,0
0,0,4.6596,1,79,0
0,0,-4.3404,1,79,0
0,0,-2.3404,1,79,0
0,0,2.6596,1,79,0
0,0,4.6596,1,79,0
0,0,4.6596,1,79,0
0,0,-4.3404,1,79,0
0,0,-4.3404,1,79,0
0,0,3.6596,1,79,0
0,0,4.6596,1,79,0
0,0,-3.3404,0,79,0
0,0,4.6596,1,79,0
0,0,4.6596,1,79,0
0,0,4.6596,1,79,0
0,0,-4.3404,0,80,0
0,0,-3.3404,1,80,0
0,0,2.6596,1,80,0
0,0,2.6596,0,80,0
0,0,3.6596,1,80,0
0,0,4.6596,0,80,0
0,0,4.6596,1,80,0
0,0,2.6596,1,80,0
0,0,4.6596,1,80,0
0,0,-2.3404,1,80,0
0,0,4.6596,1,80,0
0,0,-4.3404,1,80,0
0,0,4.6596,1,80,0
0,0,-4.3404,1,80,0
0,0,-3.3404,0,80,0
0,0,4.6596,1,80,0
0,0,2.6596,1,80,0
0,0,4.6596,1,80,0
0,0,2.6596,1,80,0
0,0,4.6596,1,80,0
0,0,-4.3404,0,80,0
0,0,-3.3404,0,80,0
0,0,-2.3404,0,81,0
0,0,1.6596,1,81,0
0,0,-3.3404,1,81,0
0,0,4.6596,0,81,0
0,0,0.65965,0,81,0
0,0,0.65965,0,81,0
0,0,-4.3404,0,81,0
0,0,-4.3404,1,81,0
0,0,-4.3404,0,81,0
0,0,-3.3404,0,81,0
0,0,-1.3404,1,81,0
0,0,4.6596,0,81,0
0,0,-3.3404,0,81,0
0,0,-4.3404,1,81,0
0,0,2.6596,0,81,0
0,0,4.6596,1,81,0
0,0,-3.3404,1,81,0
0,0,3.6596,0,81,0
0,0,-2.3404,0,81,0
0,0,4.6596,1,81,0
0,0,4.6596,1,81,0
0,0,4.6596,1,81,0
0,0,4.6596,1,81,0
0,0,-4.3404,0,81,0
0,0,4.6596,1,82,0
0,0,4.6596,1,82,0
0,0,4.6596,1,82,0
0,0,4.6596,1,82,0
0,0,-4.3404,1,82,0
0,0,-4.3404,1,82,0
0,0,4.6596,1,82,0
0,0,4.6596,0,82,0
0,0,-2.3404,0,82,0
0,0,4.6596,1,82,0
0,0,4.6596,1,82,0
0,0,-4.3404,1,82,0
0,0,4.6596,1,82,0
0,0,3.6596,1,82,0
0,0,-4.3404,1,82,0
0,0,-2.3404,0,82,0
0,0,3.6596,1,82,0
0,0,-4.3404,1,82,0
0,0,-4.3404,0,82,0
0,0,3.6596,1,82,0
0,0,4.6596,1,82,0
0,0,2.6596,1,82,0
0,0,4.6596,1,82,0
0,0,2.6596,1,82,0
0,0,-4.3404,1,82,0
0,0,-3.3404,0,83,0
0,0,-2.3404,1,83,0
0,0,-4.3404,0,83,0
0,0,-4.3404,1,83,0
0,0,-4.3404,0,83,0
0,0,-4.3404,1,83,0
0,0,-4.3404,1,83,0
0,0,-3.3404,1,83,0
0,0,-4.3404,1,83,0
0,0,-2.3404,0,83,0
0,0,-3.3404,1,83,0
0,0,-4.3404,1,83,0
0,0,-3.3404,1,83,0
0,0,3.6596,1,83,0
0,0,4.6596,1,83,0
0,0,3.6596,1,83,0
0,0,2.6596,0,83,0
0,0,3.6596,0,83,0
0,0,-3.3404,1,83,0
0,0,3.6596,0,83,0
0,0,4.6596,0,83,0
0,0,4.6596,0,83,0
0,0,3.6596,0,83,0
0,0,4.6596,0,83,0
0,0,4.6596,0,83,0
0,0,4.6596,1,83,0
0,0,2.6596,1,84,0
0,0,-2.3404,1,84,0
0,0,3.6596,1,84,0
0,0,2.6596,1,84,0
0,0,-4.3404,1,84,0
0,0,-3.3404,1,84,0
0,0,4.6596,1,84,0
0,0,2.6596,1,84,0
0,0,4.6596,1,84,0
0,0,4.6596,0,84,0
0,0,-3.3404,1,84,0
0,0,-2.3404,1,84,0
0,0,-4.3404,1,84,0
0,0,-4.3404,0,84,0
0,0,-2.3404,1,84,0
0,0,-2.3404,1,84,0
0,0,-3.3404,1,84,0
0,0,-3.3404,1,84,0
0,0,4.6596,1,84,0
0,0,4.6596,1,84,0
0,0,4.6596,1,84,0
0,0,-4.3404,1,84,0
0,0,-2.3404,1,84,0
0,0,4.6596,1,84,0
0,0,-2.3404,1,84,0
0,0,4.6596,1,84,0
0,0,-4.3404,1,86,0
0,0,-4.3404,1,86,0
0,0,-4.3404,1,86,0
0,0,-3.3404,1,86,0
0,0,-4.3404,1,86,0
0,0,-3.3404,1,86,0
0,0,4.6596,1,86,0
0,0,2.6596,1,86,0
0,0,4.6596,0,86,0
0,0,4.6596,1,86,0
0,0,4.6596,0,86,0
0,0,4.6596,1,86,0
0,0,-4.3404,1,86,0
0,0,3.6596,1,86,0
0,0,-4.3404,1,86,0
0,0,3.6596,1,86,0
0,0,4.6596,1,86,0
0,0,3.6596,0,86,0
0,0,4.6596,1,86,0
0,0,4.6596,1,86,0
0,0,3.6596,1,86,0
0,0,2.6596,0,86,0
0,0,-3.3404,0,87,0
0,0,-4.3404,1,87,0
0,0,-4.3404,1,87,0
0,0,-4.3404,1,87,0
0,0,-4.3404,0,87,0
0,0,-4.3404,1,87,0
0,0,3.6596,0,87,0
0,0,-4.3404,1,87,0
0,0,-4.3404,1,87,0
0,0,-3.3404,1,87,0
0,0,-3.3404,1,87,0
0,0,-3.3404,0,87,0
0,0,-3.3404,0,87,0
0,0,-4.3404,1,87,0
0,0,4.6596,0,87,0
0,0,-4.3404,0,87,0
0,0,4.6596,1,87,0
0,0,4.6596,1,87,0
0,0,4.6596,1,87,0
0,0,4.6596,1,87,0
0,0,2.6596,1,87,0
0,0,-3.3404,1,87,0
0,0,-2.3404,1,87,0
0,0,-4.3404,1,87,0
0,0,-3.3404,0,87,0
0,0,3.6596,1,88,0
0,0,4.6596,1,88,0
0,0,-2.3404,0,88,0
0,0,4.6596,1,88,0
0,0,-4.3404,1,88,0
0,0,-4.3404,0,88,0
0,0,-4.3404,1,88,0
0,0,4.6596,1,88,0
0,0,4.6596,1,88,0
0,0,-3.3404,1,88,0
0,0,-4.3404,1,88,0
0,0,4.6596,1,88,0
0,0,4.6596,1,88,0
0,0,3.6596,1,88,0
0,0,-4.3404,1,88,0
0,0,3.6596,1,88,0
0,0,-2.3404,1,88,0
0,0,-3.3404,1,88,0
0,0,-4.3404,1,88,0
0,0,2.6596,1,88,0
0,0,-3.3404,1,88,0
0,0,2.6596,1,88,0
0,0,4.6596,1,88,0
0,0,2.6596,1,88,0
0,0,4.6596,1,88,0
0,0,-4.3404,1,89,0
0,0,4.6596,1,89,0
0,0,4.6596,0,89,0
0,0,3.6596,0,89,0
0,0,4.6596,1,89,0
0,0,4.6596,1,89,0
0,0,3.6596,1,89,0
0,0,2.6596,1,89,0
0,0,-4.3404,1,89,0
0,0,-4.3404,1,89,0
0,0,2.6596,1,89,0
0,0,4.6596,0,89,0
0,0,-4.3404,1,89,0
0,0,-2.3404,1,89,0
0,0,4.6596,1,89,0
0,0,4.6596,1,89,0
0,0,2.6596,1,89,0
0,0,-4.3404,0,89,0
0,0,-4.3404,1,89,0
0,0,-2.3404,1,89,0
0,0,4.6596,1,89,0
0,0,2.6596,1,89,0
0,0,3.6596,0,89,0
0,0,3.6596,1,89,0
0,0,-3.3404,1,89,0
0,0,-4.3404,1,90,0
0,0,-4.3404,1,90,0
0,0,-2.3404,1,90,0
0,0,-3.3404,1,90,0
0,0,-4.3404,1,90,0
0,0,-3.3404,1,90,0
0,0,4.6596,1,90,0
0,0,4.6596,1,90,0
0,0,-4.3404,1,90,0
0,0,-2.3404,1,90,0
0,0,-4.3404,1,90,0
0,0,-4.3404,1,90,0
0,0,-4.3404,1,90,0
0,0,-4.3404,1,90,0
0,0,2.6596,1,90,0
0,0,4.6596,1,90,0
0,0,2.6596,1,90,0
0,0,4.6596,1,90,0
0,0,3.6596,1,90,0
0,0,-4.3404,1,90,0
0,0,-4.3404,1,90,0
0,0,4.6596,1,90,0
0,0,4.6596,1,90,0
0,0,2.6596,0,90,0
0,0,-4.3404,1,90,0
0,0,-4.3404,1,91,0
0,0,4.6596,1,91,0
0,0,-3.3404,0,91,0
0,0,4.6596,1,91,0
0,0,-4.3404,1,91,0
0,0,-4.3404,0,91,0
0,0,-4.3404,1,91,0
0,0,4.6596,1,91,0
0,0,4.6596,1,91,0
0,0,4.6596,1,91,0
0,0,-4.3404,1,91,0
0,0,-4.3404,0,91,0
0,0,4.6596,0,91,0
0,0,4.6596,0,91,0
0,0,2.6596,1,91,0
0,0,4.6596,0,91,0
0,0,4.6596,1,91,0
0,0,-4.3404,1,91,0
0,0,-2.3404,1,91,0
0,0,3.6596,1,91,0
0,0,3.6596,1,91,0
0,0,4.6596,0,91,0
0,0,3.6596,1,91,0
0,0,4.6596,0,91,0
0,0,-4.3404,1,91,0
0,0,2.6596,1,92,0
0,0,-2.3404,1,92,0
0,0,4.6596,1,92,0
0,0,4.6596,1,92,0
0,0,-2.3404,1,92,0
0,0,-4.3404,1,92,0
0,0,-4.3404,1,92,0
0,0,-2.3404,1,92,0
0,0,-2.3404,1,92,0
0,0,2.6596,1,92,0
0,0,-4.3404,0,92,0
0,0,-4.3404,0,92,0
0,0,-4.3404,1,92,0
0,0,2.6596,1,92,0
0,0,-4.3404,1,92,0
0,0,4.6596,0,92,0
0,0,-3.3404,1,92,0
0,0,-4.3404,1,92,0
0,0,-4.3404,0,92,0
0,0,-4.3404,0,92,0
0,0,4.6596,1,92,0
0,0,4.6596,0,92,0
0,0,-2.3404,1,92,0
0,0,-3.3404,0,92,0
0,0,-3.3404,1,92,0
0,0,2.6596,1,92,0
0,0,-4.3404,0,93,0
0,0,-3.3404,1,93,0
0,0,-2.3404,1,93,0
0,0,-4.3404,1,93,0
0,0,-4.3404,1,93,0
0,0,2.6596,1,93,0
0,0,4.6596,0,93,0
0,0,2.6596,0,93,0
0,0,-2.3404,1,93,0
0,0,-4.3404,1,93,0
0,0,2.6596,1,93,0
0,0,-4.3404,1,93,0
0,0,-4.3404,1,93,0
0,0,-3.3404,0,93,0
0,0,4.6596,1,93,0
0,0,3.6596,1,93,0
0,0,4.6596,1,93,0
0,0,4.6596,1,93,0
0,0,-3.3404,1,93,0
0,0,-4.3404,0,93,0
0,0,-2.3404,1,93,0
0,0,3.6596,1,93,0
0,0,3.6596,1,93,0
0,0,4.6596,1,93,0
0,0,-4.3404,1,93,0
0,0,-4.3404,1,93,0
0,0,4.6596,1,94,0
0,0,-3.3404,1,94,0
0,0,-2.3404,1,94,0
0,0,-4.3404,0,94,0
0,0,-2.3404,0,94,0
0,0,-4.3404,0,94,0
0,0,2.6596,1,94,0
0,0,4.6596,1,94,0
0,0,2.6596,1,94,0
0,0,4.6596,1,94,0
0,0,3.6596,1,94,0
0,0,2.6596,1,94,0
0,0,-3.3404,0,94,0
0,0,-3.3404,0,94,0
0,0,2.6596,0,94,0
0,0,-4.3404,0,94,0
0,0,-3.3404,0,94,0
0,0,-4.3404,0,94,0
0,0,-3.3404,1,94,0
0,0,-4.3404,0,94,0
0,0,-2.3404,1,94,0
0,0,4.6596,1,94,0
0,0,2.6596,1,94,0
0,0,-3.3404,0,94,0
0,0,-2.3404,1,94,0
0,0,3.6596,0,96,0
0,0,-4.3404,1,96,0
0,0,-3.3404,1,96,0
0,0,-4.3404,1,96,0
0,0,-4.3404,1,96,0
0,0,-4.3404,1,96,0
0,0,3.6596,1,96,0
0,0,-4.3404,1,96,0
0,0,4.6596,1,96,0
0,0,4.6596,1,96,0
0,0,-4.3404,1,96,0
0,0,-4.3404,1,96,0
0,0,-4.3404,1,96,0
0,0,-4.3404,1,96,0
0,0,-2.3404,1,96,0
0,0,4.6596,1,96,0
0,0,2.6596,1,96,0
0,0,3.6596,1,96,0
0,0,-4.3404,1,96,0
0,0,-4.3404,1,96,0
0,0,-4.3404,1,96,0
0,0,-4.3404,1,96,0
0,0,4.6596,1,96,0
0,0,2.6596,0,96,0
0,0,-4.3404,1,96,0
0,0,2.6596,1,96,0
0,0,4.6596,1,97,0
0,0,-2.3404,1,97,0
0,0,4.6596,1,97,0
0,0,4.6596,1,97,0
0,0,3.6596,0,97,0
0,0,-2.3404,1,97,0
0,0,4.6596,1,97,0
0,0,4.6596,1,97,0
0,0,-3.3404,1,97,0
0,0,-4.3404,1,97,0
0,0,-4.3404,1,97,0
0,0,4.6596,1,97,0
0,0,4.6596,1,97,0
0,0,-4.3404,1,97,0
0,0,-4.3404,1,97,0
0,0,2.6596,0,97,0
0,0,4.6596,1,97,0
0,0,-3.3404,1,97,0
0,0,-2.3404,1,97,0
0,0,-4.3404,1,97,0
0,0,-3.3404,1,97,0
0,0,3.6596,0,97,0
0,0,-2.3404,1,97,0
0,0,-3.3404,1,97,0
0,0,-2.3404,0,97,0
0,0,-4.3404,1,97,0
0,0,3.6596,0,98,0
0,0,2.6596,0,98,0
0,0,2.6596,0,98,0
0,0,-4.3404,0,98,0
0,0,-4.3404,1,98,0
0,0,3.6596,0,98,0
0,0,3.6596,1,98,0
0,0,-4.3404,0,98,0
0,0,-4.3404,1,98,0
0,0,-4.3404,0,98,0
0,0,-2.3404,0,98,0
0,0,4.6596,1,98,0
0,0,-3.3404,1,98,0
0,0,-4.3404,0,98,0
0,0,2.6596,1,98,0
0,0,2.6596,1,98,0
0,0,4.6596,1,98,0
0,0,4.6596,0,98,0
0,0,4.6596,0,98,0
0,0,2.6596,1,98,0
0,0,2.6596,0,98,0
0,0,-4.3404,1,98,0
0,0,-4.3404,1,98,0
0,0,4.6596,1,98,0
0,0,3.6596,1,98,0
0,0,4.6596,1,99,0
0,0,4.6596,1,99,0
0,0,-3.3404,0,99,0
0,0,-3.3404,0,99,0
0,0,4.6596,1,99,0
0,0,-4.3404,0,99,0
0,0,-4.3404,1,99,0
0,0,-3.3404,0,99,0
0,0,4.6596,1,99,0
0,0,-3.3404,1,99,0
0,0,4.6596,1,99,0
0,0,4.6596,1,99,0
0,0,2.6596,1,99,0
0,0,4.6596,0,99,0
0,0,4.6596,1,99,0
0,0,-2.3404,0,99,0
0,0,4.6596,0,99,0
0,0,4.6596,1,99,0
0,0,-4.3404,0,99,0
0,0,-4.3404,1,99,0
0,0,-2.3404,1,99,0
0,0,-4.3404,1,99,0
0,0,-4.3404,1,99,0
0,0,-4.3404,1,99,0
0,0,-2.3404,1,99,0
0,0,2.6596,1,99,0
0,0,2.6596,1,100,0
0,0,-2.3404,1,100,0
0,0,2.6596,0,100,0
0,0,-4.3404,0,100,0
0,0,3.6596,0,100,0
0,0,3.6596,0,100,0
0,0,-2.3404,1,100,0
0,0,4.6596,1,100,0
0,0,2.6596,0,100,0
0,0,-3.3404,0,100,0
0,0,2.6596,1,100,0
0,0,-3.3404,1,100,0
0,0,-4.3404,0,100,0
0,0,4.6596,1,100,0
0,0,4.6596,1,100,0
0,0,-4.3404,0,100,0
0,0,-4.3404,1,100,0
0,0,4.6596,0,100,0
0,0,4.6596,0,100,0
0,0,4.6596,0,100,0
0,0,2.6596,0,100,0
0,0,-3.3404,1,100,0
0,0,4.6596,0,100,0
0,0,4.6596,0,100,0
0,0,4.6596,1,100,0
0,0,-3.3404,0,101,0
0,0,3.6596,0,101,0
0,0,3.6596,0,101,0
0,0,4.6596,0,101,0
0,0,-4.3404,0,101,0
0,0,-4.3404,0,101,0
0,0,3.6596,0,101,0
0,0,4.6596,0,101,0
0,0,2.6596,0,101,0
0,0,3.6596,1,101,0
0,0,-4.3404,0,101,0
0,0,-4.3404,1,101,0
0,0,-3.3404,0,101,0
0,0,2.6596,1,101,0
0,0,4.6596,1,101,0
0,0,-4.3404,0,101,0
0,0,-4.3404,1,101,0
0,0,-3.3404,1,101,0
0,0,-3.3404,1,101,0
0,0,-4.3404,1,101,0
0,0,-4.3404,1,101,0
0,0,-2.3404,1,103,0
0,0,-3.3404,1,103,0
0,0,-4.3404,1,103,0
0,0,-2.3404,1,103,0
0,0,3.6596,0,103,0
0,0,3.6596,1,103,0
0,0,4.6596,1,103,0
0,0,-3.3404,1,103,0
0,0,4.6596,1,103,0
0,0,2.6596,1,103,0
0,0,-3.3404,0,103,0
0,0,2.6596,0,103,0
0,0,-4.3404,0,103,0
0,0,2.6596,1,103,0
0,0,3.6596,0,103,0
0,0,4.6596,1,103,0
0,0,4.6596,1,103,0
0,0,2.6596,1,103,0
0,0,3.6596,1,103,0
0,0,3.6596,0,103,0
0,0,-2.3404,1,103,0
0,0,3.6596,1,103,0
0,0,2.6596,0,103,0
0,0,-4.3404,0,103,0
0,0,4.6596,1,103,0
0,0,4.6596,1,103,0
0,0,-3.3404,1,104,0
0,0,-4.3404,1,104,0
0,0,3.6596,1,104,0
0,0,-3.3404,0,104,0
0,0,3.6596,1,104,0
0,0,4.6596,1,104,0
0,0,4.6596,1,104,0
0,0,-4.3404,0,104,0
0,0,-4.3404,1,104,0
0,0,-4.3404,0,104,0
0,0,-4.3404,1,104,0
0,0,-3.3404,1,104,0
0,0,-4.3404,1,104,0
0,0,-4.3404,1,104,0
0,0,3.6596,1,104,0
0,0,4.6596,1,104,0
0,0,4.6596,0,104,0
0,0,-4.3404,1,104,0
0,0,4.6596,0,104,0
0,0,-3.3404,1,104,0
0,0,-4.3404,1,104,0
0,0,-3.3404,1,104,0
0,0,-2.3404,1,104,0
0,0,-3.3404,1,104,0
0,0,-2.3404,1,104,0
0,0,-4.3404,1,104,0
0,0,-4.3404,1,105,0
0,0,-4.3404,0,105,0
0,0,4.6596,1,105,0
0,0,4.6596,1,105,0
0,0,4.6596,0,105,0
0,0,4.6596,1,105,0
0,0,-4.3404,1,105,0
0,0,4.6596,1,105,0
0,0,-4.3404,0,105,0
0,0,-3.3404,1,105,0
0,0,-4.3404,1,105,0
0,0,-4.3404,1,105,0
0,0,-4.3404,1,105,0
0,0,-4.3404,1,105,0
0,0,4.6596,1,105,0
0,0,4.6596,1,105,0
0,0,4.6596,1,105,0
0,0,3.6596,1,105,0
0,0,-3.3404,0,105,0
0,0,-3.3404,1,105,0
0,0,-4.3404,1,105,0
0,0,-4.3404,0,105,0
0,0,-3.3404,1,105,0
0,0,-4.3404,1,105,0
0,0,-2.3404,0,105,0
0,0,-4.3404,0,105,0
0,0,-2.3404,1,106,0
0,0,-2.3404,1,106,0
0,0,-2.3404,0,106,0
0,0,4.6596,1,106,0
0,0,-3.3404,1,106,0
0,0,-4.3404,1,106,0
0,0,-3.3404,1,106,0
0,0,-4.3404,1,106,0
0,0,4.6596,0,106,0
0,0,4.6596,1,106,0
0,0,4.6596,1,106,0
0,0,-4.3404,0,106,0
0,0,-3.3404,0,106,0
0,0,-2.3404,1,106,0
0,0,2.6596,1,106,0
0,0,-4.3404,1,106,0
0,0,4.6596,0,106,0
0,0,3.6596,1,106,0
0,0,4.6596,0,106,0
0,0,4.6596,1,106,0
0,0,4.6596,0,106,0
0,0,-4.3404,1,106,0
0,0,-4.3404,0,106,0
0,0,-3.3404,1,106,0
0,0,4.6596,1,107,0
0,0,4.6596,1,107,0
0,0,-2.3404,1,107,0
0,0,4.6596,0,107,0
0,0,-4.3404,1,107,0
0,0,3.6596,1,107,0
0,0,3.6596,1,107,0
0,0,2.6596,1,107,0
0,0,-3.3404,1,107,0
0,0,-4.3404,0,107,0
0,0,-3.3404,1,107,0
0,0,-4.3404,0,107,0
0,0,3.6596,1,107,0
0,0,4.6596,1,107,0
0,0,4.6596,1,107,0
0,0,4.6596,1,107,0
0,0,3.6596,1,107,0
0,0,4.6596,1,107,0
0,0,4.6596,1,107,0
0,0,3.6596,0,107,0
0,0,3.6596,0,107,0
0,0,4.6596,1,107,0
0,0,4.6596,1,107,0
0,0,-4.3404,0,107,0
0,0,-4.3404,1,107,0
0,0,-4.3404,1,107,0
0,0,-4.3404,0,108,0
0,0,-4.3404,1,108,0
0,0,3.6596,1,108,0
0,0,-4.3404,1,108,0
0,0,-2.3404,1,108,0
0,0,-3.3404,1,108,0
0,0,-4.3404,1,108,0
0,0,4.6596,1,108,0
0,0,4.6596,1,108,0
0,0,-4.3404,1,108,0
0,0,-4.3404,1,108,0
0,0,-4.3404,1,108,0
0,0,4.6596,0,108,0
0,0,4.6596,1,108,0
0,0,-2.3404,1,108,0
0,0,-2.3404,1,108,0
0,0,-4.3404,1,108,0
0,0,-3.3404,1,108,0
0,0,-4.3404,1,108,0
0,0,-4.3404,1,108,0
0,0,4.6596,1,108,0
0,0,2.6596,1,108,0
0,0,3.6596,1,108,0
0,0,-4.3404,1,108,0
0,0,4.6596,1,108,0
0,0,-3.3404,1,108,0
0,0,-4.3404,1,109,0
0,0,-4.3404,1,109,0
0,0,-4.3404,0,109,0
0,0,-4.3404,1,109,0
0,0,-2.3404,1,109,0
0,0,-4.3404,0,109,0
0,0,2.6596,1,109,0
0,0,-3.3404,1,109,0
0,0,-4.3404,1,109,0
0,0,-2.3404,0,109,0
0,0,-3.3404,0,109,0
0,0,2.6596,0,109,0
0,0,-2.3404,0,109,0
0,0,-4.3404,1,109,0
0,0,2.6596,1,109,0
0,0,4.6596,1,109,0
0,0,2.6596,1,109,0
0,0,3.6596,1,109,0
0,0,-2.3404,0,109,0
0,0,3.6596,1,109,0
0,0,-4.3404,1,109,0
0,0,-4.3404,0,109,0
0,0,-4.3404,0,109,0
0,0,4.6596,1,109,0
0,0,-4.3404,0,109,0
0,0,2.6596,0,110,0
0,0,-4.3404,1,110,0
0,0,-4.3404,1,110,0
0,0,-4.3404,1,110,0
0,0,4.6596,1,110,0
0,0,4.6596,1,110,0
0,0,2.6596,1,110,0
0,0,2.6596,1,110,0
0,0,-3.3404,1,110,0
0,0,-3.3404,1,110,0
0,0,-4.3404,1,110,0
0,0,-4.3404,1,110,0
0,0,-4.3404,1,110,0
0,0,-4.3404,1,110,0
0,0,-4.3404,1,110,0
0,0,2.6596,1,110,0
0,0,2.6596,1,110,0
0,0,-3.3404,1,110,0
0,0,4.6596,1,110,0
0,0,-2.3404,1,110,0
0,0,4.6596,1,110,0
0,0,-2.3404,0,110,0
0,0,-4.3404,1,110,0
0,0,-4.3404,1,110,0
0,0,-4.3404,0,110,0
0,0,-2.3404,1,110,0
0,0,-4.3404,0,111,0
0,0,-4.3404,1,111,0
0,0,-4.3404,1,111,0
0,0,2.6596,0,111,0
0,0,2.6596,1,111,0
0,0,4.6596,0,111,0
0,0,4.6596,0,111,0
0,0,-4.3404,0,111,0
0,0,-4.3404,0,111,0
0,0,4.6596,0,111,0
0,0,4.6596,1,111,0
0,0,-4.3404,1,111,0
0,0,-2.3404,1,111,0
0,0,-4.3404,0,111,0
0,0,2.6596,1,111,0
0,0,2.6596,0,111,0
0,0,-4.3404,0,111,0
0,0,-4.3404,0,111,0
0,0,-2.3404,0,111,0
0,0,2.6596,0,111,0
0,0,-4.3404,1,111,0
0,0,-2.3404,1,111,0
0,0,4.6596,1,111,0
0,0,-4.3404,0,112,0
0,0,-4.3404,0,112,0
0,0,-4.3404,1,112,0
0,0,4.6596,1,112,0
0,0,-4.3404,1,112,0
0,0,-3.3404,1,112,0
0,0,-4.3404,1,112,0
0,0,-2.3404,1,112,0
0,0,4.6596,1,112,0
0,0,2.6596,1,112,0
0,0,4.6596,1,112,0
0,0,-3.3404,1,112,0
0,0,3.6596,1,112,0
0,0,-4.3404,1,112,0
0,0,-4.3404,1,112,0
0,0,4.6596,1,112,0
0,0,-4.3404,1,112,0
0,0,4.6596,1,112,0
0,0,-3.3404,1,112,0
0,0,-2.3404,1,112,0
0,0,-4.3404,1,112,0
0,0,-4.3404,1,112,0
0,0,-4.3404,1,112,0
0,0,-2.3404,1,112,0
0,0,4.6596,1,112,0
0,0,-3.3404,1,113,0
0,0,-4.3404,1,113,0
0,0,-4.3404,1,113,0
0,0,-4.3404,0,113,0
0,0,-3.3404,1,113,0
0,0,-3.3404,1,113,0
0,0,2.6596,1,113,0
0,0,4.6596,1,113,0
0,0,4.6596,1,113,0
0,0,-4.3404,1,113,0
0,0,-4.3404,1,113,0
0,0,-4.3404,1,113,0
0,0,-4.3404,1,113,0
0,0,-4.3404,1,113,0
0,0,-4.3404,1,113,0
0,0,-3.3404,1,113,0
0,0,4.6596,1,113,0
0,0,-4.3404,1,113,0
0,0,3.6596,1,113,0
0,0,2.6596,1,113,0
0,0,3.6596,1,113,0
0,0,2.6596,1,113,0
0,0,-2.3404,0,113,0
0,0,-4.3404,1,113,0
0,0,-4.3404,1,113,0
0,0,4.6596,0,114,0
0,0,4.6596,1,114,0
0,0,-2.3404,0,114,0
0,0,4.6596,0,114,0
0,0,-2.3404,0,114,0
0,0,4.6596,0,114,0
0,0,4.6596,1,114,0
0,0,4.6596,0,114,0
0,0,3.6596,0,114,0
0,0,4.6596,0,114,0
0,0,2.6596,0,114,0
0,0,-4.3404,1,114,0
0,0,-4.3404,1,114,0
0,0,-4.3404,0,114,0
0,0,-4.3404,1,114,0
0,0,-2.3404,0,114,0
0,0,4.6596,1,114,0
0,0,-4.3404,0,114,0
0,0,-2.3404,1,114,0
0,0,3.6596,0,114,0
0,0,-4.3404,1,114,0
0,0,-3.3404,0,114,0
0,0,-2.3404,0,114,0
0,0,4.6596,1,114,0
0,0,4.6596,1,114,0
0,0,4.6596,0,114,0
0,0,4.6596,0,115,0
0,0,-4.3404,0,115,0
0,0,-4.3404,0,115,0
0,0,4.6596,1,115,0
0,0,4.6596,1,115,0
0,0,4.6596,1,115,0
0,0,2.6596,1,115,0
0,0,-4.3404,1,115,0
0,0,4.6596,1,115,0
0,0,-4.3404,1,115,0
0,0,-4.3404,0,115,0
0,0,-2.3404,1,115,0
0,0,-4.3404,1,115,0
0,0,-4.3404,1,115,0
0,0,2.6596,1,115,0
0,0,-4.3404,0,115,0
0,0,-3.3404,1,115,0
0,0,-4.3404,0,115,0
0,0,3.6596,1,115,0
0,0,4.6596,0,115,0
0,0,4.6596,1,115,0
0,0,3.6596,1,115,0
0,0,2.6596,1,115,0
0,0,-4.3404,1,115,0
0,0,-2.3404,1,115,0
0,0,2.6596,1,115,0
0,0,-4.3404,0,116,0
0,0,4.6596,0,116,0
0,0,4.6596,1,116,0
0,0,2.6596,0,116,0
0,0,2.6596,1,116,0
0,0,3.6596,1,116,0
0,0,3.6596,1,116,0
0,0,4.6596,1,116,0
0,0,-4.3404,1,116,0
0,0,-4.3404,1,116,0
0,0,3.6596,1,116,0
0,0,-2.3404,1,116,0
0,0,-3.3404,0,116,0
0,0,-4.3404,1,116,0
0,0,-3.3404,1,116,0
0,0,-3.3404,1,116,0
0,0,4.6596,1,116,0
0,0,4.6596,1,116,0
0,0,4.6596,1,116,0
0,0,-2.3404,1,116,0
0,0,2.6596,1,116,0
0,0,-3.3404,1,116,0
0,0,-2.3404,1,116,0
0,0,-2.3404,1,116,0
0,0,4.6596,1,116,0
0,0,3.6596,1,117,0
0,0,4.6596,0,117,0
0,0,4.6596,0,117,0
0,0,-2.3404,1,117,0
0,0,4.6596,1,117,0
0,0,2.6596,1,117,0
0,0,3.6596,0,117,0
0,0,4.6596,1,117,0
0,0,4.6596,1,117,0
0,0,2.6596,1,117,0
0,0,-3.3404,0,117,0
0,0,2.6596,1,117,0
0,0,2.6596,1,117,0
0,0,2.6596,1,117,0
0,0,3.6596,1,117,0
0,0,-4.3404,1,117,0
0,0,4.6596,1,117,0
0,0,2.6596,1,117,0
0,0,4.6596,1,117,0
0,0,-3.3404,0,117,0
0,0,-4.3404,0,117,0
0,0,-4.3404,1,117,0
0,0,-4.3404,1,117,0
0,0,4.6596,1,117,0
0,0,-4.3404,1,117,0
0,0,4.6596,1,117,0
0,0,-4.3404,1,118,0
0,0,-4.3404,1,118,0
0,0,-2.3404,1,118,0
0,0,-2.3404,1,118,0
0,0,-2.3404,0,118,0
0,0,-3.3404,0,118,0
0,0,4.6596,1,118,0
0,0,-4.3404,1,118,0
0,0,2.6596,1,118,0
0,0,-4.3404,1,118,0
0,0,2.6596,1,118,0
0,0,-3.3404,1,118,0
0,0,-4.3404,1,118,0
0,0,4.6596,1,118,0
0,0,4.6596,0,118,0
0,0,4.6596,1,118,0
0,0,4.6596,1,118,0
0,0,2.6596,1,118,0
0,0,-4.3404,1,118,0
0,0,-4.3404,1,118,0
0,0,-4.3404,1,118,0
0,0,2.6596,1,118,0
0,0,4.6596,1,118,0
0,0,-2.3404,1,118,0
0,0,4.6596,1,118,0
0,0,3.6596,1,118,0
0,0,-4.3404,1,119,0
0,0,2.6596,1,119,0
0,0,-4.3404,0,119,0
0,0,-4.3404,0,119,0
0,0,2.6596,1,119,0
0,0,4.6596,1,119,0
0,0,4.6596,0,119,0
0,0,4.6596,1,119,0
0,0,-3.3404,0,119,0
0,0,-4.3404,0,119,0
0,0,2.6596,1,119,0
0,0,4.6596,0,119,0
0,0,-4.3404,1,119,0
0,0,-2.3404,1,119,0
0,0,4.6596,0,119,0
0,0,-2.3404,0,119,0
0,0,4.6596,0,119,0
0,0,4.6596,1,119,0
0,0,4.6596,1,119,0
0,0,4.6596,1,119,0
0,0,3.6596,1,119,0
0,0,4.6596,0,119,0
0,0,4.6596,1,119,0
0,0,4.6596,1,119,0
0,0,2.6596,1,119,0
0,0,-2.3404,1,119,0
0,0,4.6596,1,120,0
0,0,4.6596,1,120,0
0,0,-4.3404,0,120,0
0,0,-3.3404,1,120,0
0,0,2.6596,0,120,0
0,0,3.6596,1,120,0
0,0,-2.3404,0,120,0
0,0,3.6596,1,120,0
0,0,4.6596,0,120,0
0,0,3.6596,1,120,0
0,0,-4.3404,0,120,0
0,0,-4.3404,0,120,0
0,0,-4.3404,0,120,0
0,0,-4.3404,1,120,0
0,0,-4.3404,1,120,0
0,0,-4.3404,1,120,0
0,0,-2.3404,0,120,0
0,0,-2.3404,1,120,0
0,0,-4.3404,1,120,0
0,0,-4.3404,0,120,0
0,0,-2.3404,0,120,0
0,0,-2.3404,1,120,0
0,0,-4.3404,0,120,0
0,0,-4.3404,1,120,0
0,0,-3.3404,1,120,0
0,0,-4.3404,1,120,0
0,0,2.6596,1,121,0
0,0,4.6596,1,121,0
0,0,-2.3404,0,121,0
0,0,-3.3404,0,121,0
0,0,-4.3404,0,121,0
0,0,4.6596,1,121,0
0,0,3.6596,1,121,0
0,0,4.6596,1,121,0
0,0,-4.3404,0,121,0
0,0,3.6596,1,121,0
0,0,3.6596,1,121,0
0,0,-4.3404,1,121,0
0,0,4.6596,1,121,0
0,0,4.6596,1,121,0
0,0,4.6596,1,121,0
0,0,-4.3404,1,121,0
0,0,-2.3404,1,121,0
0,0,-4.3404,0,121,0
0,0,-4.3404,0,121,0
0,0,4.6596,1,121,0
0,0,2.6596,1,121,0
0,0,-3.3404,0,121,0
0,0,3.6596,1,121,0
0,0,4.6596,1,121,0
0,0,3.6596,1,121,0
0,0,-4.3404,1,121,0
0,0,-4.3404,1,122,0
0,0,3.6596,0,122,0
0,0,-2.3404,1,122,0
0,0,-4.3404,1,122,0
0,0,-2.3404,0,122,0
0,0,4.6596,1,122,0
0,0,4.6596,0,122,0
0,0,4.6596,0,122,0
0,0,4.6596,1,122,0
0,0,-4.3404,0,122,0
0,0,-4.3404,1,122,0
0,0,-4.3404,1,122,0
0,0,-4.3404,1,122,0
0,0,-4.3404,1,122,0
0,0,4.6596,1,122,0
0,0,4.6596,1,122,0
0,0,-3.3404,1,122,0
0,0,-3.3404,1,122,0
0,0,4.6596,1,122,0
0,0,-4.3404,1,122,0
0,0,4.6596,1,122,0
0,0,4.6596,1,122,0
0,0,2.6596,1,122,0
0,0,3.6596,1,123,0
0,0,4.6596,1,123,0
0,0,4.6596,1,123,0
0,0,3.6596,1,123,0
0,0,3.6596,1,123,0
0,0,-3.3404,0,123,0
0,0,2.6596,1,123,0
0,0,2.6596,1,123,0
0,0,2.6596,1,123,0
0,0,-2.3404,1,123,0
0,0,3.6596,0,123,0
0,0,-4.3404,1,123,0
0,0,-2.3404,0,123,0
0,0,-4.3404,0,123,0
0,0,-4.3404,1,123,0
0,0,-4.3404,1,123,0
0,0,4.6596,1,123,0
0,0,-4.3404,0,123,0
0,0,2.6596,1,123,0
0,0,-2.3404,1,123,0
0,0,-4.3404,1,123,0
0,0,-4.3404,1,123,0
0,0,-4.3404,1,123,0
0,0,2.6596,1,123,0
0,0,-4.3404,1,124,0
0,0,-4.3404,1,124,0
0,0,-2.3404,1,124,0
0,0,-3.3404,0,124,0
0,0,4.6596,1,124,0
0,0,3.6596,0,124,0
0,0,4.6596,1,124,0
0,0,3.6596,1,124,0
0,0,-4.3404,1,124,0
0,0,-2.3404,1,124,0
0,0,3.6596,1,124,0
0,0,3.6596,1,124,0
0,0,-4.3404,1,124,0
0,0,-2.3404,1,124,0
0,0,-2.3404,1,124,0
0,0,-4.3404,1,124,0
0,0,-3.3404,0,124,0
0,0,-4.3404,1,124,0
0,0,-4.3404,1,124,0
0,0,-4.3404,1,124,0
0,0,2.6596,1,124,0
0,0,4.6596,1,124,0
0,0,4.6596,1,124,0
0,0,4.6596,1,124,0
0,0,2.6596,1,124,0
0,0,-2.3404,1,124,0
