0,1,1,0
0,1,1,0
0,0,1,0
0,0,1,0
0,1,1,0
0,1,1,0
0,0,1,0
0,1,1,0
4,1,1,0
3,0,1,0
3,0,1,0
0,0,1,0
1,1,1,0
4,1,1,0
-3,0,1,0
4,0,1,0
4,1,1,0
3,1,1,0
1,1,1,0
0,1,1,0
-3,1,1,0
4,0,1,0
2,0,1,0
5,0,1,0
4,0,1,0
3,0,1,0
1,0,1,0
2,0,1,0
-3,1,1,0
0,1,2,0
0,1,2,0
0,0,2,0
0,0,2,0
2,1,2,0
4,1,2,0
3,1,2,0
0,0,2,0
4,0,2,1
0,0,2,0
-2,1,2,0
-4,1,2,0
3,1,2,0
-4,1,2,0
-4,1,2,0
-3,1,2,0
4,1,2,0
-1,0,2,1
5,1,2,0
3,1,2,0
-3,1,2,0
-3,1,2,0
-3,0,2,0
1,0,2,0
0,1,2,0
5,1,2,0
2,1,2,0
-1,1,2,0
-1,0,2,0
3,1,2,1
-2,0,2,0
3,1,2,0
2,0,2,0
1,1,2,0
0,0,3,0
0,0,3,0
0,1,3,0
0,0,3,0
2,1,3,0
-1,1,3,0
1,1,3,0
-1,1,3,0
1,1,3,0
0,1,3,1
1,1,3,0
3,1,3,0
-2,1,3,0
-2,0,3,0
3,1,3,0
-2,1,3,0
3,1,3,0
-2,1,3,0
0,1,3,0
-1,1,3,0
-2,1,3,0
-1,0,3,0
-3,0,3,0
2,1,3,0
0,1,3,0
0,1,3,0
-2,0,3,1
0,1,3,0
0,1,4,0
0,0,4,0
0,1,4,0
0,0,4,0
0,0,4,0
0,1,4,0
0,0,4,0
0,0,4,0
0,1,4,0
4,1,4,0
4,1,4,0
3,1,4,0
1,1,4,0
1,0,4,0
-3,0,4,0
-4,0,4,0
-2,0,4,0
5,1,4,0
-3,1,4,0
0,0,4,0
-4,0,4,0
-2,0,4,0
-1,1,4,0
-2,0,4,0
-1,1,4,0
3,1,4,0
-4,1,4,0
3,1,4,0
3,1,4,0
1,1,4,0
-2,1,4,0
-1,0,4,0
-1,1,4,1
0,1,4,0
3,1,4,0
4,1,4,0
3,1,4,0
3,1,4,0
3,1,4,0
1,1,4,0
-3,1,4,0
0,1,6,0
0,1,6,0
0,1,6,0
0,1,6,0
0,1,6,0
2,1,6,0
5,1,6,0
4,1,6,0
2,1,6,0
-1,0,6,0
0,1,6,0
-3,0,6,0
1,1,6,1
3,1,6,0
1,1,6,0
-4,1,6,0
2,1,6,0
0,1,6,0
-2,1,6,0
-2,1,6,0
-3,1,6,0
1,1,6,0
0,1,7,0
0,1,7,0
0,1,7,0
0,0,7,0
-1,1,7,0
-3,1,7,0
-3,1,7,0
-1,1,7,0
4,1,7,0
-3,1,7,1
1,1,7,0
-1,1,7,0
5,1,7,0
3,1,7,0
0,1,7,0
0,1,7,0
1,1,7,0
2,0,7,0
2,1,7,0
4,1,7,1
4,0,7,0
0,1,7,0
0,1,7,0
4,1,7,0
3,1,7,0
4,1,7,0
2,1,7,0
5,1,7,0
4,1,7,0
-1,0,7,0
0,1,7,0
2,1,7,0
0,0,9,0
0,1,9,0
0,1,9,0
0,0,9,0
-2,0,9,1
-3,1,9,0
-2,0,9,1
3,1,9,1
0,1,9,0
3,1,9,0
2,0,9,0
-3,0,9,1
-3,1,9,0
0,1,9,0
0,1,9,0
1,1,9,0
-2,1,9,0
2,0,9,0
0,1,9,0
-2,1,9,0
-1,0,9,1
0,0,9,0
-1,1,9,0
1,1,9,0
1,1,9,1
-2,1,9,0
-2,1,9,0
-1,1,9,0
1,0,9,0
1,1,9,0
0,1,9,0
-4,1,9,0
-4,0,9,1
3,0,9,0
3,0,9,0
1,1,9,0
0,1,10,0
-3,0,10,0
-3,0,10,0
-2,1,10,0
-1,1,10,0
-3,0,10,0
-4,0,10,0
-3,1,10,0
3,1,10,0
-2,1,10,0
-2,1,10,0
-4,1,10,0
-3,1,10,0
-1,1,10,0
-3,1,10,0
2,1,10,1
1,1,10,1
2,1,10,0
2,0,10,0
3,0,10,0
1,1,10,0
1,1,10,0
2,1,10,0
3,1,10,0
0,1,11,0
0,1,11,0
0,0,11,0
0,1,11,0
0,0,11,0
-3,0,11,0
1,1,11,0
-4,1,11,0
2,0,11,0
1,0,11,0
2,0,11,0
0,0,11,0
2,0,11,0
0,1,11,0
4,1,11,0
1,0,11,0
0,1,11,0
1,1,11,0
1,0,11,0
1,0,11,0
3,0,11,0
4,1,11,0
2,0,11,0
-4,0,11,0
-2,1,11,0
0,1,11,0
4,0,11,1
0,0,11,0
1,0,11,1
-2,0,11,0
-1,1,11,0
4,0,11,0
4,0,11,0
-1,1,11,0
4,0,11,0
2,0,11,1
-2,1,11,0
3,0,11,1
2,0,11,0
1,1,11,0
0,1,12,0
0,1,12,0
0,0,12,0
0,1,12,0
0,0,12,0
0,1,12,0
0,0,12,0
1,1,12,0
-1,0,12,0
0,1,12,1
-4,1,12,0
-3,1,12,0
-4,0,12,1
-2,1,12,0
-3,0,12,0
-1,0,12,0
-1,1,12,0
-1,1,12,0
0,1,12,0
5,1,12,0
0,1,12,0
1,0,12,0
0,1,12,0
1,0,12,0
5,1,12,0
-1,0,12,0
4,1,12,0
3,1,12,0
0,0,12,0
0,0,12,0
0,0,12,0
-1,0,12,0
-2,0,12,0
-2,1,12,0
-4,0,12,0
0,1,12,0
1,0,12,0
4,1,12,0
4,1,12,0
5,1,12,0
1,1,12,0
-1,0,12,1
0,1,15,0
0,1,15,0
0,1,15,0
4,1,15,0
3,0,15,0
1,1,15,0
-3,1,15,0
0,1,15,0
-1,1,15,0
0,1,15,0
-2,1,15,0
1,1,15,0
0,1,15,0
0,1,15,0
4,1,15,0
4,1,15,0
5,0,15,1
-3,1,15,0
-2,1,15,0
0,0,15,1
3,1,15,1
3,1,15,0
4,1,15,0
5,1,15,0
5,1,15,0
5,1,15,0
3,1,15,0
-3,1,15,0
2,1,15,0
3,0,15,1
5,0,15,0
2,1,15,0
1,1,15,0
0,1,16,0
0,1,16,0
0,1,16,0
3,1,16,0
2,0,16,0
5,1,16,1
4,0,16,0
-2,0,16,1
-4,1,16,0
-4,1,16,0
-3,1,16,1
2,1,16,0
-3,1,16,0
5,1,16,0
3,1,16,0
4,1,16,0
-3,1,16,0
-4,0,16,0
1,1,16,0
4,1,16,0
4,1,16,0
3,1,16,0
-3,0,16,0
-3,0,16,1
-3,0,16,0
-4,1,16,0
-1,1,16,1
0,1,17,0
0,0,17,0
0,0,17,0
0,1,17,0
0,1,17,0
2,1,17,0
3,1,17,1
-1,1,17,0
2,1,17,0
4,1,17,0
-1,1,17,0
-4,1,17,0
-1,0,17,1
4,1,17,0
2,1,17,0
1,0,17,1
2,1,17,0
3,0,17,1
0,1,17,0
1,1,17,0
-1,1,17,0
3,1,17,0
2,1,17,0
-2,1,17,0
-4,1,17,0
-1,1,17,0
3,1,17,0
0,1,17,0
-1,1,17,0
-3,1,17,0
-2,1,17,0
-4,0,17,0
0,1,18,0
0,0,18,0
0,1,18,0
0,0,18,0
0,0,18,0
0,1,18,0
0,0,18,0
3,1,18,1
4,0,18,0
0,1,18,0
-3,0,18,0
3,1,18,0
1,1,18,0
-3,0,18,0
4,0,18,0
3,0,18,0
0,0,18,0
2,1,18,0
-1,0,18,0
2,0,18,0
2,0,18,0
-2,1,18,0
-2,0,18,0
-3,1,18,0
-4,0,18,0
3,0,18,0
3,1,18,0
4,0,18,0
-2,1,18,0
5,1,18,1
2,0,18,0
0,0,19,0
0,0,19,0
0,0,19,0
0,1,19,0
0,1,19,0
0,0,19,0
3,1,19,0
2,1,19,0
1,1,19,0
4,0,19,1
1,1,19,0
2,1,19,0
0,0,19,0
-1,1,19,0
1,1,19,0
-1,1,19,0
0,1,19,0
1,1,19,0
-1,1,19,0
2,1,19,0
1,1,19,0
0,0,19,0
3,1,19,0
-2,0,19,1
2,1,19,0
0,1,19,0
5,1,19,0
2,1,19,0
3,1,19,0
4,1,19,0
4,1,19,0
0,1,19,0
1,1,19,0
1,1,19,0
4,0,19,0
0,1,19,0
2,1,19,0
0,0,19,0
-3,1,19,0
-1,1,19,1
5,0,19,0
0,1,20,0
0,0,20,0
0,1,20,0
0,1,20,0
0,0,20,0
0,0,20,0
0,0,20,0
-2,0,20,0
-2,1,20,0
1,0,20,0
-3,1,20,0
-1,1,20,0
0,1,20,0
-4,0,20,0
5,1,20,0
1,0,20,0
5,1,20,0
3,1,20,0
5,0,20,1
1,0,20,0
-2,1,20,1
0,1,20,0
2,1,20,0
-2,1,20,0
0,1,20,0
-2,0,20,0
5,1,20,0
1,1,20,0
1,1,20,0
2,1,20,0
0,1,20,0
3,1,20,0
3,1,20,0
0,0,21,0
0,1,21,0
0,0,21,0
0,1,21,0
0,1,21,0
0,1,21,0
0,0,21,0
0,1,21,0
1,0,21,0
0,1,21,0
-1,1,21,0
-1,0,21,1
-1,1,21,0
3,1,21,0
2,1,21,1
2,1,21,0
1,1,21,0
2,0,21,0
-2,1,21,0
-1,1,21,0
-3,1,21,0
-2,1,21,0
4,1,21,0
-3,1,21,0
-3,0,21,0
-4,1,21,0
-2,1,21,0
-4,1,21,0
4,1,21,0
3,1,21,0
3,1,21,0
1,1,21,0
1,1,21,1
1,1,21,0
0,1,21,1
-3,1,21,0
3,1,21,0
2,1,21,0
-2,1,21,0
3,1,21,0
3,1,21,0
0,1,22,0
0,0,22,0
0,0,22,0
0,1,22,0
0,0,22,0
0,1,22,0
0,0,22,0
1,1,22,0
4,1,22,0
3,1,22,0
2,1,22,1
4,1,22,0
4,1,22,0
2,1,22,0
1,1,22,0
1,1,22,0
3,1,22,0
-3,1,22,0
4,0,22,0
-1,0,22,0
1,0,22,1
1,0,22,1
3,0,22,0
-3,0,22,0
4,1,22,1
4,1,22,0
1,1,22,0
-1,0,22,1
3,0,22,0
-2,0,22,0
0,1,22,0
-3,0,22,0
-4,0,22,1
2,1,22,0
4,1,22,0
1,1,22,1
-1,0,22,1
4,1,22,0
-3,1,22,0
-1,1,22,0
3,1,22,0
-1,1,22,0
-1,1,22,0
0,1,23,0
0,0,23,0
4,1,23,0
3,0,23,0
3,1,23,1
3,1,23,1
3,1,23,1
4,1,23,0
3,1,23,0
4,1,23,0
2,1,23,0
3,1,23,0
3,0,23,0
-4,0,23,0
1,1,23,0
-4,1,23,0
-4,0,23,1
2,0,23,0
-1,1,23,0
3,1,23,0
3,0,23,0
-3,1,23,0
3,1,23,0
4,1,23,0
4,1,23,0
4,0,23,0
-1,1,23,0
-1,1,23,0
2,1,23,0
1,1,23,0
-1,0,23,1
1,1,23,0
5,1,23,0
5,1,23,0
-1,1,23,0
-4,1,23,0
3,1,23,0
0,1,24,0
0,0,24,0
0,1,24,0
0,0,24,0
-3,1,24,0
-3,0,24,0
-3,1,24,0
3,1,24,0
-1,1,24,0
-1,1,24,0
-3,1,24,0
3,1,24,0
-1,1,24,0
3,1,24,0
1,1,24,0
4,0,24,0
3,0,24,0
-2,0,24,1
5,1,24,0
3,1,24,0
4,1,24,0
0,1,24,1
1,1,24,0
2,1,24,0
3,1,24,0
2,1,24,0
-4,1,24,0
0,1,25,0
0,1,25,0
0,0,25,0
0,0,25,0
0,1,25,0
0,0,25,0
4,0,25,0
3,1,25,0
4,1,25,0
3,1,25,0
-4,0,25,0
-3,0,25,1
1,0,25,0
0,1,25,0
0,1,25,0
1,0,25,0
1,0,25,0
4,1,25,0
2,1,25,0
2,1,25,0
3,1,25,0
3,1,25,0
0,1,25,0
0,1,25,1
0,0,26,0
0,0,26,0
0,1,26,0
0,1,26,0
0,1,26,0
0,0,26,0
0,0,26,0
0,0,26,0
4,1,26,0
2,1,26,0
-2,0,26,0
-1,1,26,0
-3,0,26,1
4,0,26,0
3,1,26,0
-2,1,26,0
1,1,26,0
0,0,26,0
-1,0,26,0
-3,1,26,0
-3,1,26,0
1,1,26,0
3,1,26,0
4,0,26,0
1,1,26,0
-2,1,26,0
-3,1,26,0
3,1,26,0
1,0,26,0
-2,1,26,1
4,0,26,0
-3,1,26,0
4,1,26,0
4,1,26,0
3,1,26,0
0,1,27,0
0,1,27,0
2,1,27,1
-3,1,27,0
-2,0,27,0
3,0,27,0
2,0,27,0
3,0,27,0
1,0,27,0
3,1,27,0
2,1,27,1
0,0,27,0
0,0,27,0
0,1,27,0
0,1,27,1
4,1,27,0
4,0,27,0
0,0,27,0
1,1,27,0
-1,1,27,0
2,0,27,0
5,0,27,0
5,1,27,0
-3,1,27,0
0,0,27,0
1,0,27,0
-2,1,27,0
2,1,27,1
0,0,27,0
0,1,28,0
0,0,28,0
0,1,28,0
0,1,28,0
0,1,28,0
0,1,28,0
0,0,28,0
0,1,28,0
2,1,28,0
1,1,28,0
2,1,28,0
3,1,28,0
1,1,28,0
0,1,28,0
0,1,28,0
-3,1,28,0
1,1,28,0
5,1,28,0
4,1,28,0
-1,1,28,0
2,1,28,0
3,1,28,0
4,1,28,0
2,1,28,0
1,1,28,0
-4,0,28,0
-3,0,28,0
0,0,29,0
0,1,29,0
-2,1,29,0
-3,1,29,0
3,1,29,0
0,1,29,0
0,1,29,0
-4,1,29,0
2,1,29,0
-2,1,29,0
1,1,29,0
5,1,29,0
3,1,29,0
-4,0,29,0
0,1,29,0
2,0,29,0
-3,0,29,0
-4,0,29,0
2,1,29,0
-1,0,29,0
0,1,29,0
-2,1,29,1
-4,1,29,0
0,0,30,0
0,0,30,0
0,0,30,0
0,1,30,0
0,1,30,0
0,1,30,0
4,1,30,0
3,1,30,0
3,1,30,0
0,1,30,0
1,0,30,1
-1,1,30,0
2,1,30,0
-3,1,30,0
-2,1,30,1
-3,1,30,0
-3,0,30,0
2,1,30,0
2,1,30,0
-4,1,30,0
1,1,30,0
0,1,30,0
-2,1,30,0
3,1,30,0
-3,1,30,0
2,1,30,0
-3,1,30,0
-2,1,30,0
2,0,30,0
1,1,30,0
4,1,30,0
0,1,30,0
1,0,30,0
4,0,30,1
0,0,32,0
0,1,32,0
0,1,32,0
0,1,32,0
0,1,32,0
-2,1,32,1
-1,1,32,0
4,1,32,0
4,1,32,0
2,1,32,0
-2,1,32,0
2,1,32,0
-4,1,32,1
2,0,32,0
2,1,32,0
1,1,32,0
2,1,32,0
2,1,32,0
-1,1,32,0
-1,1,32,0
-2,1,32,0
-2,1,32,0
0,1,32,0
-4,0,32,0
-1,1,32,0
3,1,32,0
4,1,32,0
5,1,32,0
0,1,33,0
0,0,33,0
0,1,33,0
0,1,33,0
0,1,33,0
0,0,33,0
3,1,33,0
3,0,33,0
0,1,33,0
2,1,33,0
1,0,33,0
4,0,33,0
0,0,33,1
1,0,33,0
-1,1,33,0
3,0,33,0
4,1,33,0
5,1,33,1
0,0,33,0
0,1,33,1
-4,1,33,0
2,0,33,0
5,1,33,0
3,0,33,0
2,0,33,0
-4,1,33,0
3,0,33,0
0,1,35,0
0,1,35,0
0,1,35,0
0,1,35,0
0,1,35,0
0,0,35,0
0,0,35,0
0,0,35,0
4,1,35,0
1,1,35,0
1,1,35,0
0,1,35,0
-4,1,35,1
-2,0,35,1
-3,1,35,0
3,1,35,0
-1,1,35,0
4,0,35,0
5,1,35,0
1,1,35,0
0,1,35,0
3,1,35,0
5,1,35,0
2,0,35,0
-1,1,35,0
-4,0,35,0
-1,1,35,0
2,1,35,0
0,1,35,0
-2,1,35,0
0,0,35,0
2,1,35,0
-2,1,35,0
0,1,35,0
0,0,35,1
0,1,36,0
0,0,36,0
0,0,36,0
2,1,36,0
1,1,36,0
2,1,36,0
3,1,36,0
2,1,36,0
2,1,36,0
5,1,36,1
-2,1,36,0
4,0,36,1
5,1,36,0
4,1,36,0
2,1,36,0
1,1,36,0
4,0,36,0
1,0,36,0
-2,0,36,0
-4,0,36,0
1,1,36,0
0,1,36,0
0,0,37,0
0,0,37,0
0,0,37,0
0,1,37,0
0,1,37,0
0,0,37,0
5,1,37,0
-1,0,37,0
3,1,37,0
4,1,37,0
3,1,37,0
-4,1,37,0
5,1,37,0
2,1,37,0
2,1,37,0
4,0,37,0
4,1,37,0
4,0,37,0
3,1,37,0
5,0,37,0
2,0,37,1
4,1,37,0
4,0,37,0
5,0,37,1
4,0,37,0
3,0,37,0
4,1,37,0
4,0,37,0
1,1,37,0
-3,1,37,0
2,1,37,0
0,0,37,0
1,1,37,0
4,0,37,0
4,0,37,1
4,1,37,0
1,0,37,0
0,1,38,0
0,0,38,0
0,1,38,0
0,1,38,0
0,0,38,0
0,1,38,0
3,0,38,0
5,1,38,0
-2,0,38,1
5,0,38,0
4,1,38,1
0,1,38,1
5,1,38,0
0,1,38,0
3,1,38,0
-3,1,38,0
2,0,38,0
4,1,38,0
-1,0,38,0
0,1,38,0
2,1,38,0
1,1,38,0
2,1,38,1
-2,0,38,1
3,1,38,0
-1,1,38,0
2,1,38,0
1,0,38,0
1,1,38,0
-2,1,38,0
-1,1,38,0
-2,1,38,0
0,0,39,0
0,0,39,0
0,0,39,0
0,1,39,0
0,0,39,0
0,1,39,0
0,1,39,0
4,0,39,1
4,1,39,0
-2,1,39,0
4,0,39,0
2,1,39,0
4,0,39,1
5,1,39,0
4,0,39,0
1,1,39,0
5,1,39,0
1,0,39,0
0,1,39,0
1,1,39,0
0,0,39,0
3,0,39,0
0,1,39,1
-3,0,39,0
-3,1,39,1
3,1,39,1
3,1,39,0
3,0,39,0
-4,1,39,0
-3,0,39,0
3,1,39,0
5,0,39,0
3,1,39,0
0,1,40,0
0,0,40,0
0,0,40,0
-4,1,40,0
1,1,40,0
5,0,40,1
3,1,40,0
-4,1,40,1
-1,1,40,0
-1,1,40,0
1,1,40,0
5,0,40,0
1,0,40,0
4,1,40,0
3,1,40,0
3,1,40,0
2,1,40,1
1,1,40,1
0,1,40,0
0,1,40,1
-4,1,40,0
-2,1,40,0
-1,1,40,0
5,1,40,0
5,1,40,0
0,0,40,0
-1,0,40,0
3,1,40,0
2,1,40,1
0,0,42,0
0,1,42,0
0,1,42,0
0,1,42,0
0,0,42,0
0,1,42,0
0,0,42,0
0,1,42,0
4,0,42,0
1,1,42,1
-4,0,42,0
2,0,42,0
-3,1,42,0
-1,1,42,0
-4,1,42,0
4,1,42,0
4,0,42,0
-1,1,42,0
-3,0,42,0
2,1,42,0
2,0,42,0
0,1,43,0
0,0,43,0
0,1,43,0
0,0,43,0
2,1,43,0
-2,1,43,0
3,1,43,0
4,1,43,0
3,1,43,0
-2,0,43,1
4,1,43,0
2,1,43,0
3,0,43,0
4,1,43,0
1,1,43,0
-1,1,43,1
1,1,43,0
-1,1,43,0
0,0,43,0
4,1,43,0
5,1,43,0
3,1,43,0
2,1,43,0
3,1,43,0
3,1,43,0
0,0,43,0
1,1,43,0
-1,1,43,0
-4,1,43,0
0,1,44,0
0,1,44,0
0,0,44,0
0,0,44,0
0,0,44,0
0,1,44,0
0,0,44,0
0,0,44,0
0,1,44,0
0,1,44,0
-4,1,44,0
3,0,44,0
5,0,44,0
3,1,44,0
4,1,44,0
5,1,44,1
1,1,44,1
3,1,44,0
3,1,44,0
1,1,44,0
4,1,44,0
4,0,44,0
0,1,44,1
2,1,44,0
1,0,44,0
3,1,44,0
-2,0,44,0
3,0,44,0
5,0,44,0
-1,1,44,0
1,1,44,0
1,1,44,0
4,1,44,0
1,1,44,0
0,1,44,0
2,1,44,0
0,1,44,0
0,1,46,0
0,0,46,0
0,0,46,0
0,0,46,0
1,0,46,0
2,1,46,0
3,1,46,0
-2,0,46,1
4,0,46,0
3,1,46,0
4,1,46,0
4,1,46,0
1,1,46,1
-3,1,46,0
2,1,46,0
1,1,46,0
5,1,46,0
2,1,46,0
-4,1,46,1
0,1,46,0
4,1,46,0
2,1,46,0
4,1,46,1
4,1,46,0
0,1,46,0
1,1,46,0
0,0,46,1
3,1,46,0
3,1,46,0
3,1,46,0
4,1,46,0
0,1,48,0
0,0,48,0
0,0,48,0
0,0,48,0
5,1,48,0
2,0,48,0
4,1,48,0
-1,1,48,0
-1,0,48,0
-1,1,48,0
1,1,48,0
2,1,48,0
-1,0,48,0
4,1,48,0
1,1,48,0
-2,1,48,0
-4,1,48,0
-3,1,48,0
-1,1,48,0
-4,1,48,0
-2,1,48,0
3,1,48,0
1,0,48,0
4,0,48,1
2,1,48,0
1,1,48,0
0,0,50,0
0,1,50,0
0,1,50,0
-2,1,50,0
0,1,50,0
-1,1,50,0
-3,1,50,0
-3,1,50,0
-2,1,50,0
3,1,50,0
-1,1,50,1
2,0,50,0
-3,1,50,0
-1,1,50,0
-1,0,50,0
-3,0,50,0
3,1,50,0
2,0,50,0
-3,1,50,0
-3,1,50,0
-2,1,50,0
0,1,50,0
4,1,50,0
1,1,50,0
-1,0,50,0
5,0,50,0
3,1,50,1
1,1,50,0
2,1,50,0
2,1,50,0
2,1,50,0
2,1,50,0
2,1,50,0
1,1,50,0
0,1,51,0
0,0,51,0
-2,1,51,0
2,1,51,0
-2,1,51,0
-4,1,51,0
-1,1,51,0
-2,1,51,0
-1,1,51,0
-1,1,51,1
-3,0,51,0
-2,0,51,0
-4,1,51,0
-3,1,51,0
1,1,51,0
-1,1,51,0
1,0,51,0
2,1,51,0
4,0,51,1
-3,1,51,0
2,1,51,0
1,0,51,0
2,1,51,0
1,1,51,0
-1,1,51,0
-3,1,51,0
0,1,51,0
0,0,51,0
-3,0,51,0
-2,0,51,0
2,0,51,0
-4,0,51,0
0,1,52,0
0,0,52,0
0,0,52,0
0,0,52,0
0,1,52,0
0,1,52,0
0,1,52,0
0,0,52,0
0,0,52,0
4,1,52,0
-2,0,52,0
-2,0,52,0
2,1,52,0
4,1,52,0
4,0,52,0
-1,0,52,0
0,1,52,0
-2,1,52,0
1,1,52,1
4,0,52,0
-2,1,52,0
1,0,52,0
-4,0,52,0
-4,1,52,0
2,1,52,1
2,1,52,0
3,1,52,1
-3,0,52,0
4,0,52,0
1,0,52,0
0,1,53,0
0,1,53,0
0,1,53,0
4,0,53,0
-4,1,53,0
3,0,53,0
5,1,53,0
2,1,53,0
1,1,53,0
4,1,53,0
2,1,53,1
4,1,53,0
5,1,53,0
-1,0,53,0
-3,1,53,0
-2,0,53,0
-1,0,53,0
4,1,53,0
1,0,53,0
4,1,53,0
3,1,53,0
-2,1,53,0
0,0,53,0
-3,1,53,0
-2,0,53,0
4,1,53,0
4,1,53,1
2,1,53,1
0,1,53,0
3,0,53,0
0,1,54,0
0,0,54,0
0,0,54,0
0,1,54,0
0,0,54,0
0,0,54,0
-3,1,54,1
1,1,54,0
0,1,54,0
3,1,54,0
1,1,54,1
-3,1,54,0
-3,1,54,1
4,1,54,0
0,0,54,0
2,1,54,0
4,1,54,0
4,1,54,0
-1,0,54,1
2,1,54,0
2,1,54,0
0,1,55,0
0,0,55,0
0,0,55,0
0,0,55,0
1,0,55,1
-1,1,55,0
5,0,55,0
-3,1,55,0
0,1,55,1
2,1,55,0
0,0,55,0
2,1,55,0
0,1,55,0
2,1,55,0
1,1,55,0
1,1,55,0
0,1,55,0
2,1,55,0
3,1,55,0
0,0,56,0
0,1,56,0
0,1,56,0
0,1,56,0
0,1,56,0
0,0,56,0
-2,1,56,0
1,0,56,1
-2,0,56,1
5,1,56,1
-2,1,56,0
-2,1,56,0
0,1,56,0
-1,1,56,0
1,1,56,1
2,1,56,1
5,1,56,0
1,1,56,1
2,1,56,0
3,1,56,1
0,1,56,0
3,1,56,0
3,1,56,0
1,1,56,0
0,1,56,0
3,1,56,0
-3,1,56,1
2,1,56,1
2,1,56,0
0,1,56,0
0,0,57,0
0,0,57,0
0,0,57,0
0,0,57,0
-3,0,57,0
-3,1,57,1
1,0,57,0
0,1,57,0
-4,1,57,0
0,1,57,0
4,1,57,0
4,1,57,0
4,1,57,0
3,1,57,0
3,1,57,0
-1,1,57,0
5,1,57,0
-1,1,57,0
-2,1,57,0
1,1,57,0
1,1,57,0
2,1,57,0
3,1,57,0
2,1,57,0
1,1,57,0
0,0,57,0
0,1,57,0
-2,0,57,0
1,1,57,0
0,1,57,0
0,0,57,0
-2,1,57,0
-1,0,57,0
0,1,57,0
0,0,59,0
0,0,59,0
0,0,59,0
0,0,59,0
0,1,59,0
0,1,59,0
0,1,59,0
2,1,59,0
2,1,59,1
-4,1,59,0
3,0,59,0
-2,1,59,0
1,1,59,0
4,1,59,0
4,1,59,0
5,1,59,0
4,1,59,0
1,1,59,0
-2,1,59,0
-2,1,59,0
-3,1,59,0
2,1,59,0
1,1,59,0
1,1,59,0
-1,1,59,0
1,1,59,0
0,1,59,0
1,1,59,1
-3,0,59,0
-4,0,59,0
0,1,59,0
-2,1,59,0
-1,1,59,0
-4,1,59,0
-2,1,59,1
0,0,60,0
0,1,60,0
0,1,60,0
0,1,60,0
0,0,60,0
1,0,60,0
3,1,60,0
-2,0,60,1
-2,0,60,1
2,1,60,1
0,1,60,0
3,1,60,0
1,1,60,0
3,0,60,0
2,1,60,0
1,1,60,0
4,0,60,1
3,0,60,1
3,0,60,0
1,1,60,0
0,0,61,0
0,0,61,0
0,1,61,0
0,0,61,0
-1,0,61,0
-1,1,61,0
5,1,61,0
1,0,61,0
2,1,61,0
1,1,61,0
1,0,61,0
0,0,61,0
0,0,61,0
1,0,61,1
0,1,61,0
-1,1,61,0
-2,1,61,0
3,1,61,1
3,1,61,0
3,1,61,0
-1,1,61,0
-2,1,61,0
-2,1,61,0
3,1,61,0
4,1,61,0
4,1,61,0
4,1,61,0
0,1,62,0
0,1,62,0
2,1,62,0
-2,1,62,0
4,1,62,0
-2,1,62,0
-4,1,62,0
4,0,62,1
4,1,62,0
-3,1,62,0
2,0,62,0
-2,1,62,0
0,1,62,0
4,1,62,0
-2,1,62,0
0,1,62,0
3,0,62,0
-2,0,62,0
-1,1,62,1
2,1,62,0
-4,1,62,0
3,1,62,1
3,1,62,0
5,1,62,0
0,0,63,0
0,1,63,0
0,1,63,0
0,1,63,0
-1,0,63,0
0,1,63,0
3,1,63,0
3,1,63,0
-1,0,63,0
3,1,63,0
4,1,63,0
1,1,63,0
0,1,63,0
-1,0,63,0
3,1,63,0
4,1,63,0
-1,0,63,1
2,1,63,0
-1,1,63,0
0,1,63,0
2,1,63,0
5,1,63,0
3,1,63,0
3,0,63,0
0,0,64,0
0,0,64,0
5,1,64,0
4,1,64,0
-1,1,64,1
-4,1,64,0
3,0,64,0
3,1,64,0
-3,0,64,0
2,1,64,0
-1,1,64,0
-3,1,64,0
-3,0,64,0
4,1,64,0
-4,0,64,1
1,1,64,0
-3,1,64,0
-3,1,64,0
0,1,64,1
2,1,64,0
-2,0,64,0
-3,1,64,0
4,1,64,1
5,1,64,0
5,1,64,0
3,1,64,0
2,1,64,1
2,1,64,0
0,1,65,0
0,1,65,0
0,0,65,0
-3,1,65,0
-2,1,65,0
1,0,65,1
4,1,65,0
2,0,65,1
-1,1,65,0
-1,1,65,0
-1,1,65,1
-1,1,65,0
4,1,65,0
3,1,65,0
3,1,65,0
4,1,65,1
3,0,65,0
-2,1,65,0
3,1,65,0
0,1,66,0
0,0,66,0
0,1,66,0
0,1,66,0
0,1,66,0
0,1,66,0
0,0,66,0
0,1,66,0
0,1,66,0
-2,1,66,0
-1,1,66,0
-1,1,66,0
3,1,66,0
0,1,66,0
4,0,66,0
-2,0,66,0
-4,1,66,0
3,0,66,1
3,1,66,0
1,1,66,0
2,1,66,0
-1,0,66,0
-1,1,66,0
0,1,66,0
-2,1,66,0
1,1,66,0
1,0,66,0
-2,0,66,0
5,1,66,1
0,1,67,0
0,0,67,0
0,1,67,0
0,0,67,0
-3,0,67,0
5,1,67,0
4,0,67,0
3,0,67,0
1,1,67,0
3,1,67,0
2,1,67,0
5,1,67,0
0,1,67,0
3,0,67,0
2,0,67,0
5,1,67,1
0,1,67,0
5,1,67,0
-1,1,67,0
3,1,67,0
-2,1,67,0
0,1,67,0
5,1,67,0
1,0,67,0
4,1,67,0
0,1,67,0
1,1,67,0
3,0,67,0
-1,1,67,0
0,0,67,0
1,0,67,0
0,1,68,0
0,1,68,0
0,0,68,0
0,0,68,0
5,1,68,0
2,1,68,0
2,1,68,0
4,0,68,0
0,1,68,1
2,1,68,0
1,1,68,0
1,1,68,0
0,1,68,0
1,0,68,1
1,1,68,0
1,0,68,0
-3,1,68,0
0,1,68,0
5,1,68,0
5,1,68,0
2,1,68,0
3,0,68,0
3,0,68,0
4,0,68,0
4,0,68,0
0,0,68,0
2,1,68,0
3,0,68,0
1,1,68,0
3,1,68,0
3,0,68,0
2,1,68,0
0,1,69,0
0,1,69,0
0,0,69,0
0,0,69,0
0,1,69,0
0,0,69,0
2,1,69,0
4,1,69,0
1,1,69,1
-2,1,69,0
1,0,69,0
0,1,69,0
5,1,69,0
3,0,69,1
5,1,69,0
3,1,69,0
1,0,69,0
2,1,69,0
-2,1,69,0
0,1,69,0
2,0,69,0
3,0,69,0
-2,0,69,1
1,0,69,0
2,1,69,0
2,0,69,0
4,1,69,0
2,1,69,0
4,1,69,0
4,1,69,0
3,0,69,0
-3,1,69,0
-3,0,69,0
2,1,69,0
4,1,69,0
4,0,69,1
2,1,69,0
2,0,69,1
5,1,69,0
-4,1,69,0
-3,0,69,0
-3,1,69,0
0,0,70,0
0,1,70,0
0,0,70,0
-1,1,70,0
2,1,70,1
4,1,70,0
2,1,70,0
2,1,70,0
-3,1,70,0
-2,1,70,0
5,1,70,0
3,1,70,0
1,1,70,0
-2,1,70,0
-1,1,70,0
0,1,70,0
-1,1,70,0
-3,0,70,0
-2,0,70,1
-3,1,70,0
-2,1,70,0
-4,1,70,0
2,1,70,0
0,1,70,0
1,1,70,0
0,1,70,0
0,1,70,0
-3,1,70,0
0,1,71,0
0,1,71,0
0,0,71,0
0,0,71,0
0,1,71,0
0,1,71,0
0,0,71,0
0,1,71,0
2,0,71,0
3,1,71,0
4,1,71,0
4,1,71,0
2,1,71,0
-2,1,71,0
2,1,71,1
2,0,71,0
4,1,71,0
2,1,71,0
2,1,71,0
3,0,71,0
5,1,71,0
1,0,71,0
4,1,71,0
4,0,71,0
-3,1,71,1
0,1,72,0
0,0,72,0
0,1,72,0
-1,1,72,0
-2,1,72,0
-3,1,72,0
-4,1,72,0
3,1,72,1
5,1,72,0
0,1,72,0
0,1,72,1
2,1,72,0
4,1,72,0
3,1,72,0
3,1,72,0
4,0,72,0
1,1,72,0
0,1,72,0
-2,0,72,0
-1,1,72,0
4,1,72,0
4,1,72,0
1,0,72,0
0,1,72,0
-2,1,72,0
-1,1,72,0
-2,1,72,0
1,1,72,0
-1,1,72,0
0,0,73,0
0,1,73,0
0,1,73,0
0,1,73,0
0,1,73,0
0,1,73,0
0,1,73,0
0,1,73,0
3,1,73,0
-3,1,73,0
0,0,73,0
4,1,73,0
0,0,73,0
3,1,73,0
-1,0,73,0
-2,1,73,0
2,1,73,0
2,1,73,0
1,0,73,0
4,0,73,0
5,1,73,0
2,1,73,0
-3,0,73,1
-4,0,73,0
3,0,73,1
1,1,73,0
2,1,73,0
3,1,73,0
3,1,73,0
3,1,73,0
4,1,73,0
0,1,73,0
0,0,73,0
1,1,73,1
3,1,73,0
0,0,75,0
0,0,75,0
0,0,75,0
0,1,75,0
0,0,75,0
0,0,75,0
-2,1,75,0
1,0,75,1
1,1,75,0
0,0,75,0
4,0,75,0
1,1,75,0
3,1,75,0
2,1,75,0
0,1,75,0
-4,1,75,0
-1,1,75,0
1,1,75,0
1,1,75,0
2,1,75,0
-3,1,75,0
4,0,75,1
4,1,75,0
1,0,75,0
2,0,75,1
2,1,75,0
4,1,75,0
1,1,75,0
4,1,75,0
4,0,75,0
0,1,75,0
-3,1,75,0
-3,1,75,0
-3,1,75,0
0,1,76,0
0,1,76,0
0,0,76,0
0,1,76,0
1,1,76,0
-2,1,76,0
-3,1,76,1
2,1,76,0
1,0,76,1
4,1,76,0
1,1,76,0
-2,0,76,0
3,1,76,0
1,1,76,0
3,1,76,0
4,1,76,0
0,0,76,0
-3,1,76,0
2,1,76,0
3,1,76,0
3,1,76,0
3,1,76,0
1,0,76,0
2,1,76,0
-3,0,76,0
0,1,77,0
0,1,77,0
0,0,77,0
0,0,77,0
0,1,77,0
0,1,77,0
0,0,77,0
4,0,77,1
3,1,77,0
3,0,77,0
3,1,77,1
2,0,77,0
5,0,77,0
4,1,77,0
3,1,77,0
-1,1,77,0
2,0,77,0
0,1,77,0
-2,0,77,0
0,1,77,0
4,1,77,0
5,0,77,0
3,1,77,0
1,1,77,0
-1,0,77,0
3,1,77,1
-2,1,77,0
-1,1,77,0
1,0,77,0
5,1,77,0
4,1,77,0
0,1,78,0
0,0,78,0
0,1,78,0
0,0,78,0
-2,1,78,0
1,0,78,1
0,0,78,0
2,1,78,0
0,1,78,0
-3,0,78,0
-4,1,78,0
3,1,78,0
-3,0,78,0
0,1,78,1
-1,1,78,1
-3,1,78,1
4,1,78,0
-2,1,78,1
-1,1,78,0
-2,1,78,0
4,1,78,0
-4,1,78,0
1,0,78,0
0,1,79,0
0,0,79,0
0,0,79,0
3,1,79,0
3,1,79,0
-3,1,79,0
1,1,79,0
-3,1,79,0
4,0,79,0
2,1,79,0
1,0,79,0
0,0,79,0
0,0,79,1
2,1,79,0
-4,0,79,0
-3,1,79,0
-3,0,79,0
-4,1,79,0
1,0,79,0
0,1,79,0
1,0,79,0
2,0,79,0
0,1,79,0
-3,0,79,0
-2,0,79,0
-2,1,79,1
1,1,79,0
1,1,79,0
4,1,79,0
4,0,79,0
3,0,79,0
2,0,79,0
2,0,79,0
2,0,79,1
3,1,79,0
1,0,79,0
0,0,80,0
0,1,80,0
1,1,80,0
4,1,80,0
1,1,80,0
2,1,80,0
0,0,80,0
3,1,80,0
3,1,80,0
-4,1,80,0
1,1,80,0
2,1,80,0
-1,1,80,1
1,1,80,0
1,1,80,0
4,1,80,1
0,0,80,0
2,1,80,0
2,1,80,0
2,1,80,0
3,1,80,0
5,1,80,0
0,1,81,0
0,0,81,0
0,1,81,0
0,0,81,0
0,0,81,0
0,1,81,0
0,1,81,0
0,0,81,0
4,0,81,0
0,1,81,0
3,1,81,0
2,1,81,0
3,1,81,0
2,1,81,0
2,1,81,0
4,1,81,0
2,1,81,0
1,0,81,0
-1,1,81,0
2,1,81,0
3,1,81,0
1,0,81,0
-1,0,81,0
0,1,81,0
1,1,81,0
-2,1,81,0
5,1,81,0
4,1,81,0
-2,1,81,0
-4,0,81,0
-1,1,81,0
3,1,81,0
-2,0,81,0
4,1,81,0
4,1,81,0
0,1,81,0
0,0,82,0
0,0,82,0
0,1,82,0
0,1,82,0
0,0,82,0
0,0,82,0
5,0,82,0
5,1,82,0
3,0,82,0
4,0,82,1
2,1,82,1
3,0,82,0
4,1,82,0
-4,1,82,0
-3,1,82,1
1,1,82,0
2,1,82,0
5,1,82,0
5,1,82,0
3,0,82,0
4,1,82,0
3,1,82,0
0,0,82,0
-3,1,82,0
0,1,83,0
0,1,83,0
0,1,83,0
2,1,83,0
4,1,83,1
4,1,83,0
3,1,83,1
1,1,83,0
0,1,83,0
-2,1,83,0
1,1,83,0
0,1,83,0
2,1,83,0
3,1,83,0
3,1,83,0
-1,1,83,0
-3,1,83,0
-1,1,83,0
-4,1,83,0
1,1,83,0
4,1,83,0
-1,1,83,0
-1,0,83,1
-1,0,83,0
2,0,83,0
4,0,83,1
3,1,83,0
2,1,83,0
3,0,83,0
0,1,84,0
0,0,84,0
0,0,84,0
0,1,84,0
0,0,84,0
0,1,84,0
0,1,84,0
1,1,84,0
-4,1,84,0
-1,0,84,0
3,0,84,0
5,1,84,0
-1,1,84,1
2,1,84,0
2,1,84,0
3,1,84,0
0,1,84,0
2,1,84,0
1,1,84,0
1,1,84,0
5,1,84,0
3,1,84,0
1,1,84,0
0,0,85,0
0,1,85,0
0,1,85,0
0,1,85,0
0,0,85,0
0,0,85,0
0,0,85,0
0,0,85,0
0,1,85,0
2,1,85,0
3,1,85,0
0,1,85,0
2,0,85,1
0,1,85,0
-1,0,85,1
3,1,85,0
5,1,85,0
5,1,85,0
5,1,85,0
-1,1,85,1
4,1,85,1
0,1,85,0
2,1,85,0
3,1,85,0
2,1,85,0
-3,1,85,0
-3,1,85,0
1,1,85,0
3,1,85,0
-3,1,85,1
0,1,85,1
3,1,85,0
1,1,85,0
3,1,85,1
0,1,86,0
0,1,86,0
0,1,86,0
0,1,86,0
0,0,86,0
0,1,86,0
0,1,86,0
-4,1,86,0
-3,0,86,0
-4,1,86,0
-1,1,86,0
-1,1,86,0
-2,0,86,0
-1,1,86,0
-2,1,86,0
-2,1,86,0
-1,1,86,0
3,1,86,0
4,0,86,0
3,1,86,0
-3,1,86,0
-3,1,86,0
5,0,86,0
4,1,86,0
2,1,86,0
0,1,86,0
2,1,86,0
4,1,86,0
-2,1,86,0
1,1,86,0
-4,1,86,0
-4,1,86,0
0,0,88,0
0,1,88,0
-3,0,88,0
2,1,88,0
-1,1,88,0
2,1,88,0
4,1,88,0
3,0,88,0
-3,1,88,1
-2,1,88,0
4,1,88,0
4,1,88,0
2,1,88,0
2,1,88,0
-2,0,88,0
-3,1,88,0
0,1,88,1
-2,1,88,0
3,1,88,0
4,1,88,0
0,0,91,0
0,0,91,0
0,1,91,0
0,0,91,0
0,1,91,0
0,0,91,0
0,0,91,0
3,0,91,0
0,0,91,0
-1,0,91,0
0,0,91,0
1,0,91,1
0,1,91,0
-4,0,91,0
3,1,91,0
3,1,91,0
1,1,91,0
1,1,91,0
4,0,91,0
2,1,91,0
-3,1,91,0
3,1,91,0
0,0,91,1
5,1,91,0
0,1,91,0
4,1,91,0
4,0,91,1
2,0,91,0
0,0,91,0
0,1,92,0
0,1,92,0
0,1,92,0
0,1,92,0
2,0,92,0
3,1,92,0
2,0,92,1
3,1,92,0
-1,1,92,0
-1,0,92,1
1,0,92,0
3,1,92,0
-4,0,92,0
1,0,92,0
0,1,92,0
-1,1,92,0
5,0,92,0
4,1,92,0
4,1,92,0
4,1,92,0
-1,1,92,0
-4,1,92,0
-3,1,92,0
3,1,92,0
-4,0,92,0
-3,1,92,0
3,1,92,0
1,1,92,0
3,1,92,0
-1,1,92,0
0,1,94,0
0,1,94,0
0,0,94,0
0,0,94,0
0,1,94,0
0,1,94,0
4,1,94,0
2,1,94,0
3,1,94,0
1,0,94,0
4,1,94,0
-1,0,94,0
-1,1,94,0
4,1,94,0
3,1,94,0
2,1,94,0
3,1,94,0
0,0,94,0
-3,1,94,0
4,1,94,0
3,1,94,0
-2,0,94,0
-3,1,94,0
5,1,94,0
4,1,94,0
3,1,94,0
1,0,94,0
0,1,94,0
4,1,94,1
4,1,94,0
0,1,95,0
0,0,95,0
0,0,95,0
0,0,95,0
0,0,95,0
0,1,95,0
2,0,95,0
2,1,95,0
-2,0,95,0
-3,0,95,0
-2,1,95,0
-3,0,95,0
3,1,95,1
4,1,95,0
1,1,95,0
0,1,95,0
4,1,95,0
5,0,95,1
4,1,95,0
1,1,95,1
1,1,95,0
2,0,95,0
-2,0,95,0
1,1,95,0
-3,1,95,1
1,0,95,0
5,0,95,1
3,0,95,0
0,1,96,0
0,0,96,0
0,0,96,0
0,0,96,0
0,1,96,0
0,0,96,0
-4,1,96,0
2,1,96,1
3,1,96,0
-3,1,96,0
3,1,96,0
1,1,96,0
-2,1,96,0
-1,1,96,1
3,0,96,0
3,1,96,0
2,1,96,0
2,1,96,0
5,1,96,0
1,1,96,0
2,0,96,0
1,0,96,1
1,0,96,0
-4,1,96,0
0,1,96,0
2,1,96,0
-1,1,96,0
2,1,96,0
-3,1,96,1
2,0,96,1
0,1,98,0
0,1,98,0
0,0,98,0
0,1,98,0
0,0,98,0
0,0,98,0
4,1,98,0
3,1,98,0
2,1,98,0
0,0,98,1
2,0,98,1
5,0,98,0
0,0,98,0
2,0,98,0
1,1,98,1
2,0,98,1
1,1,98,0
1,1,98,0
3,1,98,1
4,1,98,0
3,1,98,0
2,1,98,0
0,1,98,0
-2,1,98,0
-3,1,98,0
3,0,98,0
3,1,98,1
-2,1,98,0
2,0,98,0
4,1,98,0
4,1,98,0
4,1,98,1
-2,0,98,1
1,1,98,0
0,0,99,0
0,1,99,0
0,0,99,0
0,0,99,0
1,0,99,0
1,1,99,0
1,0,99,1
3,1,99,0
0,1,99,1
-2,1,99,1
0,1,99,0
1,0,99,0
-3,1,99,1
2,1,99,0
5,1,99,0
0,1,99,0
2,1,99,0
0,1,99,0
4,0,99,0
4,1,99,0
-1,0,99,0
-1,0,99,0
0,0,101,0
0,1,101,0
0,1,101,0
-3,1,101,0
-3,1,101,0
-3,1,101,0
2,0,101,0
-4,1,101,0
-2,0,101,0
-1,1,101,0
-2,0,101,1
0,0,101,0
0,0,101,0
1,1,101,0
2,0,101,0
3,1,101,0
4,1,101,0
4,1,101,0
4,1,101,0
3,1,101,0
0,1,101,0
1,1,101,0
1,0,101,0
1,1,101,0
0,1,101,0
1,0,101,0
0,1,101,0
1,1,101,0
1,1,101,0
1,1,101,0
4,1,101,0
1,0,101,0
0,0,101,0
0,0,102,0
0,1,102,0
0,1,102,0
0,1,102,0
4,1,102,0
-3,0,102,0
-3,1,102,0
-3,1,102,0
2,1,102,0
1,0,102,0
2,1,102,0
3,1,102,0
2,1,102,0
0,1,102,0
3,1,102,0
-2,1,102,0
-2,1,102,0
3,1,102,0
3,1,102,0
3,1,102,0
0,1,103,0
0,0,103,0
0,1,103,0
0,1,103,0
0,0,103,0
0,0,103,0
-2,1,103,0
-1,0,103,0
0,1,103,0
3,1,103,0
-4,1,103,0
2,0,103,0
-4,1,103,0
1,0,103,0
1,0,103,0
0,0,103,0
2,1,103,0
2,0,103,0
-2,1,103,0
-1,0,103,0
1,0,103,0
1,1,103,0
0,1,103,0
4,1,103,0
5,1,103,0
3,1,103,0
1,1,103,0
-4,0,103,0
-3,0,103,0
-2,1,103,0
-3,1,103,0
-3,0,103,0
-2,1,103,0
-3,0,103,0
-2,0,103,0
-2,1,103,0
2,0,103,1
5,1,103,1
2,0,103,0
0,1,105,0
0,1,105,0
0,0,105,0
0,1,105,0
0,0,105,0
0,0,105,0
0,0,105,0
4,1,105,0
1,0,105,0
-3,1,105,0
-3,0,105,0
1,1,105,0
2,1,105,0
1,1,105,0
1,1,105,0
4,0,105,0
0,0,105,1
2,1,105,0
3,1,105,0
3,1,105,0
3,1,105,0
2,0,105,0
1,1,105,0
4,0,105,1
1,1,105,0
1,0,105,0
-4,1,105,0
-2,0,105,1
3,1,105,0
2,0,105,0
4,1,105,0
5,1,105,0
2,1,105,0
3,0,105,0
-2,1,105,0
2,0,105,0
5,0,105,1
2,0,105,0
-2,1,105,0
0,1,105,0
-4,1,105,0
0,0,106,0
0,0,106,0
-4,1,106,0
-2,0,106,0
-2,1,106,1
-2,1,106,0
3,1,106,0
5,0,106,0
-1,0,106,1
2,0,106,1
4,1,106,0
3,1,106,0
1,0,106,1
-2,1,106,0
-2,1,106,0
2,1,106,0
2,1,106,0
3,1,106,0
1,1,106,0
2,1,106,0
-1,1,106,0
-4,1,106,0
-3,0,106,0
-4,0,106,0
0,1,107,0
0,0,107,0
0,1,107,0
0,1,107,0
0,1,107,0
-2,1,107,0
-1,0,107,0
-2,0,107,0
-2,1,107,0
-2,1,107,0
-2,1,107,0
-1,1,107,0
-2,0,107,0
-2,1,107,0
0,1,107,0
0,1,107,0
4,0,107,0
0,0,107,0
-1,1,107,0
1,1,107,0
0,0,107,0
5,1,107,0
4,1,107,0
2,0,107,1
4,1,107,0
1,1,107,0
0,1,107,0
1,1,107,0
3,1,107,0
4,0,107,0
3,0,107,0
4,1,107,0
4,1,107,0
2,0,107,0
0,1,108,0
0,0,108,0
0,0,108,0
0,0,108,0
0,0,108,0
0,0,108,0
2,1,108,0
1,1,108,0
1,1,108,0
-4,0,108,0
0,1,108,0
-2,0,108,0
-3,0,108,1
2,1,108,0
2,1,108,0
2,1,108,0
2,1,108,0
3,1,108,0
3,1,108,0
4,1,108,0
-1,0,108,0
2,1,108,0
0,1,108,0
2,1,108,0
1,1,108,0
-4,1,108,0
1,1,108,1
1,1,108,0
4,1,108,0
-2,1,108,0
-2,0,108,0
4,1,108,0
0,0,109,0
0,0,109,0
0,0,109,0
0,1,109,0
0,1,109,0
4,1,109,0
5,1,109,0
0,1,109,1
-2,1,109,0
3,1,109,0
-3,1,109,1
1,1,109,0
-3,1,109,0
-2,1,109,0
0,1,109,0
1,1,109,0
0,1,109,1
0,1,109,0
3,1,109,0
5,1,109,0
5,1,109,0
1,1,109,0
5,1,109,1
2,0,109,0
3,1,109,0
1,1,109,0
0,1,109,0
3,0,109,0
0,1,111,0
0,1,111,0
0,0,111,0
0,1,111,0
0,0,111,0
0,0,111,0
0,0,111,0
0,1,111,0
1,1,111,0
0,0,111,0
0,1,111,0
-2,1,111,0
0,1,111,0
2,0,111,0
-1,1,111,0
2,0,111,0
3,0,111,0
4,1,111,0
5,1,111,0
4,1,111,0
-2,0,111,0
-2,0,111,0
-4,0,111,0
-1,1,111,0
2,1,111,0
1,1,111,0
4,1,111,0
5,0,111,0
2,0,111,0
3,1,111,0
5,1,111,0
3,1,111,0
-4,1,111,0
0,1,112,0
0,0,112,0
0,1,112,0
0,0,112,0
-2,0,112,0
-2,0,112,1
-1,1,112,0
2,0,112,0
2,1,112,0
-2,0,112,0
2,0,112,0
1,1,112,0
3,1,112,0
3,0,112,1
3,0,112,0
5,1,112,0
-1,0,112,0
-1,0,112,0
-2,0,112,0
-3,0,112,0
1,0,112,0
1,0,112,0
3,0,112,0
2,0,112,0
4,1,112,0
0,0,112,0
0,0,112,0
3,1,112,1
2,1,112,0
0,0,112,0
-3,0,112,0
3,1,112,0
1,1,112,0
2,1,112,0
3,1,112,0
2,1,112,0
0,0,113,0
0,0,113,0
0,0,113,0
0,1,113,0
0,0,113,0
0,1,113,0
0,1,113,0
-1,1,113,0
4,1,113,0
4,1,113,0
0,1,113,0
-3,1,113,0
-4,1,113,0
-2,0,113,0
0,1,113,0
1,1,113,0
4,1,113,0
0,0,113,0
3,0,113,0
-2,1,113,0
0,1,113,0
3,0,113,0
-1,1,113,0
4,1,113,1
4,1,113,0
-1,1,113,0
-2,1,113,1
2,1,113,1
2,0,113,0
2,1,113,0
0,1,114,0
0,1,114,0
0,0,114,0
0,0,114,0
0,0,114,0
0,1,114,0
0,0,114,0
0,1,114,0
0,1,114,0
0,1,114,0
4,1,114,0
0,0,114,0
1,1,114,0
-3,1,114,0
-2,1,114,0
-1,1,114,0
2,1,114,0
0,1,114,0
4,0,114,0
0,1,114,0
0,1,114,0
5,1,114,0
-3,1,114,0
4,1,114,0
-2,1,114,0
-2,0,114,0
1,1,114,0
-2,1,114,1
-1,1,114,0
-3,0,114,0
1,0,114,0
-3,0,114,0
0,1,115,0
0,0,115,0
0,0,115,0
0,1,115,0
0,1,115,0
-2,1,115,0
3,1,115,0
3,1,115,0
4,1,115,0
4,1,115,0
1,1,115,0
3,0,115,0
2,0,115,0
0,1,115,0
3,0,115,0
1,1,115,0
5,1,115,0
3,0,115,0
0,1,115,0
-3,1,115,0
-1,0,115,0
4,1,115,0
-1,0,115,0
-3,0,115,0
-2,1,115,0
4,1,115,0
2,1,115,0
-1,0,115,0
4,1,115,0
-1,1,115,0
0,0,115,0
0,1,117,0
0,1,117,0
0,0,117,0
0,0,117,0
0,0,117,0
-3,1,117,0
1,1,117,0
-2,1,117,0
2,1,117,0
3,1,117,0
4,0,117,0
3,1,117,0
1,0,117,0
3,1,117,0
2,0,117,1
-3,1,117,0
-1,0,117,0
4,1,117,0
4,0,117,0
2,1,117,0
0,1,118,0
0,0,118,0
0,0,118,0
1,1,118,0
-1,1,118,0
3,1,118,0
3,1,118,0
3,1,118,0
3,1,118,0
1,1,118,0
-1,0,118,0
3,0,118,0
3,1,118,0
-4,1,118,0
-4,1,118,0
5,1,118,0
4,1,118,0
2,1,118,0
-4,1,118,0
5,1,118,0
0,1,119,0
0,1,119,0
0,0,119,0
0,0,119,0
-3,1,119,0
-4,0,119,1
3,1,119,1
1,0,119,0
0,0,119,1
1,0,119,0
-3,1,119,0
-3,1,119,0
2,1,119,0
-4,1,119,0
-1,0,119,0
1,1,119,0
1,0,119,0
1,1,119,0
-1,1,119,1
4,1,119,0
0,0,119,0
1,0,119,0
-2,0,119,0
4,0,119,0
-3,1,119,0
-3,1,119,0
-1,1,119,0
0,0,119,0
-2,1,119,0
-2,1,119,0
0,0,120,0
0,0,120,0
0,0,120,0
0,1,120,0
0,1,120,0
2,1,120,0
-4,1,120,0
4,1,120,1
0,0,120,0
4,1,120,0
0,1,120,0
0,1,120,0
3,1,120,0
-2,1,120,0
-1,0,120,1
-3,1,120,0
-4,1,120,0
5,1,120,0
0,1,121,0
0,1,121,0
0,1,121,0
-3,1,121,0
3,1,121,0
2,1,121,0
-1,1,121,0
1,0,121,0
-3,1,121,0
-1,1,121,0
2,1,121,0
0,1,121,0
2,1,121,1
3,0,121,1
2,1,121,0
-3,1,121,0
-3,1,121,0
3,0,121,0
5,0,121,1
1,1,121,0
4,1,121,0
3,0,121,1
2,1,121,0
0,1,121,0
5,1,121,0
-2,0,121,0
-3,1,121,0
-2,1,121,0
2,1,121,0
0,0,122,0
0,0,122,0
0,0,122,0
0,0,122,0
4,0,122,0
4,0,122,0
5,0,122,0
3,1,122,0
-2,0,122,0
4,1,122,0
-1,1,122,0
2,1,122,1
2,0,122,0
2,0,122,0
2,0,122,0
3,1,122,0
1,0,122,0
5,1,122,0
1,0,122,0
-3,1,122,0
0,1,122,0
0,0,122,0
3,0,122,0
3,0,122,0
5,0,122,0
4,1,122,1
-1,1,122,0
1,1,122,1
2,1,122,0
1,1,122,0
-3,1,122,0
-3,1,122,0
0,1,123,0
0,0,123,0
0,0,123,0
0,1,123,0
0,1,123,0
0,0,123,0
4,1,123,0
2,1,123,0
4,0,123,0
-1,1,123,0
0,1,123,0
-4,1,123,0
3,1,123,0
4,1,123,0
3,0,123,0
3,1,123,0
3,1,123,0
2,1,123,0
-1,1,123,0
-2,1,123,0
2,1,123,0
5,1,123,0
5,1,123,0
-3,1,123,0
4,1,123,0
3,1,123,0
-3,1,123,0
-3,1,123,0
0,0,124,0
0,1,124,0
0,1,124,0
0,0,124,0
3,1,124,0
-3,1,124,0
0,0,124,0
5,1,124,0
3,1,124,0
2,1,124,0
4,1,124,0
-4,1,124,0
-3,0,124,0
-4,0,124,0
1,1,124,0
0,1,124,0
4,1,124,0
2,1,124,0
-1,1,124,0
3,1,124,0
0,0,125,0
0,0,125,0
0,0,125,0
0,0,125,0
0,1,125,0
0,1,125,0
0,0,125,0
0,0,125,0
0,1,125,0
0,0,125,0
3,1,125,0
2,1,125,0
-2,0,125,0
-1,1,125,0
0,1,125,0
-2,1,125,0
-2,1,125,0
2,1,125,0
2,1,125,1
-1,1,125,0
1,0,125,0
0,1,125,0
3,1,125,0
1,1,125,0
3,1,125,0
5,1,125,0
2,1,125,0
5,1,125,0
2,1,125,0
0,1,126,0
0,0,126,0
0,1,126,0
0,0,126,0
0,0,126,0
3,1,126,0
2,1,126,0
-3,1,126,0
-2,1,126,0
-4,1,126,0
-3,1,126,0
-3,1,126,0
2,1,126,0
4,1,126,0
-1,1,126,0
2,1,126,1
0,1,126,0
-1,0,126,0
-3,0,126,0
4,1,126,0
2,1,126,0
1,1,126,0
0,1,126,0
1,1,126,0
-2,0,126,0
0,1,127,0
0,1,127,0
-1,1,127,0
-3,1,127,0
-1,1,127,0
0,0,127,0
1,1,127,0
-1,1,127,0
1,0,127,0
4,1,127,0
4,1,127,0
0,1,127,0
4,1,127,0
-2,1,127,1
1,1,127,0
2,1,127,0
2,1,127,1
1,1,127,0
3,1,127,0
3,1,127,0
4,1,127,0
2,1,127,0
1,1,127,0
1,1,127,0
3,1,127,1
-3,1,127,1
0,1,127,0
1,1,127,0
-1,1,127,0
4,1,127,0
-1,0,127,1
3,1,127,0
0,1,128,0
0,0,128,0
0,1,128,0
0,0,128,0
0,1,128,0
-2,0,128,0
1,0,128,0
2,1,128,0
0,0,128,0
-2,1,128,0
0,0,128,0
3,0,128,0
-1,1,128,0
4,1,128,0
5,1,128,0
-1,1,128,0
1,0,128,0
3,1,128,0
4,0,128,0
-2,0,128,0
1,1,128,0
0,0,128,0
-2,0,128,0
0,1,129,0
0,1,129,0
0,1,129,0
0,0,129,0
0,1,129,0
-2,0,129,0
1,1,129,0
-3,1,129,0
-4,1,129,0
-3,0,129,0
2,1,129,0
2,1,129,0
3,1,129,0
2,0,129,0
3,0,129,0
0,1,129,0
-1,1,129,0
-3,0,129,1
-3,0,129,0
-3,0,129,0
2,0,129,0
4,0,129,1
2,0,129,0
5,1,129,0
4,0,129,0
5,1,129,0
3,1,129,0
4,1,129,0
-1,0,129,0
0,1,130,0
0,0,130,0
0,1,130,0
0,0,130,0
4,1,130,0
2,1,130,0
3,1,130,0
1,1,130,0
-2,1,130,0
3,1,130,1
5,1,130,0
1,1,130,0
-2,1,130,0
3,1,130,0
-3,1,130,0
-2,1,130,0
-2,1,130,0
1,1,130,0
0,1,130,0
2,1,130,0
1,1,130,1
-1,1,130,1
4,1,130,0
2,1,130,0
4,1,130,0
3,1,130,0
2,1,130,0
-1,1,130,0
4,0,130,0
2,1,130,1
4,1,130,0
4,1,130,0
4,1,130,0
0,1,132,0
0,1,132,0
0,0,132,0
0,1,132,0
0,0,132,0
0,1,132,0
0,1,132,0
0,0,132,0
-3,0,132,0
-3,1,132,0
-3,1,132,0
-1,1,132,0
2,1,132,0
4,1,132,0
5,1,132,0
-1,1,132,0
1,1,132,0
-3,1,132,0
3,1,132,0
2,0,132,0
3,1,132,0
3,1,132,0
4,1,132,0
2,0,132,0
4,1,132,0
-3,0,132,1
3,1,132,0
3,1,132,0
1,1,132,0
1,1,132,1
5,1,132,0
-2,1,132,0
0,0,134,0
0,1,134,0
-3,1,134,0
-1,0,134,0
3,1,134,0
-1,1,134,0
2,1,134,1
-3,1,134,0
-4,1,134,0
1,1,134,0
4,1,134,0
3,1,134,0
3,1,134,1
-2,1,134,0
-4,1,134,0
-3,1,134,0
0,1,134,0
0,1,134,0
3,0,134,0
5,1,134,0
-3,1,134,0
1,1,134,1
0,0,134,1
-3,1,134,0
0,0,135,0
0,1,135,0
0,1,135,0
0,1,135,0
0,1,135,0
1,1,135,0
4,1,135,0
0,1,135,0
-2,1,135,1
1,1,135,0
1,1,135,0
0,1,135,0
5,1,135,0
2,0,135,0
1,0,135,0
-1,1,135,0
0,1,135,0
3,0,135,0
1,0,135,0
1,1,135,0
1,1,135,0
1,0,135,0
-2,1,135,0
-1,0,135,0
2,1,135,0
4,1,135,0
5,1,135,0
-1,1,135,0
1,1,135,0
-1,1,135,0
0,1,135,0
4,0,135,1
0,1,136,0
0,0,136,0
0,0,136,0
0,1,136,0
2,1,136,0
1,1,136,0
1,1,136,0
-2,0,136,0
-4,1,136,0
-3,1,136,0
-2,1,136,0
2,1,136,0
4,1,136,0
2,1,136,0
4,1,136,0
1,1,136,0
4,1,136,0
-4,1,136,0
1,0,136,0
4,0,136,0
3,1,136,0
0,1,136,0
0,1,137,0
0,1,137,0
0,0,137,0
0,1,137,0
0,1,137,0
0,0,137,0
0,1,137,0
-1,1,137,0
3,1,137,0
2,1,137,0
1,0,137,0
4,1,137,0
1,1,137,0
1,1,137,0
-3,1,137,0
-1,1,137,0
0,1,137,0
-1,0,137,1
2,1,137,0
3,1,137,1
-1,1,137,0
5,1,137,0
5,1,137,0
2,1,137,0
4,1,137,0
-3,1,137,0
-3,1,137,0
-3,1,137,0
-2,1,137,0
-3,1,137,0
-3,1,137,0
-2,0,137,1
-3,1,137,0
0,0,138,0
0,0,138,0
0,0,138,0
0,1,138,0
0,0,138,0
4,1,138,0
4,1,138,0
2,1,138,0
-4,0,138,1
-3,1,138,0
-1,1,138,0
0,1,138,0
2,1,138,0
-4,1,138,0
-1,1,138,0
-1,1,138,0
-1,1,138,0
-1,1,138,0
2,1,138,0
4,1,138,1
0,0,138,0
2,1,138,1
0,1,138,0
0,0,138,0
0,1,138,0
0,0,139,0
0,1,139,0
-2,1,139,0
4,0,139,0
5,1,139,0
2,1,139,0
1,1,139,0
2,1,139,0
2,0,139,0
2,1,139,0
0,1,139,0
0,1,139,0
0,1,139,0
0,1,139,1
3,1,139,0
4,1,139,0
4,1,139,0
3,1,139,0
5,0,139,1
4,0,139,0
1,1,139,0
0,1,139,1
-3,0,139,1
2,0,139,0
-3,1,139,0
-3,1,139,0
2,0,139,0
2,1,139,0
3,1,139,0
2,1,139,0
0,1,140,0
0,1,140,0
0,0,140,0
0,1,140,0
0,0,140,0
0,1,140,0
0,0,140,0
0,0,140,0
3,0,140,0
3,1,140,1
5,0,140,0
2,1,140,0
4,0,140,0
-1,1,140,0
-1,1,140,0
0,1,140,0
1,1,140,0
3,1,140,1
3,1,140,0
1,1,140,0
4,1,140,0
3,1,140,0
4,0,140,0
2,1,140,0
3,0,140,0
0,1,140,0
-1,1,140,0
3,0,140,0
-3,1,140,0
3,1,140,0
0,1,140,0
0,1,141,0
0,1,141,0
-1,1,141,0
2,0,141,0
0,0,141,0
2,0,141,0
3,1,141,0
0,1,141,0
3,1,141,0
4,1,141,0
4,1,141,0
4,1,141,1
5,1,141,0
4,1,141,0
1,0,141,0
3,1,141,0
0,1,141,0
5,1,141,0
0,1,141,0
3,1,141,0
4,1,141,0
4,1,141,0
1,1,141,0
2,1,141,1
-2,0,141,0
-2,0,141,0
-3,0,141,0
0,1,142,0
0,1,142,0
0,0,142,0
0,1,142,0
0,0,142,0
0,0,142,0
0,0,142,0
-4,1,142,0
0,1,142,0
3,0,142,0
0,1,142,1
1,0,142,0
3,1,142,0
-1,1,142,0
-3,1,142,0
-1,1,142,0
-3,1,142,0
-2,1,142,0
2,1,142,0
3,1,142,0
4,1,142,0
0,0,142,0
4,1,142,0
2,1,142,0
1,0,142,0
-2,1,142,0
-3,1,142,0
-2,0,142,0
3,1,142,1
3,1,142,0
4,1,142,0
-3,1,142,0
-2,1,142,0
-1,0,142,0
0,0,144,0
0,1,144,0
0,1,144,0
0,0,144,0
0,1,144,0
-4,1,144,0
-3,1,144,0
-1,1,144,0
0,1,144,0
4,1,144,0
5,1,144,0
4,1,144,0
3,1,144,1
4,1,144,0
4,1,144,0
3,1,144,0
3,1,144,0
-3,1,144,0
1,1,144,0
0,1,144,0
-4,1,144,0
2,0,144,0
3,1,144,0
3,1,144,0
4,1,144,1
1,1,144,0
3,1,144,0
2,1,144,0
2,1,144,0
4,1,144,0
0,1,144,0
1,1,144,1
0,1,144,0
2,1,144,0
4,1,144,0
1,1,144,0
2,1,144,0
2,1,144,0
0,1,145,0
0,1,145,0
0,0,145,0
0,1,145,0
-3,1,145,0
-3,0,145,0
-1,0,145,0
0,1,145,0
-2,0,145,0
3,1,145,0
2,1,145,0
5,0,145,0
1,1,145,0
3,1,145,0
2,1,145,1
2,1,145,1
1,1,145,0
0,0,145,0
-1,1,145,1
3,1,145,0
-1,0,145,0
2,1,145,0
1,1,145,0
2,1,145,0
1,1,145,0
3,1,145,0
0,1,146,0
0,1,146,0
0,0,146,0
-1,1,146,0
3,1,146,0
3,1,146,1
1,1,146,0
1,1,146,0
1,1,146,0
1,1,146,0
0,1,146,0
-2,1,146,0
-1,1,146,0
-2,1,146,1
-2,1,146,1
2,1,146,0
1,1,146,1
-1,1,146,0
2,1,146,0
-3,1,146,0
2,1,146,0
-3,0,146,1
1,1,146,0
-2,0,146,0
0,1,146,0
0,1,146,0
-1,1,146,0
1,1,146,0
0,1,147,0
0,1,147,0
0,0,147,0
0,0,147,0
0,1,147,0
0,0,147,0
0,1,147,0
-1,0,147,1
2,0,147,1
0,1,147,0
3,0,147,0
-1,1,147,1
0,1,147,0
1,1,147,0
-1,0,147,1
2,0,147,0
4,0,147,0
3,0,147,0
-1,0,147,0
4,0,147,0
3,1,147,0
3,1,147,0
3,1,147,0
4,1,147,0
5,1,147,0
2,1,147,0
-3,1,147,0
1,1,147,0
3,1,147,0
4,1,147,0
3,1,147,0
3,0,147,0
0,0,147,0
-1,1,147,0
0,0,148,0
0,1,148,0
0,1,148,0
0,0,148,0
0,1,148,0
0,0,148,0
3,0,148,0
3,1,148,0
4,1,148,0
2,0,148,0
3,1,148,0
0,1,148,0
4,0,148,0
4,1,148,0
5,1,148,0
4,1,148,0
4,0,148,0
2,1,148,0
-2,1,148,0
-3,0,148,0
-2,1,148,1
0,0,148,0
-2,1,148,0
2,1,148,0
-2,0,148,0
0,1,149,0
0,1,149,0
0,0,149,0
0,0,149,0
0,0,149,0
0,1,149,0
3,1,149,0
3,1,149,0
1,0,149,1
4,1,149,0
3,0,149,0
1,1,149,0
3,0,149,0
3,0,149,1
4,0,149,0
-4,1,149,0
4,1,149,0
4,1,149,1
1,1,149,0
4,1,149,0
3,1,149,0
2,1,149,0
1,1,149,0
4,1,149,0
3,1,149,0
5,1,149,0
-2,0,149,0
-2,0,149,0
-3,0,149,0
0,0,150,0
0,1,150,0
0,1,150,0
2,1,150,0
3,1,150,0
4,1,150,0
3,1,150,0
3,1,150,0
4,1,150,0
-1,1,150,0
1,1,150,0
3,0,150,0
-2,1,150,1
1,0,150,1
1,1,150,0
-3,0,150,0
-2,0,150,0
-1,0,150,0
-2,1,150,0
-3,1,150,0
2,1,150,0
2,0,150,0
1,0,150,0
3,1,150,0
1,0,150,0
3,1,150,0
4,0,150,0
0,0,151,0
0,0,151,0
0,0,151,0
4,1,151,0
2,1,151,0
1,1,151,1
-4,1,151,0
-1,1,151,0
-3,1,151,0
-1,1,151,0
2,0,151,1
4,0,151,0
-4,1,151,0
-2,1,151,0
1,1,151,0
1,1,151,0
1,1,151,0
2,1,151,0
2,1,151,0
4,1,151,0
5,0,151,0
-3,1,151,0
2,1,151,0
1,1,151,0
4,1,151,0
3,0,151,0
1,1,151,0
0,1,151,0
-1,1,151,0
0,0,152,0
0,0,152,0
0,1,152,0
-4,1,152,0
-1,1,152,0
0,1,152,0
-2,1,152,0
-1,1,152,0
0,1,152,0
1,1,152,0
3,1,152,0
-2,1,152,0
-2,1,152,0
2,0,152,0
1,1,152,0
-1,1,152,0
3,0,152,0
2,1,152,0
2,1,152,0
1,1,152,1
4,1,152,0
3,1,152,0
0,0,152,0
4,1,152,0
0,1,152,0
-1,1,152,0
4,1,152,0
2,1,152,0
3,1,152,0
2,0,152,1
4,1,152,0
2,0,152,0
0,1,152,0
0,0,153,0
0,1,153,0
0,1,153,0
0,0,153,0
0,1,153,0
0,1,153,0
5,1,153,0
2,1,153,0
-3,1,153,0
2,1,153,0
1,1,153,0
-4,1,153,1
4,0,153,0
4,0,153,0
-2,0,153,0
-4,1,153,0
-1,0,153,0
1,0,153,0
0,0,153,0
1,1,153,0
0,1,153,0
2,0,153,1
2,0,153,0
-3,0,153,0
-2,1,153,0
4,1,153,0
0,1,153,0
2,1,153,0
-1,0,153,0
0,1,153,0
1,1,153,0
2,1,153,0
3,1,153,0
4,0,153,0
0,1,154,0
0,1,154,0
0,0,154,0
0,0,154,0
0,0,154,0
0,0,154,0
0,0,154,0
0,1,154,0
-2,1,154,0
-3,1,154,1
0,1,154,0
-1,1,154,0
0,1,154,0
3,0,154,0
3,1,154,0
4,1,154,0
1,1,154,0
4,1,154,0
1,0,154,0
0,0,154,0
-3,1,154,0
-3,0,154,0
3,1,154,0
-3,1,154,0
-1,0,154,0
-3,0,154,1
2,0,154,0
0,1,154,0
-2,1,154,0
1,1,154,0
2,0,154,1
0,1,154,0
1,1,154,0
0,1,154,0
3,1,154,0
1,0,154,0
3,0,154,0
5,1,154,1
0,1,154,0
0,1,155,0
0,1,155,0
0,1,155,0
0,0,155,0
0,1,155,0
0,0,155,0
0,0,155,0
1,1,155,0
0,0,155,0
1,1,155,1
5,1,155,1
-1,1,155,0
4,0,155,0
3,1,155,0
-3,0,155,1
2,1,155,0
-3,1,155,0
-2,0,155,0
-3,0,155,0
-3,1,155,0
3,1,155,0
1,1,155,0
3,1,155,0
2,1,155,0
-4,0,155,0
4,1,155,0
0,0,155,0
-3,0,155,0
-3,0,155,0
5,1,155,1
0,0,156,0
0,1,156,0
0,1,156,0
0,0,156,0
0,1,156,0
2,1,156,0
-3,1,156,0
-1,1,156,0
1,1,156,0
-3,1,156,0
-2,1,156,0
1,1,156,1
-3,1,156,0
-3,1,156,0
-2,1,156,0
-4,1,156,1
-2,1,156,1
3,1,156,0
3,1,156,0
0,1,156,0
3,1,156,0
5,1,156,0
4,1,156,0
2,1,156,0
0,1,157,0
0,1,157,0
0,1,157,0
0,1,157,0
4,0,157,0
4,1,157,0
5,1,157,0
5,0,157,0
5,0,157,0
4,0,157,0
2,1,157,0
3,1,157,0
3,1,157,0
3,1,157,0
1,1,157,0
-2,1,157,1
4,1,157,0
4,1,157,0
2,1,157,0
-1,0,157,0
2,1,157,0
1,1,157,0
-3,0,157,0
-1,1,157,0
-2,1,157,0
-4,0,157,0
2,1,157,0
0,1,157,0
5,1,157,0
0,0,158,0
0,0,158,0
0,0,158,0
0,1,158,0
0,1,158,0
0,0,158,0
0,1,158,0
2,1,158,0
0,1,158,0
2,1,158,0
2,1,158,0
4,1,158,0
5,1,158,0
-1,1,158,0
1,1,158,0
1,1,158,0
5,1,158,0
3,1,158,0
0,1,158,0
1,1,158,0
1,1,158,0
-3,0,158,0
-2,0,158,0
3,1,158,0
5,1,158,1
0,0,158,0
1,0,158,0
-3,1,158,1
3,1,158,0
0,0,159,0
0,1,159,0
0,1,159,0
0,0,159,0
0,1,159,0
0,0,159,0
0,0,159,0
3,0,159,0
4,1,159,0
1,0,159,1
2,0,159,0
-3,0,159,0
-3,1,159,0
-3,0,159,0
3,1,159,0
-3,0,159,0
5,1,159,0
3,1,159,0
3,0,159,0
0,0,159,0
2,1,159,0
2,0,159,0
0,1,159,0
1,1,159,1
3,1,159,0
1,1,159,0
4,1,159,0
3,0,159,0
1,0,159,0
1,1,159,0
4,1,159,0
3,1,159,0
5,1,159,0
1,1,159,0
0,1,160,0
0,1,160,0
0,1,160,0
0,1,160,0
0,0,160,0
0,1,160,0
0,0,160,0
0,0,160,0
0,1,160,0
1,1,160,0
2,1,160,0
1,1,160,0
3,1,160,1
2,0,160,1
3,1,160,0
-2,0,160,1
2,0,160,0
4,0,160,0
-2,0,160,0
3,1,160,0
-2,0,160,1
0,1,160,0
-1,0,160,0
-1,0,160,1
5,1,160,0
4,1,160,0
0,1,160,0
-2,0,160,0
-3,1,160,0
-3,1,160,0
0,0,161,0
0,0,161,0
0,1,161,0
0,1,161,0
0,1,161,0
0,1,161,0
0,1,161,0
0,0,161,0
3,0,161,0
2,1,161,0
2,0,161,0
3,0,161,0
5,1,161,1
3,0,161,0
4,1,161,1
2,0,161,0
2,1,161,0
1,1,161,0
2,1,161,0
4,0,161,1
0,0,161,0
-2,0,161,0
5,1,161,0
3,1,161,0
-2,0,161,0
-1,1,161,1
0,0,161,0
-3,0,161,0
3,1,161,0
4,0,161,1
0,0,161,1
-3,0,161,0
-2,0,161,0
3,1,161,0
-2,1,161,0
0,0,162,0
0,1,162,0
0,1,162,0
0,0,162,0
0,1,162,0
2,0,162,0
-1,1,162,0
-3,0,162,0
2,1,162,0
1,1,162,0
-1,1,162,0
1,1,162,0
4,1,162,0
3,1,162,0
-3,1,162,0
-4,1,162,0
4,1,162,0
3,1,162,0
1,1,162,0
1,1,162,0
1,1,162,0
-4,1,162,0
-1,1,162,0
0,1,162,0
-3,1,162,0
-1,1,162,0
-2,1,162,0
2,1,162,0
1,1,162,0
-2,1,162,1
-3,1,162,0
3,1,162,0
-1,1,162,1
1,1,162,0
-2,1,162,0
0,1,162,0
0,1,164,0
0,1,164,0
0,1,164,0
0,1,164,0
3,1,164,0
1,0,164,0
-3,0,164,0
0,1,164,1
1,0,164,0
2,1,164,1
2,0,164,0
3,0,164,0
2,1,164,0
4,0,164,0
4,1,164,0
1,1,164,0
-3,0,164,0
-3,0,164,0
3,1,164,0
2,1,164,0
3,1,164,0
-1,1,164,0
1,0,164,0
4,1,164,0
3,1,164,0
4,0,164,0
-3,0,164,0
3,1,164,0
-1,0,164,0
-2,1,164,0
-3,1,164,0
-1,0,164,0
2,0,164,0
2,1,164,0
5,1,164,1
0,0,165,0
0,0,165,0
0,1,165,0
0,0,165,0
0,0,165,0
0,1,165,0
1,1,165,0
0,1,165,0
-1,0,165,0
4,0,165,0
2,0,165,0
4,1,165,0
5,1,165,0
3,1,165,0
-2,1,165,0
2,1,165,1
-3,0,165,1
-1,1,165,0
0,1,165,0
-2,1,165,0
-1,0,165,0
2,0,165,0
2,1,165,1
2,1,165,0
1,1,165,0
1,1,165,0
2,1,165,0
-1,0,165,0
0,1,166,0
0,0,166,0
0,0,166,0
0,1,166,0
0,0,166,0
0,0,166,0
1,1,166,0
-1,0,166,1
0,1,166,0
0,1,166,0
1,1,166,0
4,1,166,0
5,1,166,0
4,1,166,0
1,0,166,0
-2,1,166,0
-4,0,166,0
-2,1,166,0
2,1,166,0
0,1,166,0
5,1,166,0
0,1,166,0
-3,0,166,0
-4,1,166,0
-2,0,166,0
0,0,166,0
5,1,166,0
1,1,166,0
-1,1,166,0
0,1,166,0
5,1,166,0
3,1,166,0
0,0,167,0
0,0,167,0
3,0,167,0
-2,1,167,0
1,1,167,0
1,1,167,0
3,0,167,0
-4,0,167,0
3,1,167,0
1,1,167,0
0,1,167,0
1,1,167,0
-2,1,167,0
-2,1,167,0
3,1,167,0
2,1,167,0
-2,0,167,0
2,0,167,0
-1,1,167,1
3,1,167,0
-1,1,167,0
-2,1,167,0
0,1,167,0
3,1,167,0
0,0,168,0
0,0,168,0
0,1,168,0
3,1,168,0
3,0,168,0
-3,0,168,0
4,1,168,1
2,1,168,0
0,0,168,0
1,1,168,0
-2,1,168,0
0,1,168,0
0,0,168,0
2,1,168,0
5,1,168,1
1,1,168,0
4,0,168,0
-2,1,168,0
-2,1,168,0
-4,0,168,0
1,1,168,0
0,0,168,0
4,1,168,0
4,0,168,0
-2,0,168,0
-1,1,168,0
4,0,168,0
3,1,168,0
-3,0,168,0
-3,0,168,0
-3,1,168,0
2,1,168,0
4,1,168,0
-1,1,168,1
3,0,168,1
0,0,169,0
0,1,169,0
0,1,169,0
0,0,169,0
0,1,169,0
0,1,169,0
3,0,169,0
3,0,169,0
0,0,169,0
0,1,169,0
-3,0,169,0
-2,0,169,0
1,0,169,0
-2,0,169,1
0,0,169,1
-2,0,169,1
-1,1,169,0
3,0,169,1
4,0,169,0
4,1,169,1
-4,0,169,0
5,0,169,0
2,1,169,0
4,0,169,0
-2,1,169,0
-3,0,169,0
4,0,169,1
2,1,169,1
4,0,169,0
0,1,169,0
-1,1,169,0
-2,0,169,0
-4,0,169,0
0,1,169,0
0,0,170,0
0,0,170,0
1,1,170,0
4,1,170,0
-2,1,170,0
0,1,170,0
-4,1,170,0
-3,1,170,0
1,1,170,0
-4,0,170,1
2,1,170,0
-2,1,170,0
1,1,170,0
2,1,170,0
5,1,170,0
3,1,170,0
4,1,170,0
0,1,170,0
-3,1,170,0
1,1,170,0
1,1,170,0
4,1,170,0
5,1,170,0
3,1,170,0
3,1,170,0
2,1,170,0
0,1,171,0
0,1,171,0
0,1,171,0
0,1,171,0
-1,1,171,0
-1,1,171,0
-4,1,171,0
5,1,171,0
5,0,171,1
3,1,171,0
2,1,171,0
3,0,171,0
2,1,171,0
4,1,171,0
1,1,171,0
1,1,171,0
5,1,171,0
4,1,171,0
-1,1,171,0
0,0,171,0
3,1,171,0
-2,1,171,0
2,1,171,0
-1,1,171,0
4,1,171,0
4,1,171,0
1,0,171,0
4,0,171,1
-1,0,171,0
0,1,171,0
-2,1,171,0
0,0,172,0
0,1,172,0
0,0,172,0
0,0,172,0
0,1,172,0
0,0,172,0
0,1,172,0
-4,1,172,0
-1,1,172,0
4,1,172,0
-3,1,172,0
2,1,172,0
5,1,172,0
0,1,172,0
3,0,172,0
5,1,172,0
-1,0,172,0
1,1,172,0
-1,1,172,0
-1,0,172,0
4,1,172,0
5,1,172,0
3,1,172,0
-4,0,172,0
2,1,172,0
1,0,172,0
4,1,172,0
1,1,172,0
-2,1,172,0
5,1,172,0
-1,1,172,0
4,1,172,0
0,1,172,0
1,1,172,0
4,0,172,0
0,0,173,0
4,1,173,0
4,0,173,0
0,1,173,0
0,1,173,0
-1,1,173,1
4,1,173,0
1,1,173,0
0,1,173,0
-4,0,173,0
-4,1,173,0
-1,1,173,0
-3,0,173,0
-2,1,173,0
4,1,173,1
2,1,173,0
-3,1,173,0
-4,1,173,0
0,0,173,0
5,1,173,0
4,1,173,0
5,1,173,0
-2,0,173,0
4,1,173,0
2,1,173,0
3,1,173,0
3,1,173,0
0,1,175,0
0,0,175,0
0,0,175,0
0,1,175,0
0,0,175,0
0,1,175,0
-3,1,175,0
-2,1,175,0
1,1,175,0
4,0,175,0
1,0,175,1
4,1,175,0
-4,0,175,0
-1,1,175,0
1,1,175,0
0,1,175,0
-1,1,175,0
1,1,175,0
0,1,175,0
-2,0,175,0
0,0,175,0
4,1,175,0
0,1,175,1
1,1,175,0
2,1,175,0
3,1,175,0
0,0,176,0
0,0,176,0
0,0,176,0
0,0,176,0
0,1,176,0
2,0,176,0
3,1,176,0
1,1,176,0
1,1,176,0
3,0,176,0
4,1,176,0
0,1,176,0
2,1,176,0
5,0,176,0
4,1,176,0
4,1,176,0
-3,1,176,1
-1,1,176,0
1,1,176,0
-2,0,176,0
-2,1,176,0
3,0,176,0
2,0,176,0
2,1,176,0
-1,0,176,0
4,1,176,0
5,1,176,0
0,1,178,0
0,1,178,0
0,0,178,0
0,0,178,0
1,1,178,0
0,1,178,0
2,1,178,0
3,1,178,0
4,0,178,1
3,0,178,0
3,1,178,0
3,1,178,0
-4,1,178,0
3,0,178,0
5,1,178,0
3,1,178,0
3,1,178,0
2,1,178,0
-1,1,178,0
4,0,178,0
3,1,178,0
-3,0,178,0
0,0,178,0
2,1,178,0
4,1,178,0
2,1,178,0
1,0,178,1
2,1,178,0
2,0,178,0
2,0,178,0
-2,1,178,0
-2,1,178,0
0,1,179,0
0,1,179,0
0,0,179,0
0,1,179,0
0,1,179,0
0,0,179,0
0,1,179,0
0,1,179,0
-2,0,179,0
-3,0,179,0
-1,0,179,0
-1,1,179,0
1,0,179,0
-3,1,179,0
-1,0,179,1
4,1,179,0
-3,1,179,0
-3,1,179,0
-2,1,179,0
-1,1,179,0
1,1,179,0
2,0,179,1
3,1,179,0
1,0,179,0
1,0,179,1
0,0,179,0
4,1,179,0
2,0,179,0
2,0,179,0
-4,0,179,0
-3,0,179,0
4,1,179,0
0,1,180,0
0,1,180,0
0,0,180,0
0,0,180,0
0,0,180,0
0,0,180,0
0,1,180,0
-1,1,180,0
-2,0,180,0
3,0,180,0
-2,0,180,0
4,1,180,0
2,1,180,0
1,1,180,0
2,1,180,0
3,0,180,0
2,0,180,0
1,1,180,0
3,1,180,0
3,1,180,1
1,1,180,0
-3,0,180,0
2,1,180,0
-3,1,180,0
-1,1,180,0
2,1,180,0
3,0,180,0
0,1,180,0
-1,1,180,0
0,1,180,0
1,1,180,0
2,1,180,0
0,1,181,0
0,0,181,0
0,1,181,0
0,1,181,0
-4,1,181,0
0,1,181,0
2,1,181,0
4,0,181,0
4,1,181,0
2,1,181,0
2,1,181,1
1,1,181,0
3,1,181,0
4,0,181,0
2,1,181,0
3,1,181,0
2,1,181,0
-2,1,181,0
0,1,181,0
1,1,181,0
3,1,181,0
2,1,181,0
2,1,181,0
2,1,181,0
-2,1,181,0
-2,0,181,0
3,0,181,0
0,1,181,0
-2,0,181,0
-1,1,181,0
-1,1,181,0
4,1,181,0
0,1,182,0
0,1,182,0
0,0,182,0
0,1,182,0
0,1,182,0
0,0,182,0
0,1,182,0
0,1,182,0
-3,1,182,0
-3,1,182,0
-3,0,182,0
-2,0,182,0
-3,0,182,0
2,1,182,0
-4,1,182,0
-2,1,182,0
2,0,182,0
-4,0,182,0
5,0,182,0
0,0,182,0
-3,1,182,0
5,1,182,0
3,1,182,0
1,0,182,0
2,0,182,0
3,0,182,0
-4,0,182,0
1,1,182,0
-4,1,182,0
0,0,183,0
0,0,183,0
0,0,183,0
0,0,183,0
0,1,183,0
-3,1,183,0
1,1,183,0
2,1,183,1
-1,1,183,0
2,0,183,0
1,1,183,1
3,1,183,1
-3,1,183,1
-1,1,183,1
2,1,183,0
1,1,183,0
2,1,183,0
-4,1,183,0
-2,0,183,0
2,1,183,0
1,1,183,0
5,1,183,0
4,1,183,0
3,1,183,0
-3,1,183,0
-2,1,183,0
2,1,183,1
1,1,183,0
-4,1,183,0
-1,1,183,0
2,1,183,0
2,1,183,1
0,0,184,0
0,0,184,0
0,0,184,0
0,1,184,0
3,1,184,0
2,0,184,0
1,1,184,0
-1,0,184,0
-2,0,184,0
5,1,184,0
3,1,184,0
2,0,184,0
2,1,184,0
3,0,184,0
4,1,184,0
1,1,184,0
-1,1,184,0
0,1,184,0
4,1,184,0
3,1,184,0
2,0,184,0
1,0,184,0
4,1,184,0
4,1,184,0
4,1,184,0
3,1,184,0
5,1,184,1
1,1,184,0
0,0,185,0
0,0,185,0
3,0,185,0
0,1,185,0
4,1,185,0
2,0,185,1
0,1,185,1
2,1,185,1
4,1,185,0
3,1,185,1
3,1,185,0
1,1,185,0
3,1,185,0
3,1,185,1
-2,1,185,0
-3,1,185,0
3,1,185,0
4,1,185,0
4,1,185,0
3,1,185,0
2,1,185,0
-1,1,185,0
4,1,185,0
-1,1,185,0
-1,1,185,0
2,1,185,0
5,1,185,0
3,1,185,0
0,1,186,0
0,0,186,0
0,1,186,0
2,0,186,0
1,0,186,1
1,1,186,0
-1,1,186,1
4,1,186,0
5,1,186,0
1,1,186,0
4,1,186,1
3,1,186,0
2,1,186,0
4,1,186,0
4,0,186,0
4,1,186,0
-2,1,186,0
4,0,186,0
0,0,186,0
1,1,186,0
-1,0,186,0
-3,0,186,0
3,0,186,0
3,0,186,0
1,1,186,0
2,1,186,0
1,1,186,0
1,1,186,0
2,1,186,0
0,1,187,0
0,0,187,0
0,0,187,0
-4,1,187,0
4,0,187,1
4,1,187,1
1,1,187,0
4,1,187,0
-3,1,187,0
1,1,187,0
4,1,187,0
4,0,187,1
4,0,187,0
0,1,187,1
5,0,187,0
-2,1,187,0
-4,1,187,0
1,0,187,0
-2,1,187,0
4,1,187,0
2,1,187,1
2,0,187,0
4,1,187,0
4,1,187,1
2,1,187,0
-1,1,187,0
-1,1,187,1
0,1,188,0
0,1,188,0
0,0,188,0
0,1,188,0
2,1,188,0
0,0,188,0
-2,1,188,0
0,1,188,0
1,1,188,0
-3,1,188,0
0,0,188,0
3,1,188,0
2,1,188,0
2,1,188,0
1,1,188,0
5,1,188,0
2,0,188,0
2,1,188,1
2,1,188,0
2,1,188,0
-4,1,188,0
-1,1,188,0
-2,1,188,0
4,0,188,0
-2,0,188,0
0,0,189,0
0,1,189,0
0,0,189,0
0,1,189,0
0,1,189,0
-2,0,189,0
-4,0,189,0
2,1,189,0
1,1,189,0
0,1,189,0
0,1,189,0
4,1,189,1
-3,0,189,0
3,1,189,0
-4,1,189,0
-3,1,189,0
1,1,189,0
2,1,189,0
5,1,189,1
4,1,189,0
3,1,189,1
2,1,189,0
2,1,189,0
-1,0,189,0
2,1,189,0
5,1,189,0
2,1,189,0
0,1,190,0
0,1,190,0
0,1,190,0
0,1,190,0
0,0,190,0
0,0,190,0
0,1,190,0
0,0,190,0
1,1,190,0
0,0,190,0
-1,1,190,0
-2,1,190,0
-2,0,190,1
-1,1,190,0
-2,1,190,0
-1,1,190,0
-3,1,190,0
-1,1,190,0
0,1,190,0
4,1,190,0
-1,1,190,0
3,0,190,0
0,0,190,0
2,1,190,0
4,1,190,0
1,1,190,0
3,1,190,0
2,1,190,0
1,1,190,0
2,0,190,1
3,0,190,0
2,1,190,0
-2,0,190,1
-3,1,190,0
1,1,190,0
-1,0,190,0
2,1,190,0
1,0,190,1
2,0,190,0
2,0,190,1
2,0,190,0
0,1,191,0
0,0,191,0
0,1,191,0
0,1,191,0
0,0,191,0
0,1,191,0
0,0,191,0
0,1,191,0
1,0,191,0
5,0,191,0
2,1,191,0
2,1,191,0
4,1,191,0
-3,0,191,0
-3,1,191,0
-3,1,191,1
-2,0,191,0
-3,0,191,0
2,1,191,0
1,1,191,0
0,1,191,0
0,1,191,0
1,1,191,0
4,1,191,0
5,1,191,0
1,1,191,0
3,0,191,0
2,1,191,0
-4,0,191,0
3,1,191,0
5,0,191,0
4,1,191,0
5,0,191,1
4,1,191,0
3,1,191,0
3,1,191,0
2,1,191,0
0,0,193,0
0,0,193,0
0,1,193,0
0,0,193,0
0,0,193,0
-2,0,193,0
2,1,193,0
2,0,193,0
5,0,193,0
1,1,193,0
5,0,193,0
2,1,193,0
-4,1,193,0
-2,0,193,0
5,1,193,0
4,1,193,0
2,0,193,0
4,1,193,0
0,1,193,0
0,1,193,0
-3,0,193,0
-3,0,193,1
0,0,193,0
-2,1,193,0
2,0,193,0
-2,0,193,0
3,1,193,0
4,1,193,0
3,0,193,0
4,0,193,0
3,1,193,0
0,0,194,0
0,1,194,0
0,1,194,0
0,0,194,0
0,1,194,0
0,0,194,0
0,0,194,0
0,0,194,0
-2,0,194,0
-3,1,194,0
-3,0,194,0
-3,1,194,0
1,1,194,0
1,1,194,0
-4,1,194,0
-4,1,194,0
-1,0,194,0
0,1,194,0
-3,1,194,0
1,0,194,0
3,1,194,0
-3,0,194,0
3,1,194,0
4,1,194,0
4,0,194,1
4,1,194,1
1,1,194,0
3,1,194,0
4,0,194,1
2,1,194,0
1,0,194,0
-1,1,194,1
2,1,194,0
0,1,194,0
0,0,195,0
0,1,195,0
0,1,195,0
0,0,195,0
5,0,195,0
2,0,195,0
3,1,195,0
-3,0,195,0
3,1,195,0
-4,0,195,0
0,1,195,0
-2,1,195,0
-2,0,195,0
-1,1,195,0
0,1,195,0
1,1,195,0
1,1,195,0
-4,0,195,0
-1,1,195,0
1,1,195,0
2,1,195,1
-2,1,195,0
0,0,195,1
5,1,195,0
1,1,195,0
1,1,195,0
0,1,196,0
0,1,196,0
0,1,196,0
1,1,196,0
4,1,196,0
5,0,196,0
2,1,196,0
4,1,196,0
4,1,196,0
5,1,196,0
4,1,196,0
1,1,196,0
-1,1,196,0
1,1,196,0
0,1,196,0
4,1,196,1
2,1,196,1
5,1,196,0
1,1,196,0
3,1,196,0
3,1,196,0
-1,1,196,0
2,1,196,0
-3,0,196,0
-1,1,196,0
2,1,196,0
0,1,197,0
0,1,197,0
0,0,197,0
0,1,197,0
1,1,197,0
1,1,197,0
4,1,197,0
1,1,197,0
4,1,197,0
-1,1,197,0
0,1,197,0
1,0,197,0
0,0,197,0
-3,0,197,0
-4,1,197,0
-3,0,197,0
3,1,197,0
4,1,197,0
1,1,197,0
-1,1,197,0
-3,1,197,0
3,1,197,0
2,1,197,0
-4,1,197,0
4,1,197,0
4,1,197,0
1,1,197,0
-2,1,197,0
0,0,198,0
0,1,198,0
0,1,198,0
0,1,198,0
0,0,198,0
0,1,198,0
3,0,198,0
1,1,198,1
5,0,198,0
2,0,198,1
1,0,198,0
-1,1,198,0
1,0,198,0
0,0,198,0
2,1,198,0
5,1,198,0
4,1,198,0
3,1,198,1
1,0,198,0
-3,1,198,0
-1,1,198,0
-3,1,198,0
-2,1,198,0
0,0,198,0
0,0,198,0
2,1,198,0
3,1,198,0
0,0,198,0
3,0,198,0
-1,1,198,0
-3,0,198,0
2,1,198,0
0,0,200,0
0,0,200,0
0,0,200,0
0,1,200,0
0,1,200,0
-4,1,200,0
2,1,200,1
4,1,200,1
2,1,200,0
5,1,200,0
4,1,200,0
4,1,200,0
4,1,200,0
3,1,200,0
4,1,200,0
3,1,200,0
3,1,200,0
2,1,200,1
0,1,200,0
-3,0,200,0
5,1,200,0
4,1,200,0
3,1,200,0
0,1,200,0
1,1,200,0
1,0,200,1
0,1,200,0
-1,1,200,0
1,1,200,0
0,1,202,0
0,1,202,0
0,1,202,0
0,1,202,0
2,0,202,0
0,1,202,0
0,1,202,1
0,0,202,0
-3,1,202,0
-3,0,202,0
-4,0,202,0
2,0,202,0
-2,1,202,0
0,1,202,0
1,1,202,0
1,1,202,0
-2,0,202,0
3,0,202,0
1,1,202,0
-1,1,202,0
2,1,202,0
1,1,202,0
0,1,202,0
-2,1,202,0
5,1,202,0
2,0,202,0
-2,1,202,0
-2,1,202,0
-3,1,202,0
-3,1,202,0
-1,1,202,0
2,0,202,1
4,0,202,1
5,1,202,0
2,1,202,0
4,1,202,0
3,1,202,0
5,1,202,0
0,0,203,0
0,1,203,0
-2,1,203,1
-2,1,203,0
2,1,203,0
1,1,203,0
4,1,203,0
3,1,203,0
2,1,203,0
2,1,203,1
3,1,203,0
2,1,203,0
5,1,203,0
1,1,203,0
1,1,203,0
0,0,204,0
0,1,204,0
0,0,204,0
0,1,204,0
0,1,204,0
1,1,204,0
-2,0,204,0
4,0,204,1
1,1,204,0
-3,1,204,0
-4,1,204,0
-4,1,204,0
1,1,204,0
1,1,204,0
4,0,204,0
2,1,204,1
0,0,204,0
5,1,204,0
1,1,204,0
2,1,204,0
0,1,204,0
1,1,204,0
1,1,204,0
-3,0,204,0
-1,1,204,0
1,1,204,0
3,1,204,0
3,1,204,0
4,1,204,0
0,0,205,0
0,1,205,0
0,0,205,0
0,1,205,0
0,0,205,0
0,1,205,0
0,0,205,0
0,0,205,0
0,1,205,0
1,1,205,0
4,0,205,0
3,0,205,0
4,0,205,0
-3,1,205,0
3,1,205,0
2,0,205,0
3,0,205,0
1,1,205,0
-3,1,205,0
3,0,205,1
4,0,205,0
-1,0,205,1
2,1,205,0
3,1,205,0
3,0,205,0
0,1,207,0
0,0,207,0
0,0,207,0
0,1,207,0
0,1,207,0
0,0,207,0
0,1,207,0
-3,1,207,0
-3,1,207,0
-2,1,207,0
3,1,207,0
2,0,207,0
-1,1,207,0
-1,1,207,0
1,1,207,0
4,1,207,0
4,1,207,0
1,1,207,0
-3,0,207,1
2,1,207,0
1,0,207,0
4,1,207,0
2,1,207,0
1,0,207,0
4,0,207,0
-3,0,207,1
-2,1,207,0
5,1,207,0
1,1,207,0
0,1,207,0
2,1,207,0
-2,1,207,0
4,0,207,0
-3,1,207,0
-1,0,207,1
4,0,207,1
0,1,208,0
0,0,208,0
0,0,208,0
0,0,208,0
0,0,208,0
1,1,208,0
4,1,208,0
5,1,208,0
-3,1,208,0
-4,1,208,0
3,1,208,0
0,1,208,0
2,1,208,0
4,1,208,0
5,1,208,0
1,1,208,0
2,1,208,0
2,1,208,1
5,1,208,0
-3,1,208,0
3,1,208,0
3,1,208,0
3,1,208,1
3,1,208,1
5,1,208,0
-4,0,208,0
-3,0,208,0
0,1,209,0
0,1,209,0
0,0,209,0
0,0,209,0
0,1,209,0
-1,1,209,0
-2,1,209,0
-2,1,209,0
-2,0,209,1
-3,1,209,1
5,1,209,0
3,1,209,0
-3,1,209,0
-1,1,209,0
2,0,209,0
-2,1,209,0
-4,1,209,0
5,1,209,0
1,0,209,0
-3,0,209,0
-2,0,209,0
0,0,209,0
1,1,209,0
-2,1,209,0
-2,1,209,0
2,0,209,0
-1,1,209,0
0,1,210,0
0,1,210,0
0,0,210,0
0,1,210,0
3,1,210,0
3,0,210,0
-3,1,210,0
4,0,210,0
-1,1,210,0
2,1,210,0
-1,1,210,0
-2,0,210,0
3,0,210,0
-3,1,210,0
3,1,210,0
3,1,210,0
3,1,210,0
0,1,210,1
1,1,210,0
1,1,210,0
4,0,210,0
-4,1,210,0
0,1,211,0
0,1,211,0
0,0,211,0
0,1,211,0
0,1,211,0
2,0,211,0
2,1,211,0
1,0,211,0
1,1,211,0
-3,0,211,0
4,1,211,0
2,1,211,0
-3,1,211,0
0,1,211,0
2,1,211,0
1,0,211,0
-1,1,211,0
4,1,211,0
5,0,211,0
3,1,211,0
3,0,211,0
4,0,211,1
2,0,211,0
2,1,211,0
-2,1,211,0
-3,1,211,0
-3,0,211,0
0,1,212,0
0,0,212,0
0,0,212,0
0,0,212,0
0,1,212,0
-1,1,212,0
3,1,212,0
5,1,212,0
3,1,212,0
5,1,212,0
1,1,212,1
0,1,212,0
-1,1,212,1
1,1,212,0
1,1,212,1
-1,1,212,0
3,1,212,0
1,1,212,0
-1,1,212,0
-3,1,212,0
-2,1,212,0
2,1,212,0
4,1,212,0
3,1,212,0
3,1,212,1
4,0,212,0
1,1,212,0
4,1,212,0
3,1,212,0
0,1,214,0
0,1,214,0
-4,1,214,0
-3,1,214,0
-3,0,214,0
2,0,214,0
-4,1,214,0
-3,1,214,0
-1,1,214,0
3,0,214,0
4,1,214,0
2,0,214,1
2,1,214,0
0,1,214,0
-4,1,214,0
0,1,214,0
0,1,214,0
-1,1,214,0
3,1,214,1
-1,1,214,0
1,1,214,0
1,1,214,0
2,1,214,0
1,0,214,0
2,1,214,0
0,0,215,0
0,0,215,0
-2,0,215,0
0,1,215,0
2,1,215,1
4,1,215,0
-2,0,215,0
1,1,215,0
0,1,215,0
1,1,215,0
3,1,215,0
3,1,215,1
1,1,215,0
0,1,215,0
2,1,215,0
5,1,215,0
-4,1,215,0
-2,1,215,0
1,1,215,0
5,1,215,1
5,1,215,0
3,1,215,0
1,1,215,0
3,1,215,0
0,1,216,0
0,0,216,0
0,0,216,0
0,1,216,0
4,0,216,0
4,0,216,0
5,0,216,0
4,1,216,0
4,1,216,0
1,0,216,0
-3,1,216,0
3,1,216,0
3,0,216,0
2,0,216,0
4,0,216,0
-3,1,216,1
4,1,216,0
-1,0,216,0
2,1,216,0
-2,1,216,0
0,0,216,1
0,1,217,0
0,0,217,0
0,0,217,0
-4,0,217,0
-3,1,217,0
5,1,217,0
4,1,217,0
2,0,217,0
-4,1,217,0
-4,0,217,0
-4,1,217,0
-1,1,217,0
-3,0,217,1
0,1,217,0
2,1,217,0
4,0,217,0
3,0,217,0
-3,0,217,0
0,1,217,0
3,1,217,0
2,1,217,1
-4,0,217,0
1,1,217,0
2,0,217,0
3,0,217,0
-1,0,217,0
-1,1,217,0
1,0,217,0
0,1,218,0
0,1,218,0
0,0,218,0
0,0,218,0
-2,1,218,0
-3,0,218,0
-3,1,218,0
-1,0,218,0
-1,1,218,0
3,0,218,0
3,0,218,0
-2,1,218,0
4,1,218,0
3,1,218,0
-2,1,218,1
2,1,218,0
0,1,218,0
5,1,218,0
1,1,218,0
3,1,218,0
3,1,218,1
0,1,219,0
0,1,219,0
-3,0,219,0
1,0,219,0
3,1,219,1
3,0,219,1
-2,1,219,0
-4,0,219,0
-1,0,219,0
4,0,219,0
3,1,219,0
-2,0,219,0
1,0,219,0
-4,0,219,0
-4,0,219,0
4,1,219,0
2,1,219,0
2,1,219,0
1,1,219,0
1,1,219,0
4,1,219,0
0,0,222,0
0,0,222,0
0,0,222,0
0,0,222,0
0,1,222,0
0,1,222,0
0,1,222,0
0,0,222,0
0,0,222,0
-1,1,222,0
1,1,222,0
0,1,222,0
2,1,222,0
1,1,222,0
-3,1,222,0
-3,1,222,0
2,0,222,0
0,1,222,0
4,1,222,0
3,0,222,1
4,0,222,0
2,1,222,0
2,0,222,0
5,1,222,0
4,1,222,0
0,1,222,0
-1,1,222,0
1,1,222,0
1,1,222,0
-2,0,222,0
2,1,222,0
-1,0,222,0
2,0,222,0
4,0,222,0
0,0,223,0
0,1,223,0
0,0,223,0
4,1,223,0
2,1,223,0
4,1,223,0
2,0,223,0
-3,0,223,0
3,0,223,0
1,1,223,1
1,1,223,0
0,1,223,0
3,1,223,0
4,1,223,0
1,1,223,0
1,1,223,0
4,1,223,0
-4,1,223,0
4,1,223,1
-3,1,223,0
0,1,223,0
0,0,223,0
4,1,223,0
1,1,223,0
-2,1,223,0
0,1,224,0
0,0,224,0
0,0,224,0
0,1,224,0
0,0,224,0
0,1,224,0
4,1,224,0
4,1,224,0
4,1,224,0
-1,1,224,0
3,1,224,0
3,1,224,0
-1,1,224,0
0,1,224,0
-1,0,224,0
5,1,224,0
2,1,224,0
-1,1,224,0
-4,1,224,0
3,1,224,0
-2,0,224,0
-2,1,224,0
-3,0,224,0
-2,1,224,0
0,0,224,0
-4,1,224,1
-2,1,224,0
0,0,225,0
0,0,225,0
0,1,225,0
-1,1,225,0
-1,1,225,1
4,1,225,0
1,1,225,0
0,0,225,1
4,1,225,0
2,1,225,0
0,1,225,0
-4,1,225,0
1,1,225,0
0,1,225,0
2,1,225,0
4,1,225,0
4,1,225,0
1,1,225,0
5,0,225,0
3,1,225,0
5,1,225,0
4,1,225,0
-4,1,225,0
-4,1,225,1
-2,1,225,0
0,1,225,0
-1,1,225,1
1,1,225,0
-1,1,225,0
-1,1,225,0
0,0,226,0
0,1,226,0
0,0,226,0
0,1,226,0
-3,1,226,0
4,1,226,0
4,1,226,1
5,0,226,0
4,1,226,0
-3,1,226,0
4,0,226,0
5,1,226,0
-4,1,226,0
4,1,226,0
2,1,226,0
0,1,226,1
2,1,226,0
2,1,226,0
2,1,226,0
2,1,226,0
-1,1,226,0
4,1,226,0
4,1,226,0
4,0,226,1
-2,1,226,0
0,1,226,0
-4,0,226,0
5,1,226,0
4,0,226,1
5,1,226,0
3,1,226,0
3,1,226,0
0,1,227,0
0,1,227,0
0,0,227,0
0,0,227,0
0,1,227,0
0,1,227,0
0,1,227,0
0,1,227,0
0,1,227,0
0,0,227,0
5,1,227,0
5,1,227,1
5,1,227,0
3,1,227,0
0,1,227,0
3,1,227,0
5,1,227,0
1,1,227,1
0,1,227,1
-3,1,227,0
1,1,227,0
2,1,227,0
0,1,227,0
1,1,227,0
2,0,227,0
1,0,227,0
5,0,227,0
-3,1,227,0
1,1,227,0
1,1,227,0
4,0,227,0
1,0,227,0
0,0,228,0
0,0,228,0
0,1,228,0
2,1,228,0
3,1,228,0
2,1,228,0
3,1,228,1
-4,1,228,0
-2,1,228,0
-2,1,228,0
-3,1,228,0
3,1,228,0
5,1,228,0
4,1,228,0
-4,1,228,0
1,1,228,1
0,0,228,0
0,1,228,0
0,1,228,1
1,1,228,1
4,1,228,0
-1,1,228,0
-3,1,228,0
3,1,228,0
0,0,229,0
0,1,229,0
0,1,229,0
0,0,229,0
0,0,229,1
1,0,229,0
1,0,229,0
1,1,229,0
-1,1,229,0
-3,1,229,0
3,0,229,1
0,1,229,0
-2,1,229,0
-3,1,229,1
3,1,229,0
0,0,229,0
5,1,229,0
5,0,229,0
2,1,229,0
1,1,229,0
2,0,229,0
-3,1,229,0
2,1,229,0
2,1,229,0
-1,1,229,0
0,1,229,0
-1,0,229,1
2,1,229,0
0,1,231,0
0,1,231,0
0,1,231,0
0,0,231,0
0,0,231,0
0,0,231,0
0,0,231,0
0,1,231,0
-2,1,231,1
-4,1,231,0
2,0,231,1
4,0,231,0
1,1,231,0
-1,1,231,0
2,1,231,1
-3,1,231,0
-4,1,231,0
0,1,231,0
0,1,231,0
1,1,231,0
4,0,231,0
-1,1,231,1
0,1,231,0
-3,1,231,0
1,1,231,0
-4,1,231,1
-2,1,231,0
3,1,231,0
4,1,231,0
0,1,231,1
-4,1,231,0
-2,1,231,1
3,1,231,0
0,0,233,0
0,0,233,0
0,1,233,0
0,0,233,0
0,0,233,0
4,1,233,0
5,0,233,0
4,1,233,1
-2,0,233,0
1,1,233,0
-3,1,233,1
1,1,233,0
2,1,233,0
3,0,233,0
4,1,233,0
-1,1,233,0
-1,1,233,0
-2,1,233,0
-2,0,233,0
0,0,233,0
3,1,233,0
-1,0,233,0
0,0,233,1
-2,1,233,0
3,1,233,0
1,1,233,1
5,1,233,0
2,0,233,0
3,1,233,1
4,1,233,0
1,0,233,1
1,1,233,1
2,1,233,0
0,0,234,0
0,0,234,0
0,0,234,0
0,1,234,0
0,1,234,0
0,1,234,0
0,1,234,0
0,0,234,0
-4,0,234,0
2,0,234,0
5,0,234,0
3,1,234,0
4,1,234,1
3,0,234,0
3,0,234,0
0,0,234,1
-2,1,234,0
-4,1,234,0
-2,0,234,1
1,0,234,0
1,1,234,0
2,1,234,0
4,0,234,0
1,1,234,0
3,1,234,0
4,0,234,0
-3,1,234,0
-4,0,234,0
-1,1,234,0
-2,1,234,0
-1,1,234,0
-2,1,234,0
0,1,234,0
5,1,234,0
3,1,234,0
1,1,234,0
-1,0,234,0
1,1,234,0
4,1,234,1
0,0,235,0
0,0,235,0
0,0,235,0
0,0,235,0
-2,1,235,0
-2,0,235,0
-3,1,235,0
-3,1,235,0
2,1,235,1
5,1,235,1
5,0,235,0
-1,1,235,0
-3,0,235,0
1,0,235,0
0,1,235,0
1,1,235,0
0,0,235,0
1,0,235,0
4,1,235,1
4,0,235,0
4,1,235,0
1,0,235,0
1,1,235,0
1,1,235,0
0,0,235,1
2,0,235,0
5,1,235,0
0,0,235,0
0,1,235,0
0,0,235,0
-4,0,235,0
2,0,235,0
-1,1,235,0
0,1,235,0
4,1,235,0
3,1,235,0
5,0,235,0
5,1,235,0
1,0,235,0
0,0,236,0
0,1,236,0
0,0,236,0
0,0,236,0
0,1,236,0
0,1,236,0
0,0,236,0
0,1,236,0
2,1,236,0
4,1,236,0
1,0,236,1
1,1,236,1
-3,1,236,0
-4,1,236,0
-1,1,236,0
3,0,236,0
2,0,236,0
3,1,236,0
-4,1,236,0
3,0,236,0
0,1,236,0
4,1,236,0
3,0,236,1
3,1,236,0
4,1,236,0
1,1,236,0
0,1,236,0
3,1,236,0
4,1,236,0
0,1,237,0
0,1,237,0
0,1,237,0
0,0,237,0
0,0,237,0
0,1,237,0
0,1,237,0
4,1,237,0
2,1,237,0
4,1,237,0
0,0,237,1
0,1,237,0
-1,1,237,0
1,0,237,0
-2,1,237,0
-3,1,237,0
-3,0,237,1
4,1,237,0
-3,0,237,0
4,1,237,0
-1,1,237,0
2,1,237,0
-3,1,237,0
0,0,237,1
3,1,237,0
-2,1,237,0
-2,1,237,0
3,0,237,1
5,0,237,0
2,1,237,0
1,0,237,0
0,1,238,0
0,0,238,0
0,1,238,0
0,0,238,0
0,1,238,0
-2,1,238,0
1,0,238,0
0,0,238,0
4,1,238,0
-4,1,238,0
1,0,238,0
3,1,238,0
1,1,238,0
0,0,238,0
2,1,238,0
0,0,238,1
4,1,238,0
1,0,238,1
-3,1,238,0
-4,1,238,0
-2,1,238,0
-4,1,238,0
1,1,238,0
-1,1,238,0
0,1,238,0
0,0,238,0
-4,1,238,0
0,0,240,0
0,1,240,0
0,0,240,0
4,1,240,0
2,0,240,0
-1,1,240,0
-2,1,240,0
0,1,240,0
-2,1,240,0
-2,1,240,1
1,1,240,1
4,1,240,1
3,1,240,0
-1,1,240,0
-2,1,240,0
-4,0,240,0
-3,0,240,0
1,1,240,0
-3,0,240,0
2,1,240,0
2,1,240,0
3,1,240,0
0,1,240,0
-4,1,240,0
4,1,240,0
0,1,240,0
3,1,240,0
1,1,240,0
1,1,240,0
2,1,240,0
0,1,241,0
0,0,241,0
-1,0,241,0
-1,1,241,0
-3,1,241,0
-2,0,241,1
-1,1,241,0
1,1,241,1
2,0,241,0
2,1,241,0
0,1,241,0
1,1,241,1
-1,0,241,0
2,0,241,0
3,1,241,0
5,1,241,0
3,0,241,1
-2,0,241,0
-1,0,241,0
3,0,241,0
0,0,241,0
-2,0,241,0
3,0,241,1
-1,0,241,0
3,0,241,0
0,0,242,0
0,1,242,0
0,0,242,0
-1,0,242,0
-1,1,242,0
2,1,242,0
2,0,242,1
-3,1,242,0
-2,1,242,0
-2,1,242,0
2,1,242,0
3,1,242,0
4,1,242,0
3,1,242,0
3,1,242,0
1,0,242,0
-1,0,242,0
-3,1,242,0
4,1,242,0
4,1,242,0
2,1,242,0
-2,1,242,0
3,0,242,0
5,1,242,0
4,1,242,0
0,1,242,0
2,1,242,0
0,1,243,0
0,1,243,0
0,0,243,0
0,0,243,0
0,1,243,0
0,1,243,0
2,1,243,0
2,1,243,0
4,1,243,0
2,1,243,0
2,1,243,0
1,1,243,1
0,1,243,0
-4,1,243,0
1,1,243,0
4,1,243,0
-1,1,243,0
-3,1,243,0
0,1,243,0
1,1,243,0
2,1,243,1
1,1,243,0
2,1,243,0
3,1,243,0
1,1,243,0
3,1,243,0
5,1,243,0
0,0,244,0
0,1,244,0
0,0,244,0
0,1,244,0
0,0,244,0
0,0,244,0
4,1,244,0
3,1,244,0
1,1,244,0
2,0,244,0
1,1,244,0
-2,1,244,0
-3,1,244,0
-3,1,244,0
0,1,244,0
-3,0,244,1
3,1,244,1
1,1,244,0
0,1,244,0
-1,1,244,0
0,1,245,0
0,1,245,0
0,0,245,0
0,1,245,0
0,1,245,0
0,1,245,0
3,0,245,0
-2,1,245,0
0,1,245,0
-2,1,245,0
3,1,245,0
5,1,245,0
2,1,245,0
5,1,245,0
3,1,245,0
2,1,245,0
-4,1,245,0
1,1,245,0
-1,0,245,0
3,0,245,0
-3,1,245,0
0,1,245,0
-1,1,245,0
-1,1,245,0
-4,1,245,0
-4,1,245,0
1,0,245,0
0,1,245,0
4,1,245,0
4,0,245,0
0,1,245,0
5,1,245,0
3,1,245,1
0,1,246,0
0,0,246,0
0,0,246,0
3,1,246,0
2,0,246,1
0,1,246,0
5,1,246,0
3,1,246,1
1,1,246,1
5,0,246,0
-3,1,246,0
1,1,246,0
-2,1,246,0
2,1,246,0
1,1,246,0
-3,1,246,0
3,1,246,0
-1,1,246,0
0,1,246,0
4,1,246,0
-4,1,246,0
4,1,246,0
4,1,246,0
0,1,247,0
0,1,247,0
0,1,247,0
0,0,247,0
0,1,247,0
0,1,247,0
0,1,247,0
3,1,247,0
3,1,247,0
0,0,247,0
0,1,247,0
2,1,247,0
3,1,247,0
0,1,247,0
3,1,247,0
3,1,247,0
4,1,247,0
1,1,247,0
-2,1,247,0
3,1,247,0
-2,0,247,0
2,1,247,0
-3,1,247,0
0,1,247,0
-3,1,247,0
0,1,247,0
-2,0,247,0
0,1,247,0
4,1,247,0
4,1,247,0
1,1,247,0
1,1,247,0
4,1,247,0
4,1,247,0
0,1,249,0
0,0,249,0
0,1,249,0
3,1,249,0
5,1,249,0
3,1,249,1
-4,1,249,0
4,0,249,0
-4,1,249,0
-4,0,249,0
-3,0,249,0
-2,1,249,0
-3,0,249,0
4,1,249,0
3,1,249,0
4,0,249,0
4,1,249,0
0,1,249,1
-3,1,249,0
-1,1,249,0
-1,1,249,0
0,0,249,0
4,0,249,0
3,1,249,0
5,0,249,0
5,0,249,1
3,1,249,0
2,1,249,0
2,1,249,0
-1,0,249,0
-1,1,249,0
3,1,249,0
0,1,250,0
0,0,250,0
0,0,250,0
0,1,250,0
0,1,250,0
-4,1,250,0
1,1,250,0
2,1,250,0
5,1,250,0
0,0,250,0
3,0,250,1
5,0,250,0
4,0,250,0
3,1,250,0
0,1,250,0
0,1,250,1
-3,1,250,0
-2,0,250,1
0,1,250,0
0,1,250,0
3,0,250,0
0,1,250,0
2,1,250,1
-2,0,250,0
0,1,251,0
0,1,251,0
0,0,251,0
0,1,251,0
0,0,251,0
0,0,251,0
2,1,251,0
-3,1,251,0
0,1,251,0
1,1,251,0
1,1,251,0
0,1,251,0
3,1,251,0
3,1,251,1
0,1,251,0
-1,1,251,1
-1,1,251,1
-1,1,251,0
2,1,251,0
0,1,251,0
2,1,251,0
2,1,251,0
1,1,251,0
-1,0,251,0
-2,0,251,0
2,1,251,0
-2,0,251,0
-3,0,251,0
-3,1,251,0
-4,0,251,0
-3,0,251,1
1,1,251,0
-1,1,251,0
0,1,252,0
0,0,252,0
0,0,252,0
0,1,252,0
0,1,252,0
0,1,252,0
-1,1,252,1
0,1,252,0
2,1,252,0
-3,1,252,0
-3,1,252,0
4,1,252,0
4,0,252,0
3,0,252,0
2,1,252,0
2,1,252,0
2,1,252,0
0,1,252,0
4,1,252,0
5,1,252,0
1,1,252,0
-1,1,252,0
4,1,252,0
2,1,252,0
-2,0,252,0
-3,1,252,0
3,0,252,0
1,1,252,1
-1,1,252,0
-3,1,252,0
0,1,252,0
1,1,252,0
2,1,252,0
4,1,252,0
1,1,252,0
0,0,254,0
0,0,254,0
0,1,254,0
0,1,254,0
0,1,254,0
-1,1,254,0
-2,1,254,0
4,1,254,0
-1,1,254,0
-2,0,254,0
1,1,254,0
-3,0,254,0
-3,0,254,0
-2,1,254,0
0,0,254,0
1,1,254,0
0,0,254,1
2,1,254,0
1,1,254,0
0,0,254,0
-4,0,254,0
-2,0,254,0
-2,0,254,0
-3,0,254,0
-3,0,254,0
0,0,254,0
-3,1,254,0
-3,0,254,1
4,1,254,0
4,1,254,0
3,1,254,0
0,0,254,0
1,0,254,0
0,1,255,0
0,1,255,0
0,1,255,0
0,1,255,0
0,0,255,0
0,1,255,0
4,1,255,0
4,1,255,0
4,1,255,0
2,1,255,0
-2,1,255,1
2,1,255,0
1,1,255,0
0,0,255,0
-2,1,255,0
1,1,255,0
-4,1,255,0
0,0,255,0
1,1,255,0
-2,1,255,0
0,1,255,0
-4,0,255,1
2,0,255,0
3,0,255,0
3,1,255,0
3,1,255,0
3,1,255,0
3,1,255,0
-1,0,255,0
2,1,255,0
-2,1,255,0
-4,1,255,0
-2,1,255,0
0,1,255,0
4,1,255,0
-1,0,255,0
0,1,256,0
-1,0,256,0
-2,1,256,0
-1,1,256,0
0,1,256,0
-1,1,256,0
4,0,256,0
5,1,256,0
3,1,256,1
2,1,256,0
3,1,256,0
2,1,256,0
1,1,256,0
1,1,256,0
4,1,256,0
0,0,256,1
-3,1,256,0
2,0,256,0
1,1,256,0
4,1,256,0
1,1,256,0
0,1,256,0
-2,1,256,0
-4,1,256,0
3,1,256,0
4,1,256,0
0,1,257,0
0,1,257,0
0,0,257,0
0,0,257,0
-4,1,257,0
-2,1,257,0
1,0,257,0
1,0,257,0
1,1,257,0
1,0,257,1
2,0,257,0
2,1,257,0
2,0,257,0
-1,1,257,0
1,0,257,1
4,1,257,0
-4,1,257,1
0,1,257,0
4,1,257,0
3,1,257,0
0,1,257,0
1,0,257,0
2,1,257,0
-1,0,257,0
-2,1,257,0
-3,0,257,0
3,1,257,0
2,1,257,0
0,1,257,0
0,0,258,0
0,1,258,0
0,1,258,0
0,1,258,0
0,0,258,0
0,0,258,0
-2,1,258,0
0,1,258,1
1,1,258,0
0,0,258,0
0,0,258,0
4,0,258,0
4,1,258,0
3,1,258,0
0,1,258,0
1,1,258,0
0,1,258,0
-3,1,258,0
4,1,258,0
2,1,258,0
-3,1,258,0
-3,0,258,0
3,0,258,0
3,1,258,0
-2,0,258,0
-3,1,258,1
-3,1,258,0
0,1,259,0
0,1,259,0
0,1,259,0
0,0,259,0
0,1,259,0
0,0,259,0
0,1,259,0
0,1,259,0
0,0,259,0
4,1,259,0
2,0,259,0
1,1,259,0
3,0,259,0
0,1,259,0
1,1,259,0
0,1,259,0
-2,0,259,1
1,0,259,0
-1,0,259,0
1,0,259,0
3,0,259,0
5,0,259,0
2,0,259,0
3,0,259,0
4,1,259,0
0,1,259,0
1,0,259,0
0,1,260,0
0,0,260,0
0,1,260,0
0,0,260,0
0,1,260,0
4,0,260,0
4,0,260,1
0,0,260,0
-3,0,260,0
5,0,260,0
-3,0,260,0
3,1,260,0
3,0,260,0
2,1,260,0
5,1,260,0
3,0,260,1
2,0,260,0
2,1,260,0
-1,1,260,0
2,1,260,0
-1,1,260,1
3,1,260,0
1,1,260,0
1,1,260,0
0,0,260,0
2,1,260,0
0,0,260,0
2,1,260,0
3,0,260,0
-2,1,260,1
2,1,260,0
0,1,261,0
0,0,261,0
0,0,261,0
0,1,261,0
0,1,261,0
2,1,261,0
2,1,261,0
-1,0,261,0
-1,1,261,0
2,0,261,0
4,0,261,0
2,1,261,0
3,0,261,0
1,0,261,0
2,0,261,0
3,0,261,0
-2,0,261,0
1,0,261,0
5,0,261,0
1,0,261,0
1,1,261,0
2,0,261,0
0,0,262,0
0,0,262,0
0,0,262,0
0,1,262,0
0,0,262,0
0,0,262,0
0,0,262,0
0,1,262,0
4,1,262,1
2,1,262,1
0,1,262,1
0,1,262,0
-3,1,262,0
-3,1,262,0
-2,1,262,0
0,1,262,0
-1,1,262,0
-1,1,262,0
0,0,262,1
1,1,262,0
1,1,262,0
-1,0,262,1
-2,1,262,0
0,1,262,1
0,0,262,0
3,1,262,0
4,0,262,1
-2,1,262,0
-3,1,262,0
-3,1,262,0
-3,1,262,0
2,1,262,0
1,0,262,0
0,1,262,0
-1,1,262,0
0,0,262,1
-1,0,262,1
4,0,262,0
5,0,262,0
-1,1,262,0
-4,0,262,1
0,0,263,0
0,1,263,0
0,1,263,0
0,0,263,0
0,1,263,0
-3,0,263,0
-3,1,263,0
-1,1,263,1
-1,1,263,1
0,0,263,0
3,1,263,1
4,1,263,0
0,1,263,0
1,1,263,0
5,1,263,0
4,1,263,0
-1,1,263,0
3,1,263,0
-1,0,263,0
-2,1,263,0
0,1,263,0
2,1,263,0
3,1,263,1
1,1,263,0
0,1,264,0
0,1,264,0
0,0,264,0
0,0,264,0
0,1,264,0
0,1,264,0
0,1,264,0
0,1,264,0
2,1,264,0
3,0,264,0
2,1,264,0
3,0,264,0
3,1,264,0
0,1,264,0
4,1,264,0
0,1,264,0
0,1,264,0
-3,1,264,0
1,1,264,0
-3,1,264,0
-2,1,264,0
4,1,264,0
1,1,264,0
2,1,264,0
0,1,264,0
-1,1,264,0
-1,1,264,0
-2,1,264,0
0,0,265,0
0,1,265,0
0,0,265,0
0,0,265,0
0,1,265,0
0,1,265,0
0,0,265,0
0,0,265,0
3,1,265,0
-1,1,265,0
-2,1,265,1
-2,0,265,0
-3,1,265,0
3,1,265,0
2,1,265,0
-2,1,265,0
-2,0,265,0
1,0,265,1
3,1,265,0
-3,1,265,0
1,1,265,0
1,1,265,0
3,1,265,0
1,1,265,0
2,1,265,0
1,1,265,0
-4,1,265,0
-2,0,265,0
0,1,265,0
-2,1,265,0
-2,1,265,0
5,1,265,1
3,1,265,0
4,1,265,0
4,1,265,0
0,0,266,0
0,1,266,0
0,0,266,0
0,1,266,0
0,1,266,0
0,1,266,0
-3,1,266,0
2,1,266,0
2,1,266,0
3,1,266,0
2,0,266,0
-4,1,266,0
-1,1,266,0
-3,0,266,0
-3,1,266,0
1,1,266,1
3,1,266,0
1,1,266,0
-1,1,266,0
-4,0,266,1
-3,1,266,0
0,1,266,0
4,1,266,0
5,0,266,0
4,0,266,0
-2,1,266,0
3,0,266,0
-2,1,266,0
0,1,266,0
0,0,267,0
0,0,267,0
0,1,267,0
0,0,267,0
0,0,267,0
0,0,267,0
0,1,267,0
0,0,267,0
0,1,267,0
-3,1,267,0
-1,0,267,0
0,1,267,0
-2,1,267,0
-1,0,267,1
5,1,267,0
2,1,267,0
-2,1,267,0
-4,1,267,0
1,1,267,1
3,1,267,0
2,1,267,0
1,1,267,0
3,1,267,0
-2,1,267,0
0,1,267,0
0,0,267,1
4,1,267,0
3,1,267,0
4,0,267,1
2,1,267,1
4,1,267,0
5,1,267,0
4,1,267,1
2,0,267,1
4,1,267,0
3,1,267,0
4,1,267,0
0,1,268,0
0,0,268,0
0,1,268,0
0,0,268,0
0,0,268,0
0,1,268,0
-3,1,268,0
2,0,268,0
-1,1,268,0
-1,1,268,0
0,1,268,0
1,0,268,0
-2,0,268,0
0,1,268,0
3,1,268,0
-2,1,268,1
-1,1,268,0
0,1,268,0
1,1,268,0
4,0,268,0
3,1,268,0
1,1,268,0
-1,1,268,1
2,1,268,1
4,1,268,0
-3,1,268,0
-1,1,268,0
2,1,268,0
0,1,268,0
3,1,268,0
4,1,268,0
-1,1,268,0
0,1,268,0
0,1,268,0
2,1,268,0
3,1,268,0
2,1,268,0
2,1,268,0
0,0,270,0
0,1,270,0
0,1,270,0
0,0,270,0
0,0,270,0
3,1,270,0
2,0,270,0
5,1,270,0
0,1,270,0
-1,1,270,0
-1,1,270,0
-1,1,270,0
0,1,270,0
3,1,270,0
2,1,270,0
2,1,270,0
3,1,270,0
0,1,270,0
3,1,270,0
3,1,270,1
-1,1,270,0
4,1,270,0
2,1,270,0
3,0,270,0
3,1,270,0
2,1,270,0
1,1,270,0
0,0,272,0
0,0,272,0
0,0,272,0
-1,0,272,0
-2,1,272,0
0,1,272,0
3,0,272,0
4,1,272,0
-2,1,272,0
0,1,272,0
5,1,272,0
-2,1,272,0
-1,1,272,0
3,0,272,0
1,1,272,0
3,0,272,0
5,0,272,0
-1,1,272,0
2,1,272,0
4,0,272,0
-2,0,272,0
-2,1,272,0
3,0,272,0
0,1,272,0
0,1,272,0
3,1,272,1
2,1,272,0
1,0,272,0
2,1,272,0
0,1,273,0
0,1,273,0
0,1,273,0
5,1,273,0
1,1,273,0
1,1,273,0
3,1,273,0
2,1,273,0
1,1,273,0
-4,1,273,0
0,1,273,0
2,0,273,0
2,1,273,0
4,1,273,0
-2,1,273,0
0,1,273,0
-4,0,273,1
5,1,273,0
4,1,273,0
4,0,273,0
3,1,273,0
4,1,273,0
-3,1,273,0
3,0,273,0
0,0,273,0
2,1,273,0
1,1,273,0
-3,1,273,0
-3,1,273,0
-3,1,273,0
1,0,273,0
2,1,273,0
1,0,273,0
2,1,273,0
0,1,274,0
0,0,274,0
0,0,274,0
0,0,274,0
0,1,274,0
0,0,274,0
0,1,274,0
0,1,274,0
-3,1,274,0
-2,1,274,0
-1,1,274,0
1,1,274,0
-3,1,274,0
3,1,274,1
3,0,274,0
1,1,274,0
4,1,274,0
-2,1,274,0
0,0,274,0
-4,0,274,0
3,1,274,0
0,1,274,0
3,0,274,0
0,1,274,0
1,1,274,0
1,1,274,0
-1,1,274,0
0,0,274,0
-1,1,274,0
0,1,275,0
0,1,275,0
0,1,275,0
4,1,275,0
4,1,275,0
4,1,275,0
3,1,275,0
3,1,275,1
1,0,275,0
1,0,275,0
2,1,275,0
2,1,275,0
4,1,275,0
5,1,275,0
2,1,275,0
3,1,275,0
3,1,275,0
2,1,275,0
-1,1,275,0
-3,1,275,0
-2,1,275,0
1,1,275,0
-3,1,275,0
-1,1,275,0
-3,1,275,0
-3,0,275,1
-4,1,275,0
1,1,275,0
3,1,275,0
1,1,275,0
0,1,276,0
0,1,276,0
0,1,276,0
1,0,276,0
-4,1,276,0
-3,1,276,0
1,1,276,0
-2,0,276,0
-1,0,276,0
1,1,276,0
5,1,276,0
2,1,276,1
3,1,276,0
3,1,276,0
3,1,276,0
3,1,276,0
4,1,276,0
2,1,276,0
-2,0,276,0
1,1,276,0
4,1,276,0
4,1,276,0
3,1,276,1
-4,0,276,0
0,1,279,0
0,1,279,0
0,1,279,0
0,1,279,0
0,0,279,0
3,1,279,0
0,1,279,1
1,1,279,1
2,1,279,1
3,1,279,0
-2,1,279,0
2,1,279,0
3,1,279,0
2,1,279,0
1,1,279,0
-3,0,279,0
2,0,279,0
3,1,279,0
4,1,279,0
-3,0,279,0
-3,0,279,0
1,1,279,0
2,1,279,1
3,1,279,0
-1,0,279,0
2,1,279,0
-2,0,279,0
-3,1,279,1
3,1,279,0
0,1,279,0
-4,0,279,0
0,1,281,0
0,0,281,0
0,1,281,0
0,1,281,0
0,1,281,0
0,1,281,0
0,1,281,0
-2,0,281,0
0,1,281,0
2,1,281,0
-3,1,281,0
-1,0,281,1
3,1,281,0
-3,1,281,0
-1,0,281,0
1,1,281,0
2,1,281,0
4,1,281,0
2,1,281,0
3,1,281,0
1,1,281,0
0,1,281,0
0,1,281,0
5,1,281,1
5,1,281,0
2,1,281,1
2,1,281,0
-2,1,281,0
1,1,281,1
0,1,281,0
2,1,281,0
-1,1,281,0
1,1,281,0
1,1,281,0
-3,0,281,0
-2,1,281,0
0,0,282,0
0,1,282,0
0,1,282,0
3,1,282,0
4,1,282,0
-2,0,282,0
1,0,282,0
-1,1,282,0
3,1,282,0
3,0,282,0
-2,0,282,0
0,0,282,0
2,1,282,0
4,1,282,0
5,1,282,1
1,0,282,1
1,1,282,0
-3,0,282,0
2,1,282,0
3,1,282,0
0,1,282,0
2,1,282,0
4,1,282,0
3,1,282,0
1,1,282,0
3,1,282,0
4,1,282,0
3,1,282,0
2,1,282,0
1,1,282,0
-1,1,282,1
0,1,284,0
0,0,284,0
0,0,284,0
0,1,284,0
0,1,284,0
0,0,284,0
0,0,284,0
0,1,284,0
2,1,284,0
3,1,284,0
-1,1,284,0
-3,1,284,0
-3,1,284,0
-4,1,284,0
-4,1,284,0
4,1,284,0
4,1,284,0
-3,0,284,0
3,1,284,0
2,1,284,0
4,1,284,0
-3,1,284,0
-3,1,284,1
0,1,284,0
0,1,284,0
2,1,284,0
1,1,284,1
-2,1,284,0
0,1,285,0
0,1,285,0
3,0,285,0
-1,1,285,0
4,1,285,0
4,1,285,0
4,1,285,0
5,1,285,0
2,1,285,0
4,1,285,1
2,1,285,0
1,0,285,0
3,1,285,0
0,1,285,0
3,0,285,0
-1,1,285,0
3,1,285,0
1,1,285,0
-3,1,285,0
3,0,285,0
-4,0,285,0
2,1,285,0
2,0,285,1
4,1,285,0
3,0,285,0
-3,0,285,0
0,0,286,0
0,0,286,0
0,1,286,0
-3,1,286,0
4,1,286,0
-3,1,286,0
5,0,286,0
-3,1,286,0
-1,0,286,0
-4,0,286,1
1,1,286,0
2,1,286,0
4,1,286,1
3,1,286,0
5,1,286,0
0,1,286,1
1,1,286,0
3,1,286,0
3,1,286,0
2,1,286,0
4,1,286,0
3,1,286,0
5,1,286,0
5,0,286,0
0,1,286,0
3,1,286,0
0,0,287,0
0,1,287,0
0,1,287,0
0,0,287,0
0,1,287,0
0,1,287,0
0,0,287,0
3,1,287,0
3,1,287,0
3,0,287,0
1,0,287,1
1,1,287,0
1,1,287,0
2,0,287,0
-1,0,287,1
-2,1,287,0
3,1,287,0
1,1,287,0
1,1,287,0
2,1,287,0
3,0,287,0
4,1,287,0
-1,1,287,0
-2,0,287,0
-3,1,287,0
-2,1,287,1
-1,1,287,0
1,1,287,0
3,1,287,0
5,1,287,0
3,1,287,0
3,1,287,0
1,1,287,0
4,1,287,0
0,1,287,0
0,1,288,0
0,0,288,0
0,0,288,0
0,0,288,0
0,1,288,0
0,0,288,0
0,1,288,0
-2,1,288,0
2,1,288,0
-2,1,288,0
2,1,288,0
-4,0,288,0
-1,1,288,0
2,0,288,0
-2,0,288,1
-2,1,288,0
0,1,288,0
3,1,288,0
3,0,288,0
-1,1,288,0
-1,1,288,0
-1,1,288,0
-3,1,288,0
2,0,288,0
4,1,288,0
-2,1,288,0
0,1,288,0
0,1,288,0
2,1,288,0
