-3,1,1,1
1,0,1,1
-2,0,1,1
4,1,1,1
1,0,1,1
5,1,1,1
0,0,1,1
5,0,1,1
-2,1,1,1
-3,0,1,1
-3,0,1,1
5,1,1,1
-2,1,1,1
-1,0,1,1
1,1,1,1
-1,0,1,1
2,1,2,1
4,0,2,1
3,0,2,1
-1,0,2,1
-4,1,2,1
-4,1,2,1
3,1,2,1
-2,1,2,1
-3,1,2,1
0,0,2,1
0,0,2,1
0,0,2,1
1,0,2,1
4,1,2,1
1,1,2,1
4,1,2,1
-1,0,2,1
2,1,2,1
0,0,2,1
2,1,2,1
1,1,3,1
-2,1,3,1
1,1,3,1
-4,1,3,1
-4,0,3,1
1,0,3,1
1,1,3,1
0,1,3,1
1,1,3,1
5,1,3,1
-1,1,3,1
-4,1,3,1
-4,1,3,1
-1,1,3,1
2,1,3,1
-3,1,3,1
-4,0,3,1
-1,0,3,1
3,0,3,1
0,1,3,1
4,1,4,1
1,0,4,1
0,0,4,1
-2,1,4,1
-3,0,4,1
3,1,4,1
-2,1,4,1
-2,0,4,1
4,1,4,1
-3,1,4,1
-3,1,4,1
-2,1,4,1
2,1,4,1
3,1,4,1
1,1,4,1
4,1,4,1
4,1,4,1
-3,1,4,1
-1,0,4,1
1,1,6,1
0,1,6,1
-1,1,6,1
3,1,6,1
0,1,6,1
1,1,6,1
-3,1,6,1
-2,1,6,1
3,1,6,1
-1,0,6,1
4,1,6,1
-3,1,6,1
3,1,6,1
0,1,6,1
2,1,6,1
-3,0,6,1
-4,1,6,1
5,1,6,1
1,1,6,1
5,1,6,1
2,0,7,1
-2,1,7,1
-3,1,7,1
1,1,7,1
4,0,7,1
0,1,7,1
2,0,7,1
-3,1,7,1
-1,0,7,1
5,0,7,1
1,0,7,1
3,1,7,1
5,0,7,1
1,1,7,1
3,1,7,1
4,1,7,1
3,1,7,1
0,1,7,1
-4,1,7,1
4,0,7,1
-3,0,9,1
3,0,9,1
1,0,9,1
3,0,9,1
2,0,9,1
2,0,9,1
-3,1,9,1
4,0,9,1
4,0,9,1
1,0,9,1
-1,0,9,1
-2,0,9,1
1,0,9,1
0,0,9,1
0,0,9,1
-1,0,9,1
2,1,9,1
3,0,9,1
-1,0,9,1
-2,1,10,1
-3,1,10,1
-4,1,10,1
-2,1,10,1
-1,1,10,1
-1,1,10,1
-4,1,10,1
-3,1,10,1
-2,1,10,1
5,1,10,1
2,1,10,1
4,1,10,1
0,1,10,1
-1,1,10,1
3,0,10,1
-1,1,10,1
-2,0,10,1
-1,0,10,1
-4,1,10,1
3,1,10,1
0,0,11,1
2,0,11,1
2,1,11,1
5,0,11,1
2,1,11,1
2,0,11,1
3,0,11,1
3,1,11,1
4,0,11,1
0,0,11,1
-2,0,11,1
-3,0,11,1
-4,1,11,1
-2,0,11,1
-3,1,11,1
-2,1,11,1
0,1,11,1
-1,1,11,1
-3,1,12,1
3,0,12,1
-1,0,12,1
4,0,12,1
-4,0,12,1
-4,1,12,1
-1,1,12,1
-2,0,12,1
-2,0,12,1
1,0,12,1
-3,0,12,1
3,0,12,1
5,0,12,1
2,1,12,1
0,0,12,1
-4,0,12,1
1,1,12,1
1,1,12,1
0,1,12,1
-1,0,12,1
-1,0,15,1
-3,0,15,1
-1,0,15,1
0,0,15,1
3,0,15,1
3,0,15,1
0,0,15,1
0,0,15,1
1,0,15,1
1,1,15,1
-2,0,15,1
-4,0,15,1
-1,0,15,1
3,0,15,1
4,0,15,1
1,0,15,1
2,0,15,1
2,0,15,1
-1,0,15,1
-2,0,16,1
1,1,16,1
-4,1,16,1
3,1,16,1
-3,0,16,1
2,1,16,1
3,0,16,1
5,1,16,1
-1,1,16,1
-3,0,16,1
-4,0,16,1
5,1,16,1
3,1,16,1
-3,0,16,1
-2,1,16,1
-2,1,16,1
-4,0,16,1
-2,0,16,1
-3,0,16,1
-3,0,16,1
-3,1,17,1
2,0,17,1
5,0,17,1
0,1,17,1
-2,1,17,1
-3,1,17,1
4,0,17,1
4,0,17,1
4,0,17,1
-1,1,17,1
-1,0,17,1
3,0,17,1
-1,0,17,1
-3,0,17,1
-2,0,17,1
-4,0,17,1
-2,1,17,1
-4,0,17,1
-2,0,17,1
-3,1,17,1
-2,1,18,1
3,0,18,1
-4,1,18,1
2,1,18,1
4,0,18,1
-2,1,18,1
-3,0,18,1
4,1,18,1
-2,0,18,1
-4,1,18,1
1,1,18,1
-1,0,18,1
2,1,18,1
4,1,18,1
-3,1,18,1
0,1,18,1
1,1,18,1
0,0,18,1
-3,0,18,1
3,0,18,1
2,1,19,1
1,0,19,1
2,0,19,1
-4,0,19,1
0,0,19,1
0,0,19,1
4,0,19,1
3,0,19,1
4,0,19,1
-3,1,19,1
2,1,19,1
-2,0,19,1
5,0,19,1
-1,1,19,1
1,1,19,1
1,0,19,1
-1,0,19,1
5,1,19,1
4,1,19,1
1,0,19,1
1,0,20,1
-1,0,20,1
5,1,20,1
4,0,20,1
3,0,20,1
5,0,20,1
4,1,20,1
0,1,20,1
-2,0,20,1
-1,0,20,1
-3,1,20,1
-1,1,20,1
0,0,20,1
5,1,20,1
2,0,20,1
1,0,20,1
-1,1,20,1
-2,0,20,1
2,1,20,1
0,1,20,1
-1,1,21,1
-4,1,21,1
0,1,21,1
-3,1,21,1
1,1,21,1
-3,1,21,1
2,1,21,1
-4,0,21,1
-3,0,21,1
3,1,21,1
4,1,21,1
-1,1,21,1
1,1,21,1
-1,1,21,1
5,1,21,1
-3,1,21,1
3,1,21,1
3,1,21,1
5,1,21,1
3,1,21,1
4,1,22,1
0,1,22,1
-3,0,22,1
-1,0,22,1
-1,0,22,1
-1,0,22,1
4,1,22,1
-2,0,22,1
-2,0,22,1
-1,1,22,1
4,1,22,1
0,0,22,1
-3,1,22,1
3,0,22,1
-2,0,22,1
2,0,22,1
-2,1,22,1
-1,1,22,1
-1,1,22,1
1,1,22,1
3,1,23,1
-3,0,23,1
0,0,23,1
-1,0,23,1
4,0,23,1
1,0,23,1
-3,0,23,1
1,0,23,1
-1,0,23,1
0,1,23,1
-3,0,23,1
-2,0,23,1
-1,1,23,1
-4,1,23,1
1,0,23,1
-1,0,23,1
-3,0,23,1
-3,0,23,1
-2,1,23,1
1,0,23,1
2,0,24,1
-3,1,24,1
-4,1,24,1
-3,1,24,1
0,1,24,1
2,0,24,1
5,1,24,1
2,1,24,1
1,0,24,1
-1,1,24,1
4,1,24,1
3,0,24,1
1,1,24,1
5,1,24,1
0,1,24,1
0,1,24,1
4,1,24,1
4,1,24,1
-1,0,24,1
-2,1,24,1
0,1,25,1
4,1,25,1
4,1,25,1
0,1,25,1
-2,0,25,1
1,1,25,1
-1,0,25,1
-2,0,25,1
0,0,25,1
0,1,25,1
-1,0,25,1
3,1,25,1
-2,1,25,1
0,1,25,1
0,1,25,1
3,1,25,1
1,0,25,1
4,1,25,1
0,1,25,1
3,1,25,1
1,0,26,1
-3,1,26,1
1,0,26,1
5,0,26,1
1,0,26,1
-1,0,26,1
-1,0,26,1
5,1,26,1
-1,0,26,1
1,1,26,1
-1,0,26,1
1,0,26,1
-3,0,26,1
5,0,26,1
-2,0,26,1
-2,0,26,1
1,1,26,1
3,1,26,1
-3,1,26,1
2,0,26,1
1,0,27,1
2,1,27,1
3,1,27,1
1,0,27,1
-1,1,27,1
2,1,27,1
0,1,27,1
-3,0,27,1
0,0,27,1
-1,1,27,1
3,1,27,1
3,0,27,1
3,0,27,1
2,1,27,1
-3,1,27,1
1,1,27,1
-2,1,27,1
-3,1,27,1
2,0,27,1
-4,0,27,1
-4,1,28,1
2,1,28,1
0,1,28,1
4,0,28,1
-1,1,28,1
-1,1,28,1
5,1,28,1
3,1,28,1
3,1,28,1
4,1,28,1
3,0,28,1
-4,0,28,1
0,1,28,1
3,0,28,1
4,0,28,1
-2,0,28,1
2,1,28,1
2,0,28,1
-4,1,28,1
2,1,28,1
2,0,29,1
1,0,29,1
-3,0,29,1
2,0,29,1
2,0,29,1
2,0,29,1
2,0,29,1
3,0,29,1
0,0,29,1
-4,1,29,1
-2,1,29,1
-4,1,29,1
0,0,29,1
2,0,29,1
0,1,29,1
0,1,29,1
-3,1,29,1
-2,1,29,1
-3,1,29,1
-1,1,29,1
-4,1,30,1
1,1,30,1
-3,1,30,1
1,1,30,1
4,1,30,1
-4,1,30,1
1,1,30,1
-1,1,30,1
3,1,30,1
-3,1,30,1
0,1,30,1
4,1,30,1
5,0,30,1
-2,1,30,1
-2,1,30,1
1,1,30,1
-2,1,30,1
1,0,30,1
5,1,32,1
1,1,32,1
1,1,32,1
4,1,32,1
-3,0,32,1
-3,1,32,1
-3,0,32,1
2,1,32,1
3,1,32,1
1,0,32,1
1,1,32,1
3,0,32,1
-2,1,32,1
2,1,32,1
-1,0,32,1
4,1,32,1
0,1,32,1
0,1,32,1
5,1,32,1
4,1,32,1
3,0,33,1
4,0,33,1
2,0,33,1
-3,0,33,1
-3,0,33,1
0,0,33,1
4,0,33,1
2,1,33,1
2,1,33,1
3,0,33,1
0,1,33,1
-2,1,33,1
-3,0,33,1
-4,1,33,1
1,1,33,1
0,0,33,1
-4,0,33,1
0,0,33,1
0,0,33,1
0,0,33,1
1,0,35,1
4,1,35,1
2,1,35,1
5,1,35,1
5,0,35,1
4,0,35,1
1,1,35,1
4,1,35,1
2,0,35,1
-1,0,35,1
-3,1,35,1
4,1,35,1
3,0,35,1
4,0,35,1
0,1,35,1
2,0,35,1
-2,1,35,1
2,0,35,1
4,1,36,1
1,1,36,1
2,1,36,1
1,0,36,1
0,1,36,1
3,0,36,1
4,0,36,1
-3,0,36,1
1,1,36,1
-1,1,36,1
-3,0,36,1
-3,1,36,1
0,0,36,1
3,1,36,1
-2,1,36,1
2,0,36,1
-3,1,36,1
4,1,36,1
3,1,36,1
-2,1,36,1
4,0,37,1
-1,1,37,1
2,1,37,1
1,0,37,1
3,1,37,1
2,1,37,1
3,0,37,1
2,1,37,1
5,0,37,1
3,0,37,1
3,0,37,1
1,0,37,1
3,1,37,1
2,1,37,1
0,1,37,1
-2,0,37,1
3,0,37,1
1,0,37,1
1,1,37,1
1,1,37,1
0,1,38,1
3,1,38,1
-3,1,38,1
-1,1,38,1
5,0,38,1
0,1,38,1
-1,0,38,1
1,1,38,1
3,1,38,1
-2,1,38,1
-3,0,38,1
0,0,38,1
-3,1,38,1
3,1,38,1
3,0,38,1
-4,0,38,1
-3,0,38,1
-1,0,38,1
-3,1,38,1
-4,1,38,1
3,0,39,1
4,1,39,1
0,1,39,1
0,0,39,1
-3,1,39,1
1,0,39,1
1,0,39,1
-3,1,39,1
-2,0,39,1
-3,1,39,1
0,1,39,1
3,1,39,1
3,1,39,1
4,1,39,1
4,1,39,1
-1,0,39,1
3,0,39,1
3,0,39,1
0,1,39,1
2,0,39,1
-2,1,40,1
4,0,40,1
3,1,40,1
3,0,40,1
5,1,40,1
-2,1,40,1
1,0,40,1
-4,0,40,1
-2,1,40,1
2,1,40,1
-1,0,40,1
-1,1,40,1
0,1,40,1
1,0,40,1
4,1,40,1
2,0,40,1
0,1,40,1
4,0,40,1
2,1,40,1
4,1,40,1
-4,0,42,1
-2,1,42,1
5,0,42,1
2,0,42,1
0,0,42,1
0,0,42,1
-3,1,42,1
4,0,42,1
3,0,42,1
5,0,42,1
-4,1,42,1
2,1,42,1
3,0,42,1
4,0,42,1
-2,0,42,1
-3,0,42,1
5,0,42,1
-3,1,42,1
-4,0,42,1
-4,0,42,1
-1,0,43,1
3,1,43,1
4,1,43,1
-2,1,43,1
4,0,43,1
4,0,43,1
2,0,43,1
-1,1,43,1
-2,0,43,1
-3,1,43,1
-2,1,43,1
-1,0,43,1
2,1,43,1
3,0,43,1
3,0,43,1
3,1,43,1
5,1,43,1
1,0,43,1
1,0,43,1
-3,0,43,1
4,0,44,1
-2,0,44,1
-3,1,44,1
0,1,44,1
-2,1,44,1
3,1,44,1
-1,1,44,1
1,1,44,1
2,1,44,1
0,0,44,1
-4,0,44,1
0,0,44,1
1,1,44,1
1,1,44,1
4,1,44,1
-1,1,44,1
-3,1,44,1
4,1,44,1
4,1,46,1
0,1,46,1
2,0,46,1
-3,1,46,1
-1,1,46,1
2,1,46,1
1,1,46,1
0,1,46,1
4,1,46,1
-1,0,46,1
4,1,46,1
-3,1,46,1
-3,0,46,1
-2,0,46,1
3,0,46,1
-1,0,46,1
5,0,46,1
-3,0,46,1
4,1,46,1
4,1,46,1
-2,0,48,1
0,0,48,1
-2,0,48,1
4,1,48,1
0,0,48,1
-4,1,48,1
-2,0,48,1
4,1,48,1
-3,1,48,1
-4,1,48,1
1,1,48,1
5,1,48,1
4,1,48,1
1,0,48,1
2,1,48,1
1,0,48,1
3,0,48,1
2,0,48,1
4,0,48,1
-3,1,48,1
-1,1,50,1
-3,1,50,1
-1,1,50,1
5,1,50,1
1,1,50,1
-4,1,50,1
2,1,50,1
0,1,50,1
1,1,50,1
3,1,50,1
-4,1,50,1
-2,1,50,1
-3,1,50,1
-1,1,50,1
0,0,50,1
1,0,50,1
3,1,50,1
-3,0,50,1
2,0,50,1
1,0,50,1
0,1,51,1
-3,1,51,1
1,1,51,1
-2,0,51,1
3,0,51,1
3,1,51,1
-3,0,51,1
4,1,51,1
0,0,51,1
1,1,51,1
5,1,51,1
0,0,51,1
-3,1,51,1
-1,0,51,1
-1,1,51,1
0,1,51,1
-3,0,51,1
0,1,51,1
1,1,51,1
-3,1,51,1
2,1,52,1
2,1,52,1
4,0,52,1
4,0,52,1
-1,0,52,1
2,0,52,1
-2,1,52,1
-1,0,52,1
-4,0,52,1
3,0,52,1
-2,0,52,1
-3,1,52,1
-4,0,52,1
-3,1,52,1
-2,1,52,1
1,0,52,1
-4,1,53,1
4,1,53,1
0,0,53,1
1,1,53,1
3,1,53,1
4,0,53,1
2,1,53,1
3,1,53,1
-3,1,53,1
-1,0,53,1
-1,1,53,1
-2,0,53,1
-1,1,53,1
-3,1,53,1
4,0,53,1
5,1,53,1
-4,1,53,1
0,1,53,1
0,1,53,1
-4,0,53,1
1,1,54,1
0,0,54,1
-1,0,54,1
0,1,54,1
-4,0,54,1
-1,0,54,1
-2,0,54,1
-3,0,54,1
-3,0,54,1
1,1,54,1
5,0,54,1
-2,0,54,1
0,0,54,1
4,0,54,1
4,0,54,1
1,0,54,1
4,1,54,1
5,0,54,1
3,1,54,1
4,0,54,1
2,1,55,1
-4,0,55,1
-1,1,55,1
0,0,55,1
-1,1,55,1
3,0,55,1
2,0,55,1
-1,1,55,1
-3,1,55,1
0,1,55,1
-3,0,55,1
0,1,55,1
3,1,55,1
2,1,55,1
0,0,55,1
0,1,55,1
4,1,55,1
5,0,55,1
-2,1,55,1
2,1,55,1
-2,1,56,1
-1,1,56,1
-4,0,56,1
0,1,56,1
3,1,56,1
0,1,56,1
2,1,56,1
3,1,56,1
4,1,56,1
1,1,56,1
-2,1,56,1
-3,1,56,1
1,1,56,1
1,1,56,1
2,1,56,1
-2,1,56,1
-4,1,56,1
-2,1,56,1
1,1,56,1
2,1,57,1
3,1,57,1
3,1,57,1
2,0,57,1
4,1,57,1
-2,1,57,1
2,0,57,1
-3,1,57,1
0,0,57,1
-1,1,57,1
3,0,57,1
5,1,57,1
2,0,57,1
1,1,57,1
0,0,57,1
-3,1,57,1
-4,0,57,1
-4,0,57,1
-1,1,59,1
5,1,59,1
4,1,59,1
4,1,59,1
-3,1,59,1
-3,1,59,1
2,1,59,1
5,1,59,1
3,0,59,1
-1,0,59,1
1,1,59,1
0,1,59,1
0,1,59,1
2,1,59,1
-4,1,59,1
-2,1,59,1
1,1,59,1
-1,1,59,1
-4,1,59,1
-4,1,59,1
2,0,60,1
-1,0,60,1
0,0,60,1
-4,0,60,1
-4,0,60,1
0,0,60,1
-1,0,60,1
3,0,60,1
4,0,60,1
4,0,60,1
3,0,60,1
0,0,60,1
-3,1,60,1
2,0,60,1
3,0,60,1
0,0,60,1
4,0,60,1
5,0,60,1
5,0,60,1
4,0,60,1
-2,1,61,1
4,1,61,1
2,0,61,1
-4,0,61,1
2,1,61,1
0,0,61,1
1,1,61,1
4,1,61,1
4,1,61,1
3,1,61,1
4,1,61,1
4,1,61,1
0,0,61,1
-1,1,61,1
0,1,61,1
4,0,61,1
2,0,61,1
1,0,61,1
2,1,61,1
4,1,61,1
-2,0,62,1
4,0,62,1
0,0,62,1
5,0,62,1
4,0,62,1
-1,0,62,1
-1,0,62,1
2,0,62,1
3,0,62,1
0,1,62,1
2,0,62,1
4,0,62,1
-3,1,62,1
-3,1,62,1
0,0,62,1
4,0,62,1
-2,1,62,1
3,0,62,1
3,0,62,1
2,0,62,1
1,1,63,1
2,1,63,1
1,1,63,1
0,0,63,1
-3,0,63,1
-4,0,63,1
5,0,63,1
-1,0,63,1
4,0,63,1
4,0,63,1
1,1,63,1
-4,1,63,1
-4,1,63,1
-3,0,63,1
2,0,63,1
1,0,63,1
-3,0,63,1
-3,1,63,1
2,1,63,1
1,0,63,1
0,0,64,1
-2,1,64,1
3,1,64,1
-3,0,64,1
4,1,64,1
3,1,64,1
-3,1,64,1
-1,0,64,1
2,1,64,1
2,1,64,1
1,1,64,1
-1,1,64,1
-3,1,64,1
3,1,64,1
2,1,64,1
-4,1,64,1
2,1,64,1
2,1,64,1
3,1,64,1
2,0,65,1
1,0,65,1
-2,1,65,1
-4,1,65,1
4,0,65,1
3,1,65,1
5,1,65,1
1,0,65,1
3,0,65,1
-3,1,65,1
-1,0,65,1
-1,1,65,1
2,0,65,1
3,0,65,1
4,0,65,1
-1,0,65,1
1,1,65,1
4,0,65,1
2,0,65,1
1,0,65,1
4,0,66,1
4,0,66,1
3,0,66,1
1,1,66,1
1,0,66,1
2,1,66,1
2,1,66,1
4,0,66,1
3,0,66,1
4,0,66,1
-2,1,66,1
2,1,66,1
0,1,66,1
0,0,66,1
1,1,66,1
-4,1,66,1
4,1,66,1
-4,0,66,1
-4,1,66,1
-3,1,66,1
2,0,67,1
4,1,67,1
1,1,67,1
1,1,67,1
3,0,67,1
4,1,67,1
-2,1,67,1
-4,1,67,1
2,1,67,1
0,1,67,1
-2,1,67,1
-2,0,67,1
1,0,67,1
-3,0,67,1
-3,1,67,1
0,0,67,1
-3,1,67,1
1,0,67,1
5,0,67,1
5,1,67,1
2,0,68,1
-3,0,68,1
-2,0,68,1
-3,1,68,1
2,1,68,1
1,1,68,1
2,1,68,1
4,0,68,1
4,1,68,1
0,0,68,1
-1,0,68,1
3,0,68,1
2,0,68,1
-4,1,68,1
1,1,68,1
5,0,68,1
5,1,68,1
5,0,68,1
3,0,68,1
5,0,68,1
0,0,69,1
3,0,69,1
-1,0,69,1
1,0,69,1
3,1,69,1
-3,1,69,1
5,0,69,1
-1,0,69,1
4,1,69,1
1,0,69,1
4,0,69,1
0,0,69,1
-3,0,69,1
-2,1,69,1
1,1,69,1
3,0,69,1
4,0,69,1
1,1,69,1
2,0,69,1
-4,1,69,1
1,1,70,1
4,1,70,1
3,1,70,1
-4,1,70,1
5,1,70,1
-3,1,70,1
0,1,70,1
-3,1,70,1
-2,1,70,1
-3,0,70,1
-1,1,70,1
0,1,70,1
3,1,70,1
1,1,70,1
4,0,70,1
-2,1,70,1
2,1,70,1
2,1,70,1
1,1,70,1
-2,1,70,1
1,1,71,1
3,1,71,1
2,1,71,1
0,1,71,1
-2,0,71,1
-1,0,71,1
-1,1,71,1
3,1,71,1
4,1,71,1
3,1,71,1
0,1,71,1
-4,0,71,1
-2,1,71,1
-4,0,71,1
2,0,72,1
1,0,72,1
2,0,72,1
1,0,72,1
0,0,72,1
3,0,72,1
-2,1,72,1
1,0,72,1
-3,0,72,1
5,1,72,1
5,0,72,1
3,0,72,1
-3,0,72,1
0,0,72,1
-2,0,72,1
1,0,72,1
-2,0,72,1
4,0,72,1
0,1,72,1
1,1,72,1
4,1,73,1
-4,0,73,1
1,0,73,1
-2,1,73,1
-3,0,73,1
-4,1,73,1
0,0,73,1
-2,1,73,1
-1,1,73,1
-2,0,73,1
0,0,73,1
-4,1,73,1
0,1,73,1
3,1,73,1
-2,0,73,1
1,1,73,1
2,0,73,1
2,0,73,1
5,1,73,1
-4,0,73,1
3,1,75,1
-3,1,75,1
-2,1,75,1
-2,0,75,1
1,0,75,1
4,0,75,1
-2,0,75,1
1,0,75,1
3,0,75,1
0,1,75,1
2,1,75,1
4,1,75,1
-1,0,75,1
1,1,75,1
3,0,75,1
3,0,75,1
2,0,75,1
-2,0,75,1
-4,0,75,1
-2,0,76,1
2,1,76,1
5,1,76,1
-4,0,76,1
0,0,76,1
-2,1,76,1
3,0,76,1
2,1,76,1
0,0,76,1
1,0,76,1
3,0,76,1
-1,1,76,1
2,1,76,1
2,1,76,1
1,0,76,1
1,0,76,1
2,0,77,1
-1,0,77,1
5,0,77,1
3,1,77,1
-1,0,77,1
4,0,77,1
-1,1,77,1
4,0,77,1
0,0,77,1
3,0,77,1
4,0,77,1
3,0,77,1
1,0,77,1
1,0,77,1
-2,0,77,1
-1,1,77,1
-1,1,77,1
0,0,77,1
4,0,77,1
5,1,77,1
0,0,78,1
-3,0,78,1
0,0,78,1
-2,0,78,1
4,1,78,1
-1,0,78,1
2,0,78,1
3,0,78,1
-3,1,78,1
2,0,78,1
3,1,78,1
5,1,78,1
4,0,78,1
3,1,78,1
-4,1,78,1
-3,1,78,1
-1,1,78,1
-3,1,78,1
-4,1,78,1
-3,0,78,1
0,0,79,1
4,0,79,1
-4,1,79,1
2,0,79,1
2,1,79,1
-1,0,79,1
-4,0,79,1
-3,0,79,1
-4,0,79,1
-2,0,79,1
4,0,79,1
4,1,79,1
3,0,79,1
4,0,79,1
2,0,79,1
1,0,79,1
-1,1,80,1
3,1,80,1
1,1,80,1
-1,1,80,1
-3,1,80,1
-1,0,80,1
-1,1,80,1
-2,0,80,1
-2,0,80,1
-4,1,80,1
-1,1,80,1
1,1,80,1
1,1,80,1
0,1,80,1
4,1,80,1
2,1,80,1
3,1,80,1
3,0,80,1
-1,1,80,1
5,0,80,1
3,1,81,1
2,1,81,1
4,0,81,1
2,1,81,1
5,1,81,1
-2,0,81,1
3,0,81,1
4,0,81,1
3,1,81,1
2,1,81,1
1,1,81,1
-2,0,81,1
5,1,81,1
3,1,81,1
-2,1,81,1
1,1,81,1
5,1,81,1
-3,0,81,1
3,1,81,1
-2,0,81,1
1,1,82,1
4,0,82,1
2,0,82,1
-2,0,82,1
-4,1,82,1
-1,0,82,1
-1,1,82,1
5,0,82,1
1,0,82,1
1,0,82,1
4,1,82,1
2,1,82,1
3,1,82,1
5,1,82,1
4,1,82,1
3,1,82,1
-1,1,82,1
-2,0,82,1
-1,1,82,1
-3,1,82,1
2,1,83,1
-1,1,83,1
0,1,83,1
5,1,83,1
2,1,83,1
3,1,83,1
0,1,83,1
-3,1,83,1
-3,1,83,1
3,1,83,1
-3,1,83,1
-2,1,83,1
-4,1,83,1
-3,1,83,1
1,1,83,1
1,0,83,1
0,0,83,1
0,0,83,1
-2,1,83,1
2,1,83,1
3,1,84,1
4,1,84,1
-3,1,84,1
2,1,84,1
5,0,84,1
4,1,84,1
-3,1,84,1
-1,0,84,1
4,1,84,1
-1,0,84,1
-1,0,84,1
-4,1,84,1
1,0,84,1
2,0,84,1
-2,0,84,1
-3,1,84,1
4,1,84,1
3,1,84,1
1,0,84,1
-1,1,85,1
2,1,85,1
-1,1,85,1
-1,1,85,1
2,1,85,1
2,1,85,1
-3,1,85,1
-3,1,85,1
-3,0,85,1
-1,1,85,1
-2,1,85,1
-2,1,85,1
0,1,85,1
-3,1,85,1
2,1,85,1
4,1,85,1
3,1,85,1
4,1,85,1
2,1,85,1
-1,1,85,1
-3,1,86,1
-1,1,86,1
-3,1,86,1
5,1,86,1
-4,1,86,1
-3,1,86,1
2,1,86,1
2,1,86,1
3,1,86,1
-2,1,86,1
2,1,86,1
3,1,86,1
-2,0,86,1
4,1,86,1
4,1,86,1
3,1,86,1
0,0,86,1
-3,1,86,1
-1,1,86,1
4,1,86,1
2,1,88,1
4,1,88,1
4,1,88,1
0,0,88,1
-2,0,88,1
-4,1,88,1
4,0,88,1
1,0,88,1
5,0,88,1
3,0,88,1
2,0,88,1
-3,0,88,1
-1,1,88,1
3,0,88,1
2,1,88,1
3,1,88,1
0,1,88,1
-3,0,88,1
3,1,88,1
5,0,88,1
-3,1,91,1
0,1,91,1
-1,1,91,1
-3,0,91,1
-4,1,91,1
1,1,91,1
1,0,91,1
4,1,91,1
2,1,91,1
-1,1,91,1
-4,1,91,1
2,1,91,1
4,1,91,1
2,1,91,1
2,1,91,1
1,1,91,1
0,0,91,1
-4,0,91,1
3,1,91,1
-1,1,91,1
4,1,92,1
-3,0,92,1
4,1,92,1
-3,1,92,1
3,0,92,1
-1,1,92,1
5,0,92,1
5,1,92,1
4,1,92,1
3,1,92,1
-1,0,92,1
2,1,92,1
-3,1,92,1
2,1,92,1
1,1,92,1
0,1,92,1
0,1,92,1
-1,1,92,1
5,0,92,1
-4,1,92,1
-1,0,94,1
-2,1,94,1
-4,1,94,1
2,1,94,1
2,1,94,1
3,0,94,1
-2,1,94,1
-3,0,94,1
-2,1,94,1
-3,1,94,1
0,1,94,1
4,0,94,1
-4,0,94,1
3,1,94,1
4,0,94,1
3,1,94,1
-3,1,94,1
-1,1,94,1
4,0,94,1
-2,0,94,1
-2,0,95,1
2,0,95,1
2,0,95,1
-4,0,95,1
0,1,95,1
-1,1,95,1
-2,0,95,1
3,0,95,1
-1,0,95,1
4,0,95,1
-4,1,95,1
-1,1,95,1
3,0,95,1
1,0,95,1
-2,1,95,1
2,0,95,1
-1,1,95,1
5,0,95,1
3,0,95,1
-2,0,96,1
2,1,96,1
-2,1,96,1
3,1,96,1
4,0,96,1
5,0,96,1
3,0,96,1
2,0,96,1
-2,1,96,1
0,0,96,1
0,0,96,1
2,0,96,1
2,0,96,1
-3,1,96,1
-2,1,96,1
2,1,96,1
4,0,96,1
0,1,96,1
0,1,96,1
1,0,98,1
5,1,98,1
3,0,98,1
2,1,98,1
0,0,98,1
5,1,98,1
5,1,98,1
5,0,98,1
3,0,98,1
3,0,98,1
4,0,98,1
-1,1,98,1
-3,1,98,1
4,1,98,1
1,0,98,1
0,0,98,1
-2,1,98,1
4,1,98,1
1,1,98,1
-4,1,98,1
1,0,99,1
-3,0,99,1
1,1,99,1
1,1,99,1
3,1,99,1
-2,0,99,1
-2,1,99,1
2,0,99,1
1,0,99,1
-2,1,99,1
4,0,99,1
2,1,99,1
-1,1,99,1
-4,1,99,1
1,1,99,1
1,0,99,1
0,1,99,1
0,0,99,1
-2,0,99,1
-4,0,99,1
5,0,101,1
5,1,101,1
0,1,101,1
3,1,101,1
-4,1,101,1
1,1,101,1
-3,1,101,1
0,1,101,1
4,1,101,1
2,1,101,1
0,1,101,1
0,0,101,1
0,1,101,1
1,1,101,1
0,1,101,1
3,1,101,1
3,1,101,1
-4,1,101,1
1,1,101,1
4,1,101,1
-4,0,102,1
2,0,102,1
3,0,102,1
5,0,102,1
1,1,102,1
4,1,102,1
-1,0,102,1
0,0,102,1
0,0,102,1
-3,1,102,1
-3,1,102,1
0,0,102,1
4,1,102,1
4,0,102,1
-4,1,103,1
-1,1,103,1
0,0,103,1
0,0,103,1
1,0,103,1
3,0,103,1
-4,0,103,1
-2,1,103,1
-3,1,103,1
0,0,103,1
-1,0,103,1
2,1,103,1
-1,0,103,1
0,1,103,1
-3,1,103,1
-4,1,103,1
-1,1,103,1
2,0,103,1
3,0,103,1
4,1,103,1
2,0,105,1
2,0,105,1
4,0,105,1
1,0,105,1
0,0,105,1
-2,0,105,1
3,0,105,1
-3,0,105,1
-3,0,105,1
0,0,105,1
-2,0,105,1
2,0,105,1
0,0,105,1
2,0,105,1
3,0,105,1
4,0,105,1
-3,0,105,1
-4,0,105,1
-4,0,105,1
0,0,106,1
-1,1,106,1
3,1,106,1
1,1,106,1
-4,1,106,1
-1,0,106,1
5,1,106,1
-4,1,106,1
-1,0,106,1
0,0,106,1
-3,0,106,1
-2,1,106,1
2,0,106,1
4,0,106,1
2,0,106,1
-2,1,106,1
-2,0,106,1
-2,0,107,1
4,0,107,1
-2,1,107,1
1,1,107,1
4,1,107,1
2,1,107,1
3,1,107,1
4,1,107,1
3,1,107,1
1,0,107,1
2,1,107,1
3,1,107,1
1,0,107,1
4,0,107,1
-1,1,107,1
3,0,107,1
-2,0,107,1
5,1,107,1
4,1,107,1
-2,1,108,1
3,1,108,1
-3,0,108,1
-2,0,108,1
1,1,108,1
1,1,108,1
0,0,108,1
3,1,108,1
2,1,108,1
-2,1,108,1
1,1,108,1
3,1,108,1
4,1,108,1
2,1,108,1
-1,0,108,1
-1,1,108,1
3,1,108,1
2,1,108,1
1,0,108,1
-1,0,108,1
-3,1,109,1
-1,1,109,1
-2,1,109,1
-2,1,109,1
-2,1,109,1
0,1,109,1
-2,1,109,1
-2,1,109,1
-4,1,109,1
-1,1,109,1
1,1,109,1
0,1,109,1
-2,1,109,1
3,1,109,1
5,1,109,1
5,1,109,1
4,1,109,1
2,1,109,1
1,1,109,1
0,0,109,1
-4,1,111,1
2,1,111,1
3,0,111,1
4,0,111,1
3,1,111,1
-3,0,111,1
1,1,111,1
2,1,111,1
-3,1,111,1
0,1,111,1
-3,0,111,1
-3,1,111,1
-3,0,111,1
2,0,111,1
3,0,111,1
5,1,111,1
4,0,111,1
2,1,111,1
-2,1,111,1
-3,1,111,1
-1,0,112,1
1,0,112,1
4,0,112,1
5,0,112,1
2,0,112,1
0,0,112,1
4,1,112,1
-3,0,112,1
-3,1,112,1
2,1,112,1
5,0,112,1
1,0,112,1
3,1,112,1
3,0,112,1
-1,1,112,1
-2,1,112,1
-3,1,112,1
-1,1,112,1
5,1,112,1
2,1,112,1
0,0,113,1
-4,1,113,1
1,0,113,1
3,0,113,1
4,0,113,1
2,0,113,1
2,0,113,1
-2,0,113,1
0,1,113,1
2,0,113,1
2,0,113,1
0,1,113,1
5,0,113,1
1,1,113,1
0,1,113,1
0,1,113,1
-3,0,113,1
2,0,113,1
-3,1,113,1
4,1,113,1
3,0,114,1
-1,0,114,1
-2,0,114,1
-2,1,114,1
-1,0,114,1
1,0,114,1
-3,1,114,1
1,0,114,1
5,0,114,1
0,0,114,1
-2,0,114,1
4,0,114,1
4,0,114,1
4,0,114,1
-1,1,114,1
0,1,114,1
1,0,114,1
3,0,114,1
-4,1,114,1
-1,1,114,1
-2,0,115,1
1,0,115,1
4,0,115,1
1,0,115,1
1,0,115,1
3,0,115,1
-1,0,115,1
4,0,115,1
1,0,115,1
-2,0,115,1
0,1,115,1
2,1,115,1
1,1,115,1
4,1,115,1
1,0,115,1
-1,1,115,1
4,1,115,1
-4,1,115,1
-1,0,115,1
-3,0,115,1
-1,1,117,1
1,1,117,1
3,0,117,1
2,0,117,1
1,0,117,1
4,0,117,1
-1,1,117,1
4,1,117,1
0,1,117,1
2,0,117,1
2,0,117,1
1,0,117,1
1,0,117,1
-3,0,117,1
-1,1,117,1
-2,1,117,1
3,0,117,1
1,0,117,1
3,1,117,1
5,1,117,1
-3,0,118,1
-3,0,118,1
-3,0,118,1
1,0,118,1
0,0,118,1
2,1,118,1
-3,1,118,1
-2,1,118,1
0,1,118,1
-3,0,118,1
-2,1,118,1
-1,1,118,1
3,1,118,1
-3,1,118,1
-4,1,118,1
2,1,118,1
5,1,118,1
-2,1,118,1
0,1,118,1
2,1,119,1
2,1,119,1
4,1,119,1
1,1,119,1
-2,0,119,1
-3,1,119,1
2,0,119,1
2,1,119,1
3,1,119,1
2,0,119,1
2,0,119,1
-2,1,119,1
4,0,119,1
-2,0,119,1
-3,1,119,1
5,1,119,1
1,0,119,1
-2,0,119,1
-3,1,119,1
-2,0,119,1
4,0,120,1
5,0,120,1
4,0,120,1
-2,0,120,1
4,0,120,1
4,0,120,1
2,1,120,1
1,0,120,1
3,0,120,1
5,1,120,1
3,1,120,1
0,0,120,1
-3,0,120,1
-4,0,120,1
-1,0,120,1
2,1,120,1
-4,1,120,1
-2,1,120,1
-4,0,120,1
3,1,120,1
-3,1,121,1
-2,1,121,1
-1,1,121,1
2,1,121,1
1,0,121,1
5,0,121,1
-2,0,121,1
3,0,121,1
-4,0,121,1
-2,0,121,1
3,0,121,1
3,1,121,1
3,0,121,1
5,0,121,1
4,0,121,1
0,0,121,1
0,0,121,1
-3,1,121,1
-3,0,121,1
-2,0,121,1
2,0,122,1
0,1,122,1
2,1,122,1
0,0,122,1
2,0,122,1
-1,1,122,1
3,0,122,1
4,0,122,1
4,0,122,1
1,1,122,1
1,0,122,1
-1,0,122,1
5,0,122,1
-2,1,122,1
4,0,122,1
2,1,122,1
-2,1,122,1
-3,1,122,1
-3,1,122,1
-2,1,122,1
-3,0,123,1
3,0,123,1
3,0,123,1
4,1,123,1
2,0,123,1
-3,0,123,1
2,0,123,1
-1,0,123,1
-3,0,123,1
0,0,123,1
0,0,123,1
1,0,123,1
3,0,123,1
1,0,123,1
4,1,123,1
1,0,123,1
5,0,123,1
3,1,123,1
0,1,123,1
-4,1,123,1
-3,1,124,1
4,1,124,1
0,0,124,1
1,0,124,1
2,1,124,1
2,0,124,1
-1,0,124,1
4,1,124,1
4,0,124,1
3,0,124,1
5,0,124,1
4,0,124,1
-1,0,124,1
1,0,124,1
0,0,124,1
-2,1,124,1
5,0,124,1
-1,0,124,1
-2,1,124,1
1,1,124,1
1,1,125,1
-3,1,125,1
-4,1,125,1
3,0,125,1
2,1,125,1
2,1,125,1
1,1,125,1
5,1,125,1
4,1,125,1
0,0,125,1
-2,1,125,1
4,1,125,1
2,1,125,1
0,1,125,1
2,1,125,1
3,0,125,1
4,1,125,1
0,1,125,1
-1,0,125,1
3,1,125,1
-2,1,126,1
-4,0,126,1
-2,1,126,1
5,1,126,1
1,1,126,1
0,1,126,1
-1,1,126,1
-1,1,126,1
-3,0,126,1
5,1,126,1
3,1,126,1
0,1,126,1
3,1,126,1
-3,1,126,1
-1,1,126,1
-1,0,126,1
-4,1,126,1
3,1,126,1
-2,0,126,1
5,1,126,1
3,1,127,1
0,0,127,1
0,0,127,1
3,1,127,1
1,1,127,1
1,0,127,1
3,0,127,1
2,0,127,1
3,1,127,1
1,1,127,1
3,1,127,1
1,1,127,1
0,1,127,1
-1,1,127,1
-3,1,127,1
-3,1,127,1
3,1,127,1
0,1,127,1
4,0,127,1
3,1,127,1
1,0,128,1
-2,0,128,1
-2,0,128,1
-3,0,128,1
-1,0,128,1
-3,0,128,1
3,0,128,1
2,0,128,1
1,0,128,1
3,0,128,1
4,0,128,1
1,0,128,1
3,0,128,1
1,0,128,1
-2,0,128,1
3,0,128,1
4,1,128,1
-2,0,129,1
4,1,129,1
3,1,129,1
-1,1,129,1
2,0,129,1
4,0,129,1
-1,1,129,1
0,1,129,1
2,0,129,1
-2,0,129,1
-3,1,129,1
-3,0,129,1
3,1,129,1
3,1,129,1
4,0,129,1
2,1,129,1
4,0,129,1
0,1,129,1
1,1,129,1
-3,0,129,1
-4,1,130,1
-3,1,130,1
-1,1,130,1
0,1,130,1
1,0,130,1
0,0,130,1
2,1,130,1
4,1,130,1
2,1,130,1
4,1,130,1
-3,1,130,1
-3,1,130,1
4,1,130,1
-1,1,130,1
0,1,130,1
1,0,130,1
-2,1,130,1
-3,0,130,1
3,1,130,1
0,1,130,1
2,1,132,1
2,0,132,1
3,0,132,1
4,1,132,1
-1,0,132,1
-3,1,132,1
3,0,132,1
3,0,132,1
0,1,132,1
-2,1,132,1
3,0,132,1
-1,1,132,1
1,0,132,1
-4,0,132,1
1,0,132,1
-1,0,134,1
1,0,134,1
1,0,134,1
-4,0,134,1
-2,0,134,1
0,0,134,1
2,0,134,1
4,0,134,1
-4,0,134,1
-3,0,134,1
4,0,134,1
2,0,134,1
-3,0,134,1
-4,0,134,1
-4,0,134,1
4,0,134,1
-2,1,134,1
2,0,134,1
2,0,134,1
-1,0,134,1
1,1,135,1
1,0,135,1
0,0,135,1
-2,0,135,1
-2,0,135,1
-2,0,135,1
2,0,135,1
1,1,135,1
3,0,135,1
-1,1,135,1
-1,1,135,1
-3,0,135,1
1,1,135,1
-4,1,135,1
4,0,135,1
-1,1,135,1
0,0,135,1
-2,0,135,1
0,1,135,1
3,0,135,1
2,0,136,1
4,0,136,1
3,0,136,1
1,0,136,1
4,0,136,1
0,0,136,1
-3,0,136,1
-4,0,136,1
-4,1,136,1
2,0,136,1
3,0,136,1
1,0,136,1
-2,0,136,1
-1,1,136,1
1,0,136,1
5,1,136,1
2,0,136,1
-2,1,136,1
-3,0,136,1
0,0,136,1
1,1,137,1
-1,0,137,1
0,1,137,1
-1,1,137,1
0,0,137,1
4,0,137,1
-4,0,137,1
0,1,137,1
-2,0,137,1
1,0,137,1
-4,1,137,1
-3,1,137,1
5,1,137,1
4,1,137,1
3,1,137,1
5,1,137,1
-2,1,137,1
-1,0,137,1
4,1,137,1
-3,1,137,1
4,0,138,1
2,1,138,1
1,1,138,1
-1,1,138,1
-2,0,138,1
-1,0,138,1
-3,1,138,1
-3,1,138,1
2,1,138,1
1,0,138,1
-1,0,138,1
-2,0,138,1
1,1,138,1
-1,1,138,1
-3,1,138,1
0,1,138,1
1,0,138,1
2,0,138,1
1,0,138,1
0,0,138,1
1,0,139,1
-2,1,139,1
-4,1,139,1
2,0,139,1
3,0,139,1
4,1,139,1
2,0,139,1
3,0,139,1
3,0,139,1
1,0,139,1
-3,0,139,1
-1,1,139,1
-1,1,139,1
0,0,139,1
2,0,139,1
-3,1,139,1
-3,0,139,1
-2,0,139,1
2,1,139,1
3,1,139,1
-2,0,140,1
4,1,140,1
-4,1,140,1
1,0,140,1
4,1,140,1
3,0,140,1
2,0,140,1
0,1,140,1
-1,1,140,1
2,1,140,1
-2,1,140,1
-2,1,140,1
-2,1,140,1
2,1,140,1
-1,1,140,1
5,0,141,1
4,1,141,1
4,1,141,1
4,1,141,1
4,1,141,1
4,1,141,1
-1,0,141,1
-1,0,141,1
3,1,141,1
4,1,141,1
-2,0,141,1
2,1,141,1
-1,1,141,1
5,1,141,1
4,1,141,1
-4,1,142,1
-2,1,142,1
-3,1,142,1
4,1,142,1
-1,0,142,1
-1,1,142,1
-3,1,142,1
0,0,142,1
4,0,142,1
0,0,142,1
1,1,142,1
-3,0,142,1
-3,0,142,1
3,1,142,1
4,1,142,1
3,1,142,1
-3,1,142,1
-4,0,142,1
-2,1,142,1
-3,1,144,1
4,1,144,1
4,1,144,1
4,1,144,1
2,1,144,1
4,1,144,1
1,1,144,1
-1,1,144,1
-3,0,144,1
-3,0,144,1
-3,1,144,1
4,1,144,1
2,1,144,1
-1,1,144,1
4,1,144,1
0,1,144,1
1,1,144,1
4,1,144,1
3,1,144,1
1,0,144,1
4,1,145,1
2,1,145,1
1,1,145,1
4,1,145,1
0,0,145,1
-3,0,145,1
4,0,145,1
3,1,145,1
3,1,145,1
1,1,145,1
1,1,145,1
3,1,145,1
1,1,145,1
-4,1,145,1
-3,1,145,1
3,1,145,1
-1,1,145,1
1,1,145,1
-1,1,145,1
-1,1,145,1
1,1,146,1
2,1,146,1
2,1,146,1
4,1,146,1
-3,1,146,1
0,1,146,1
-2,0,146,1
5,1,146,1
4,0,146,1
4,1,146,1
-4,0,146,1
0,1,146,1
2,0,146,1
1,0,146,1
0,1,146,1
-4,0,146,1
5,1,146,1
-2,1,146,1
-3,1,146,1
4,1,147,1
2,0,147,1
3,1,147,1
-3,0,147,1
1,0,147,1
2,0,147,1
1,0,147,1
1,0,147,1
4,0,147,1
4,0,147,1
3,0,147,1
0,0,147,1
2,1,147,1
1,1,147,1
0,0,147,1
-2,0,147,1
5,0,147,1
2,0,147,1
-1,0,147,1
-3,1,148,1
3,1,148,1
1,0,148,1
0,1,148,1
5,1,148,1
4,0,148,1
-2,1,148,1
2,0,148,1
4,1,148,1
4,1,148,1
4,1,148,1
2,0,148,1
0,1,148,1
1,1,148,1
5,1,148,1
-3,0,148,1
-1,0,148,1
-1,1,148,1
-4,1,148,1
0,1,148,1
3,1,149,1
4,0,149,1
-4,1,149,1
3,1,149,1
4,0,149,1
4,1,149,1
0,0,149,1
0,1,149,1
-2,1,149,1
5,1,149,1
2,1,149,1
-1,1,149,1
0,1,149,1
0,0,149,1
1,1,149,1
4,1,149,1
4,0,149,1
-4,1,149,1
-2,1,149,1
-2,0,149,1
2,1,150,1
-1,0,150,1
1,1,150,1
-3,0,150,1
-3,0,150,1
-2,0,150,1
-3,1,150,1
-2,0,150,1
-2,0,150,1
4,0,150,1
-4,0,150,1
-4,1,150,1
-3,0,150,1
-1,1,150,1
0,0,150,1
-1,0,150,1
-1,1,150,1
2,1,150,1
4,0,150,1
-2,0,151,1
1,1,151,1
3,0,151,1
-4,1,151,1
-1,1,151,1
-3,0,151,1
0,1,151,1
-4,0,151,1
-1,0,151,1
5,0,151,1
1,0,151,1
1,0,151,1
-1,1,151,1
-3,0,151,1
1,1,151,1
2,1,151,1
3,0,151,1
-2,0,151,1
2,1,151,1
-2,1,151,1
-2,0,152,1
3,0,152,1
-3,1,152,1
0,0,152,1
-2,0,152,1
5,1,152,1
5,1,152,1
-1,1,152,1
-3,0,152,1
2,0,152,1
4,1,152,1
4,1,152,1
5,0,152,1
1,1,152,1
2,1,152,1
5,1,152,1
1,1,152,1
4,1,152,1
1,0,152,1
-3,1,152,1
4,0,153,1
-1,0,153,1
0,0,153,1
-3,1,153,1
4,0,153,1
-2,1,153,1
-1,0,153,1
0,0,153,1
-3,0,153,1
-2,0,153,1
-1,1,153,1
-3,1,153,1
-1,0,153,1
3,1,154,1
3,0,154,1
3,0,154,1
4,1,154,1
3,0,154,1
0,1,154,1
-4,1,154,1
-3,1,154,1
-3,0,154,1
-2,0,154,1
-4,1,154,1
-3,1,154,1
-2,1,154,1
0,1,154,1
5,1,154,1
3,1,154,1
-2,0,154,1
2,0,154,1
4,1,154,1
4,0,154,1
-2,1,155,1
-1,1,155,1
4,1,155,1
2,1,155,1
0,1,155,1
1,0,155,1
4,1,155,1
5,1,155,1
-2,1,155,1
-3,1,155,1
1,1,155,1
0,1,155,1
-3,1,155,1
-3,1,155,1
3,1,155,1
-2,1,155,1
2,1,155,1
2,1,155,1
3,1,155,1
4,1,156,1
2,1,156,1
-4,1,156,1
0,1,156,1
-2,1,156,1
2,1,156,1
-2,1,156,1
-4,1,156,1
1,1,156,1
-4,1,156,1
-2,1,156,1
-2,1,156,1
-3,1,156,1
3,1,156,1
0,1,156,1
4,1,156,1
3,1,156,1
4,1,156,1
5,1,156,1
4,1,156,1
4,1,157,1
3,0,157,1
5,0,157,1
-2,0,157,1
3,0,157,1
-2,1,157,1
-4,0,157,1
4,1,157,1
3,0,157,1
-4,1,157,1
-2,0,157,1
0,1,157,1
-2,1,157,1
-4,0,157,1
5,1,157,1
4,0,157,1
4,0,157,1
1,0,157,1
0,1,157,1
-3,1,158,1
2,0,158,1
2,1,158,1
-3,1,158,1
0,0,158,1
4,1,158,1
0,0,158,1
3,1,158,1
-1,1,158,1
-3,0,158,1
-4,0,158,1
0,0,158,1
-1,1,158,1
-2,0,158,1
4,1,158,1
2,1,158,1
-1,1,158,1
1,0,158,1
3,1,158,1
-2,1,159,1
0,0,159,1
5,0,159,1
4,1,159,1
-2,0,159,1
-3,1,159,1
-1,0,159,1
1,1,159,1
-3,1,159,1
3,1,159,1
2,0,159,1
0,0,159,1
-1,1,159,1
4,0,159,1
0,1,159,1
4,0,159,1
2,1,159,1
4,1,159,1
4,1,159,1
0,1,159,1
5,0,160,1
1,0,160,1
-1,0,160,1
-1,0,160,1
0,0,160,1
3,0,160,1
1,0,160,1
-4,1,160,1
-1,0,160,1
2,0,160,1
0,0,160,1
-1,1,160,1
-3,1,160,1
-1,0,160,1
-1,0,160,1
2,0,160,1
0,1,160,1
-3,1,160,1
-3,1,160,1
0,1,160,1
0,1,161,1
0,1,161,1
-1,0,161,1
0,1,161,1
-3,0,161,1
3,0,161,1
-1,0,161,1
-4,0,161,1
0,0,161,1
-1,0,161,1
-1,1,161,1
-2,1,161,1
0,0,161,1
3,1,161,1
1,0,161,1
-4,0,161,1
-3,0,161,1
5,0,161,1
0,0,161,1
1,1,162,1
-1,1,162,1
0,1,162,1
1,1,162,1
-3,1,162,1
-3,1,162,1
4,1,162,1
-3,1,162,1
3,1,162,1
3,1,162,1
-3,1,162,1
-1,1,162,1
-2,1,162,1
-3,1,162,1
-3,1,162,1
2,1,162,1
-1,1,162,1
-1,1,162,1
5,1,162,1
5,1,164,1
-2,0,164,1
-3,1,164,1
0,1,164,1
-2,1,164,1
-3,0,164,1
-2,1,164,1
4,0,164,1
1,1,164,1
-1,0,164,1
1,0,164,1
4,0,164,1
5,0,164,1
4,1,164,1
1,1,164,1
-4,0,164,1
-4,1,164,1
-1,1,164,1
2,1,164,1
1,0,164,1
-1,1,165,1
-4,0,165,1
-3,0,165,1
4,1,165,1
3,0,165,1
-1,1,165,1
-4,1,165,1
0,1,165,1
-1,0,165,1
2,0,165,1
1,0,165,1
1,0,165,1
-3,0,165,1
1,1,165,1
4,1,165,1
0,0,165,1
1,1,165,1
2,0,165,1
-2,1,165,1
0,1,165,1
3,0,166,1
-1,0,166,1
-4,1,166,1
2,1,166,1
1,0,166,1
-2,0,166,1
4,1,166,1
-1,0,166,1
0,0,166,1
-2,0,166,1
-2,1,166,1
-1,0,166,1
0,1,166,1
-1,0,166,1
4,0,166,1
-3,1,166,1
3,0,166,1
2,0,166,1
1,0,166,1
1,1,166,1
-1,0,167,1
2,0,167,1
2,0,167,1
-2,0,167,1
-4,1,167,1
2,1,167,1
-2,0,167,1
1,0,167,1
1,1,167,1
-1,0,167,1
1,0,167,1
3,1,167,1
-2,1,167,1
-3,0,167,1
-2,1,167,1
-3,1,167,1
-3,1,167,1
2,1,167,1
-4,1,167,1
-3,1,168,1
4,1,168,1
0,1,168,1
3,1,168,1
-3,1,168,1
3,1,168,1
-1,0,168,1
4,1,168,1
-1,0,168,1
-4,0,168,1
4,1,168,1
1,1,168,1
3,0,168,1
0,1,168,1
0,1,168,1
-4,0,168,1
-4,0,168,1
3,1,168,1
2,1,168,1
-3,1,169,1
-3,0,169,1
0,1,169,1
-1,0,169,1
1,1,169,1
-3,0,169,1
-1,1,169,1
0,1,169,1
4,1,169,1
0,0,169,1
3,0,169,1
-3,1,169,1
2,0,169,1
3,1,169,1
-1,0,169,1
3,1,169,1
-4,1,169,1
-4,0,169,1
0,1,169,1
1,1,169,1
2,0,170,1
3,0,170,1
-3,0,170,1
-1,0,170,1
4,0,170,1
-3,0,170,1
-3,1,170,1
-3,1,170,1
3,1,170,1
4,0,170,1
2,1,170,1
3,0,170,1
0,0,170,1
1,0,170,1
-1,0,170,1
-2,0,170,1
2,0,170,1
2,1,170,1
2,1,170,1
3,0,170,1
0,0,171,1
4,0,171,1
0,0,171,1
0,0,171,1
3,0,171,1
0,0,171,1
-2,1,171,1
5,0,171,1
-2,0,171,1
2,0,171,1
-4,0,171,1
0,0,171,1
-3,1,171,1
4,1,171,1
5,0,171,1
4,0,171,1
2,1,171,1
1,1,171,1
-2,0,171,1
-2,0,171,1
-1,1,172,1
-1,0,172,1
-2,1,172,1
0,0,172,1
-3,1,172,1
2,1,172,1
4,1,172,1
4,1,172,1
4,1,172,1
-3,0,172,1
-1,1,172,1
4,0,172,1
4,1,172,1
-2,1,172,1
0,1,172,1
3,0,172,1
3,0,172,1
-1,1,172,1
3,1,172,1
5,0,172,1
2,1,173,1
-3,1,173,1
-2,1,173,1
-4,0,173,1
4,1,173,1
0,1,173,1
-4,1,173,1
3,1,173,1
5,1,173,1
-2,1,173,1
1,1,173,1
4,1,173,1
-1,0,173,1
2,1,173,1
4,1,173,1
4,1,175,1
2,1,175,1
-1,0,175,1
-3,1,175,1
-4,1,175,1
3,1,175,1
-2,1,175,1
0,1,175,1
-2,1,175,1
-2,0,175,1
2,0,175,1
-2,1,175,1
-4,1,175,1
-4,1,175,1
-2,1,175,1
4,1,175,1
2,1,175,1
2,0,175,1
-4,1,175,1
-2,1,175,1
1,0,176,1
0,1,176,1
-4,1,176,1
1,1,176,1
5,1,176,1
3,0,176,1
-3,0,176,1
2,1,176,1
-4,1,176,1
-4,1,176,1
2,0,176,1
3,0,176,1
4,0,176,1
3,1,176,1
-2,1,176,1
4,1,176,1
-1,1,176,1
4,1,176,1
-3,1,176,1
5,1,176,1
5,0,178,1
2,0,178,1
4,0,178,1
4,0,178,1
5,0,178,1
2,1,178,1
-3,0,178,1
0,1,178,1
0,1,178,1
-4,1,178,1
-1,1,178,1
4,1,178,1
2,1,178,1
2,0,178,1
-4,1,178,1
-2,1,178,1
-1,0,178,1
4,0,178,1
3,0,178,1
-1,0,178,1
4,1,179,1
3,0,179,1
4,1,179,1
0,1,179,1
0,0,179,1
3,0,179,1
1,1,179,1
-2,0,179,1
4,1,179,1
4,0,179,1
4,1,179,1
-1,1,179,1
-3,0,179,1
4,1,179,1
1,0,179,1
2,0,179,1
-4,1,179,1
-2,0,179,1
2,0,180,1
0,1,180,1
4,1,180,1
3,0,180,1
5,1,180,1
5,1,180,1
-1,1,180,1
0,0,180,1
-4,1,180,1
-1,0,180,1
4,1,180,1
3,0,180,1
-4,1,180,1
4,1,180,1
1,1,180,1
4,1,180,1
0,1,180,1
1,1,180,1
3,1,181,1
3,1,181,1
2,1,181,1
2,1,181,1
2,1,181,1
1,1,181,1
4,1,181,1
0,1,181,1
4,1,181,1
3,1,181,1
2,1,181,1
-3,1,181,1
-1,0,181,1
1,1,181,1
-3,1,181,1
-1,1,181,1
3,1,181,1
3,1,181,1
-3,0,181,1
-2,0,182,1
-2,1,182,1
0,0,182,1
-4,1,182,1
-4,1,182,1
0,0,182,1
-1,0,182,1
-2,0,182,1
4,0,182,1
-3,1,182,1
0,1,182,1
5,1,182,1
0,0,182,1
1,0,182,1
-3,0,182,1
-3,1,182,1
1,0,182,1
-2,1,182,1
-1,0,182,1
-2,0,182,1
1,1,183,1
3,1,183,1
-1,1,183,1
4,1,183,1
-2,1,183,1
2,1,183,1
-2,1,183,1
-3,1,183,1
3,1,183,1
3,1,183,1
5,1,183,1
-1,1,183,1
4,1,183,1
1,1,183,1
2,1,183,1
-4,1,183,1
-3,1,183,1
-3,1,183,1
2,1,183,1
4,1,183,1
4,1,184,1
4,0,184,1
-1,1,184,1
4,0,184,1
-1,0,184,1
2,1,184,1
-1,1,184,1
4,1,184,1
-4,1,184,1
-2,1,184,1
3,0,184,1
4,0,184,1
-1,0,184,1
0,0,184,1
2,0,184,1
4,0,184,1
3,1,184,1
5,0,184,1
-1,1,184,1
1,0,184,1
5,1,185,1
0,1,185,1
4,1,185,1
4,1,185,1
4,1,185,1
3,1,185,1
-4,1,185,1
0,1,185,1
-3,1,185,1
-4,1,185,1
0,1,185,1
1,1,185,1
4,1,185,1
3,1,185,1
-3,1,185,1
-4,1,185,1
-4,1,185,1
1,0,185,1
4,1,185,1
4,0,186,1
1,1,186,1
5,1,186,1
3,1,186,1
1,0,186,1
4,1,186,1
1,0,186,1
-4,0,186,1
-4,1,186,1
-3,1,186,1
-2,1,186,1
5,1,186,1
-3,1,186,1
-4,1,186,1
0,0,186,1
3,0,186,1
0,0,186,1
4,0,186,1
-2,1,186,1
0,0,186,1
-3,0,187,1
0,1,187,1
3,0,187,1
1,1,187,1
-3,0,187,1
3,0,187,1
4,0,187,1
3,0,187,1
2,0,187,1
-2,0,187,1
0,1,187,1
-2,0,187,1
-4,0,187,1
-1,0,187,1
1,1,187,1
4,1,187,1
1,0,187,1
0,0,187,1
4,1,187,1
-3,0,188,1
-3,1,188,1
-1,0,188,1
2,0,188,1
-4,0,188,1
4,0,188,1
1,1,188,1
3,1,188,1
-2,1,188,1
2,1,188,1
1,1,188,1
4,0,188,1
-1,1,188,1
-2,1,188,1
-2,0,188,1
-2,1,188,1
0,0,188,1
4,0,188,1
0,1,188,1
0,0,188,1
0,1,189,1
0,1,189,1
0,1,189,1
2,1,189,1
4,1,189,1
0,1,189,1
-4,0,189,1
-1,1,189,1
-1,1,189,1
2,1,189,1
-3,0,189,1
-1,0,189,1
1,1,189,1
2,1,189,1
0,1,189,1
4,1,189,1
4,1,189,1
-2,1,189,1
2,1,189,1
4,1,189,1
-1,0,190,1
2,0,190,1
-1,0,190,1
1,0,190,1
-1,0,190,1
-4,1,190,1
-3,0,190,1
3,0,190,1
2,1,190,1
0,0,190,1
5,0,190,1
2,0,190,1
5,0,190,1
-3,1,190,1
0,1,190,1
4,0,190,1
1,0,190,1
-3,0,190,1
-1,0,190,1
-3,1,190,1
1,1,191,1
1,0,191,1
-2,0,191,1
-3,0,191,1
4,1,191,1
-3,0,191,1
-2,1,191,1
4,0,191,1
-3,0,191,1
-2,0,191,1
-3,1,191,1
-1,0,191,1
-3,1,191,1
0,1,191,1
2,0,191,1
2,1,191,1
4,1,191,1
-3,0,191,1
0,0,191,1
1,0,193,1
2,0,193,1
3,1,193,1
-1,1,193,1
-2,0,193,1
-3,0,193,1
2,1,193,1
4,0,193,1
4,0,193,1
4,1,193,1
2,0,193,1
-4,0,193,1
3,0,193,1
-3,1,193,1
-2,0,193,1
-3,0,193,1
2,0,193,1
4,1,193,1
4,0,193,1
0,0,194,1
0,0,194,1
-3,1,194,1
2,1,194,1
0,1,194,1
0,1,194,1
-3,1,194,1
2,0,194,1
3,1,194,1
-2,0,194,1
-4,1,194,1
3,1,194,1
5,0,194,1
1,0,194,1
-3,0,194,1
4,1,194,1
5,0,194,1
-1,1,194,1
2,1,194,1
-1,0,194,1
-3,1,195,1
-1,1,195,1
-2,1,195,1
-1,1,195,1
-4,1,195,1
0,1,195,1
3,0,195,1
0,0,195,1
-3,1,195,1
1,1,195,1
2,1,195,1
0,0,195,1
-3,0,195,1
-1,1,195,1
-4,1,195,1
0,0,195,1
-3,1,195,1
-1,0,195,1
0,1,195,1
0,0,195,1
5,1,196,1
3,0,196,1
-2,1,196,1
4,1,196,1
1,1,196,1
2,1,196,1
5,1,196,1
3,1,196,1
3,1,196,1
-1,1,196,1
5,1,196,1
2,1,196,1
2,1,196,1
3,1,196,1
5,1,196,1
-2,1,196,1
-3,0,196,1
1,1,196,1
3,1,196,1
0,1,196,1
1,1,197,1
2,0,197,1
4,1,197,1
4,1,197,1
0,1,197,1
-4,1,197,1
-4,1,197,1
-2,1,197,1
-2,1,197,1
-3,1,197,1
0,0,197,1
-1,1,197,1
4,1,197,1
-1,0,197,1
-1,0,197,1
-2,1,197,1
4,1,197,1
-1,1,197,1
3,1,197,1
-4,1,197,1
4,0,198,1
-2,1,198,1
0,1,198,1
5,1,198,1
4,1,198,1
-4,0,198,1
-2,0,198,1
3,1,198,1
3,0,198,1
0,1,198,1
4,1,198,1
-2,0,198,1
-3,0,198,1
-1,0,198,1
2,0,198,1
-2,0,198,1
3,1,198,1
0,1,198,1
4,0,198,1
0,0,200,1
-1,1,200,1
0,1,200,1
3,1,200,1
2,1,200,1
5,1,200,1
-4,1,200,1
-1,1,200,1
-3,1,200,1
-3,0,200,1
4,0,200,1
3,1,200,1
-1,1,200,1
2,0,200,1
-3,1,200,1
-4,0,200,1
0,0,200,1
3,0,200,1
-2,1,200,1
0,1,200,1
-2,1,202,1
3,1,202,1
-4,0,202,1
2,1,202,1
-3,0,202,1
-1,0,202,1
-3,0,202,1
2,0,202,1
5,1,202,1
4,0,202,1
-3,1,202,1
-2,1,202,1
-4,0,202,1
4,0,202,1
5,0,202,1
4,0,202,1
4,0,202,1
4,0,202,1
4,0,202,1
-2,1,203,1
3,1,203,1
5,1,203,1
0,1,203,1
-2,1,203,1
4,1,203,1
0,1,203,1
-2,1,203,1
1,1,203,1
1,1,203,1
-1,0,203,1
5,0,203,1
1,1,203,1
3,1,203,1
3,1,203,1
3,0,204,1
-2,0,204,1
2,0,204,1
4,0,204,1
5,0,204,1
0,0,204,1
2,0,204,1
3,0,204,1
3,1,204,1
3,0,204,1
-3,1,204,1
0,1,204,1
2,0,204,1
-3,1,204,1
-1,0,204,1
-1,1,204,1
-1,1,204,1
4,0,204,1
4,0,204,1
0,1,204,1
2,1,205,1
5,1,205,1
1,0,205,1
5,0,205,1
1,0,205,1
4,1,205,1
-3,0,205,1
1,0,205,1
-1,0,205,1
5,0,205,1
-4,0,205,1
3,0,205,1
-1,0,205,1
0,1,205,1
4,1,205,1
2,0,205,1
3,0,205,1
5,0,205,1
4,0,205,1
3,0,205,1
-1,0,207,1
-1,0,207,1
4,0,207,1
2,0,207,1
5,0,207,1
-1,0,207,1
-1,0,207,1
2,0,207,1
-2,0,207,1
2,0,207,1
3,0,207,1
-3,1,207,1
-2,0,207,1
4,0,207,1
5,0,207,1
-2,0,207,1
1,0,207,1
3,0,207,1
5,0,207,1
-3,0,207,1
-4,0,208,1
-3,1,208,1
-4,1,208,1
3,1,208,1
-2,1,208,1
2,0,208,1
4,0,208,1
-2,0,208,1
0,1,208,1
1,1,208,1
-1,0,208,1
4,1,208,1
-2,1,208,1
-3,0,208,1
1,1,208,1
4,0,208,1
1,0,208,1
-2,1,208,1
-3,1,208,1
-1,0,208,1
0,0,209,1
-2,0,209,1
-2,0,209,1
-1,1,209,1
-3,0,209,1
0,0,209,1
2,0,209,1
-3,0,209,1
4,1,209,1
-1,0,209,1
3,0,209,1
4,1,209,1
2,0,209,1
-2,1,209,1
0,0,209,1
1,0,209,1
0,0,209,1
0,0,209,1
1,1,209,1
-3,0,209,1
2,1,210,1
4,1,210,1
0,0,210,1
1,0,210,1
4,0,210,1
-3,1,210,1
-4,1,210,1
-1,0,210,1
1,1,210,1
5,1,210,1
5,1,210,1
4,1,210,1
-1,1,210,1
3,0,210,1
2,1,210,1
-3,0,210,1
2,0,210,1
-3,1,210,1
-1,1,210,1
-3,1,210,1
0,0,211,1
-1,1,211,1
4,1,211,1
4,1,211,1
-3,1,211,1
-1,1,211,1
1,1,211,1
5,0,211,1
4,0,211,1
5,1,211,1
0,1,211,1
3,0,211,1
4,0,211,1
1,0,211,1
2,0,211,1
3,0,211,1
0,1,211,1
-4,1,211,1
2,1,211,1
-4,1,212,1
-2,1,212,1
-3,1,212,1
4,0,212,1
3,0,212,1
1,1,212,1
-3,1,212,1
-3,0,212,1
4,0,212,1
5,1,212,1
3,0,212,1
2,0,212,1
-4,0,212,1
-3,0,212,1
-3,1,212,1
1,0,212,1
2,1,212,1
0,0,212,1
4,0,212,1
5,0,212,1
0,0,214,1
2,1,214,1
3,1,214,1
-2,0,214,1
5,0,214,1
0,0,214,1
5,0,214,1
1,0,214,1
-2,0,214,1
2,0,214,1
-4,0,214,1
-1,0,214,1
0,1,214,1
-3,1,214,1
-2,0,214,1
-1,0,214,1
-3,0,214,1
-1,0,214,1
-1,0,214,1
2,0,215,1
-1,0,215,1
4,1,215,1
0,0,215,1
3,0,215,1
1,0,215,1
-4,1,215,1
2,1,215,1
2,0,215,1
-3,1,215,1
-3,1,215,1
-4,1,215,1
-1,1,215,1
1,1,215,1
3,1,215,1
3,1,215,1
3,1,215,1
1,1,215,1
2,1,215,1
-2,1,215,1
0,1,216,1
1,1,216,1
5,1,216,1
1,0,216,1
-3,1,216,1
-1,0,216,1
5,1,216,1
4,1,216,1
1,1,216,1
1,1,216,1
3,1,216,1
0,1,216,1
4,1,216,1
-1,0,216,1
2,1,216,1
-3,0,216,1
3,0,216,1
5,1,216,1
-2,0,216,1
-2,1,216,1
-1,0,217,1
-3,0,217,1
-2,0,217,1
-3,0,217,1
2,0,217,1
0,0,217,1
1,0,217,1
0,0,217,1
4,0,217,1
-3,1,217,1
2,1,217,1
-1,0,217,1
-2,0,217,1
-1,0,217,1
-2,0,217,1
2,0,217,1
-1,1,217,1
-4,0,217,1
0,0,217,1
3,1,217,1
-3,0,218,1
0,1,218,1
4,0,218,1
-2,1,218,1
-3,0,218,1
-1,0,218,1
-1,1,218,1
-1,1,218,1
-1,1,218,1
5,0,218,1
-1,0,218,1
-2,1,218,1
-3,0,218,1
-1,1,218,1
3,0,218,1
-1,0,218,1
3,1,218,1
5,1,218,1
0,0,218,1
4,1,218,1
3,1,219,1
2,1,219,1
-1,0,219,1
0,0,219,1
0,0,219,1
-2,1,219,1
4,1,219,1
-3,0,219,1
-4,0,219,1
0,0,219,1
-1,0,219,1
2,1,219,1
4,1,219,1
3,1,219,1
0,0,219,1
-1,1,219,1
-1,1,219,1
5,1,219,1
0,1,219,1
3,0,219,1
3,0,222,1
3,0,222,1
3,0,222,1
4,0,222,1
-2,0,222,1
-1,0,222,1
0,0,222,1
4,0,222,1
5,0,222,1
5,0,222,1
5,1,222,1
4,0,222,1
3,0,222,1
4,1,222,1
-1,0,222,1
-1,0,222,1
1,0,222,1
-2,0,222,1
-3,0,222,1
1,0,222,1
-2,0,223,1
-3,1,223,1
-1,0,223,1
-1,1,223,1
4,1,223,1
1,1,223,1
-1,1,223,1
-1,1,223,1
1,1,223,1
4,1,223,1
4,1,223,1
-2,1,223,1
-3,1,223,1
-4,1,223,1
-3,1,223,1
-2,0,223,1
3,1,223,1
1,1,223,1
-4,1,223,1
0,1,223,1
-2,1,224,1
-3,0,224,1
-1,0,224,1
-4,1,224,1
2,1,224,1
4,0,224,1
-4,0,224,1
4,0,224,1
-3,0,224,1
-2,0,224,1
-3,1,224,1
2,1,224,1
-1,0,224,1
-2,0,224,1
-2,1,224,1
-3,1,224,1
-2,1,224,1
-3,0,224,1
-1,1,224,1
5,1,225,1
0,0,225,1
-2,1,225,1
4,1,225,1
2,1,225,1
-3,1,225,1
1,0,225,1
1,1,225,1
4,0,225,1
3,1,225,1
5,1,225,1
4,1,225,1
3,0,225,1
3,0,225,1
-4,0,225,1
1,1,225,1
0,1,225,1
-2,1,225,1
0,1,226,1
1,0,226,1
3,1,226,1
4,0,226,1
3,0,226,1
4,0,226,1
-2,0,226,1
0,1,226,1
4,0,226,1
4,0,226,1
-2,1,226,1
-4,0,226,1
-1,1,226,1
-4,1,226,1
2,1,226,1
-2,1,226,1
4,0,226,1
4,0,226,1
0,0,226,1
1,1,226,1
-4,1,227,1
0,0,227,1
-3,0,227,1
1,0,227,1
-3,1,227,1
0,0,227,1
3,1,227,1
3,1,227,1
1,0,227,1
-1,0,227,1
3,0,227,1
3,1,227,1
-3,1,227,1
1,0,227,1
1,1,227,1
-3,1,228,1
1,1,228,1
3,1,228,1
1,1,228,1
-3,0,228,1
3,1,228,1
3,0,228,1
1,0,228,1
0,0,228,1
-1,1,228,1
-2,1,228,1
-3,0,228,1
4,1,228,1
5,1,228,1
4,1,228,1
2,1,228,1
-1,0,228,1
2,1,228,1
-2,0,228,1
4,1,228,1
-4,0,229,1
5,1,229,1
2,0,229,1
-4,0,229,1
-1,0,229,1
-2,0,229,1
-2,1,229,1
4,0,229,1
4,1,229,1
3,1,229,1
0,1,229,1
4,1,229,1
4,1,229,1
1,1,229,1
3,0,229,1
-3,1,229,1
2,0,229,1
1,1,229,1
0,0,229,1
-4,0,231,1
-3,1,231,1
1,1,231,1
-2,1,231,1
-4,1,231,1
-3,1,231,1
1,1,231,1
2,0,231,1
-3,0,231,1
-1,1,231,1
0,1,231,1
0,1,231,1
2,1,231,1
5,0,231,1
3,1,231,1
4,1,231,1
-3,0,231,1
-1,1,231,1
2,1,231,1
5,0,233,1
-2,0,233,1
1,1,233,1
2,1,233,1
5,0,233,1
1,0,233,1
5,1,233,1
-3,1,233,1
-1,1,233,1
-1,0,233,1
-1,0,233,1
-3,1,233,1
-1,1,233,1
-3,0,233,1
3,1,233,1
2,1,233,1
-2,0,233,1
1,1,233,1
-1,1,233,1
3,0,233,1
-2,0,234,1
0,1,234,1
-2,0,234,1
1,0,234,1
4,0,234,1
4,0,234,1
-4,1,234,1
0,0,234,1
2,1,234,1
3,0,234,1
2,0,234,1
0,1,234,1
1,1,234,1
3,0,234,1
3,1,234,1
3,0,234,1
-1,0,234,1
5,1,234,1
4,1,234,1
-4,1,235,1
-1,1,235,1
-1,0,235,1
2,0,235,1
-2,0,235,1
4,1,235,1
1,1,235,1
0,1,235,1
4,0,235,1
-1,0,235,1
3,1,235,1
-1,1,235,1
3,1,235,1
-2,1,235,1
0,0,235,1
1,0,235,1
-1,0,235,1
5,0,235,1
2,1,235,1
-2,1,235,1
-4,1,236,1
-1,0,236,1
3,1,236,1
0,0,236,1
-1,1,236,1
3,0,236,1
-2,0,236,1
-2,0,236,1
-4,1,236,1
4,0,236,1
5,0,236,1
3,0,236,1
0,0,236,1
2,0,236,1
4,1,236,1
2,1,236,1
5,1,236,1
4,0,236,1
4,0,236,1
4,0,236,1
0,1,237,1
0,1,237,1
4,1,237,1
4,1,237,1
1,0,237,1
-3,0,237,1
-2,1,237,1
0,1,237,1
4,0,237,1
-3,1,237,1
-4,1,237,1
-1,1,237,1
4,0,237,1
3,1,237,1
1,0,237,1
4,0,237,1
-3,1,238,1
2,0,238,1
-2,1,238,1
-4,1,238,1
-1,0,238,1
1,0,238,1
1,0,238,1
3,0,238,1
-4,0,238,1
-4,1,238,1
1,1,238,1
-2,1,238,1
-2,1,238,1
0,1,238,1
0,0,238,1
0,1,238,1
-2,1,238,1
-2,1,238,1
-4,1,238,1
-4,1,238,1
3,1,240,1
3,1,240,1
-3,1,240,1
-2,1,240,1
0,1,240,1
0,1,240,1
1,1,240,1
0,1,240,1
-1,1,240,1
-4,0,240,1
3,1,240,1
1,1,240,1
0,1,240,1
0,1,240,1
2,1,240,1
1,1,240,1
4,1,240,1
-3,1,240,1
2,1,240,1
3,1,240,1
4,1,241,1
0,0,241,1
-1,1,241,1
1,0,241,1
1,0,241,1
-3,1,241,1
2,0,241,1
2,0,241,1
-1,1,241,1
2,0,241,1
3,0,241,1
-1,0,241,1
4,0,241,1
0,0,241,1
3,0,241,1
-3,0,241,1
-2,0,241,1
0,0,241,1
3,0,241,1
0,1,242,1
4,1,242,1
4,1,242,1
-1,1,242,1
-2,1,242,1
-3,0,242,1
4,1,242,1
3,1,242,1
4,1,242,1
5,1,242,1
-4,1,242,1
1,1,242,1
3,1,242,1
-2,0,242,1
4,1,242,1
-2,0,242,1
0,1,242,1
1,1,242,1
2,1,242,1
1,1,242,1
0,0,243,1
-1,0,243,1
-3,0,243,1
0,1,243,1
5,0,243,1
2,0,243,1
-2,1,243,1
-2,1,243,1
-1,1,243,1
1,1,243,1
0,1,243,1
3,1,243,1
1,1,243,1
2,1,243,1
1,1,243,1
4,1,243,1
2,0,243,1
2,0,243,1
2,0,243,1
4,0,244,1
5,0,244,1
-2,0,244,1
1,0,244,1
2,0,244,1
3,0,244,1
-4,1,244,1
-1,0,244,1
-1,0,244,1
-3,0,244,1
0,0,244,1
0,0,244,1
-1,0,244,1
-3,0,244,1
-4,0,244,1
-2,0,244,1
-1,0,244,1
4,0,244,1
-3,0,244,1
1,0,244,1
-3,0,245,1
-4,0,245,1
-1,0,245,1
3,0,245,1
4,0,245,1
4,0,245,1
4,0,245,1
-3,1,245,1
-3,1,245,1
-1,0,245,1
2,0,245,1
-4,1,245,1
-3,1,245,1
-1,0,245,1
1,1,245,1
4,0,245,1
-1,1,245,1
4,1,245,1
5,0,245,1
1,0,245,1
3,1,246,1
2,1,246,1
-1,1,246,1
-4,0,246,1
-4,0,246,1
2,1,246,1
5,1,246,1
1,1,246,1
3,1,246,1
-2,1,246,1
-3,1,246,1
-3,1,246,1
-1,1,246,1
2,0,246,1
1,0,246,1
-4,1,246,1
4,0,246,1
3,0,246,1
3,0,246,1
1,0,246,1
2,1,247,1
0,1,247,1
-2,1,247,1
4,1,247,1
2,1,247,1
1,1,247,1
-1,1,247,1
-3,0,247,1
-2,1,247,1
-1,1,247,1
2,1,247,1
-1,1,247,1
1,1,247,1
1,1,247,1
-2,0,247,1
-1,0,247,1
5,1,247,1
2,1,247,1
-1,0,247,1
1,1,247,1
0,0,249,1
-4,0,249,1
-2,0,249,1
0,0,249,1
5,0,249,1
2,0,249,1
5,0,249,1
1,1,249,1
4,1,249,1
4,1,249,1
-3,0,249,1
0,0,249,1
-4,0,249,1
1,1,249,1
4,0,249,1
4,0,249,1
-2,0,249,1
-4,0,249,1
-1,1,249,1
4,0,249,1
3,0,250,1
-2,0,250,1
4,0,250,1
4,0,250,1
5,0,250,1
3,0,250,1
3,0,250,1
2,0,250,1
3,0,250,1
-2,0,250,1
4,0,250,1
1,0,250,1
-2,0,250,1
-2,0,250,1
3,0,250,1
2,1,250,1
-1,0,250,1
-2,0,250,1
-3,1,250,1
1,1,251,1
-2,1,251,1
2,1,251,1
-2,1,251,1
-3,1,251,1
-1,1,251,1
-3,0,251,1
-3,0,251,1
-2,1,251,1
0,1,251,1
2,1,251,1
1,1,251,1
-2,0,251,1
2,0,251,1
-1,0,251,1
-2,1,251,1
-2,1,251,1
3,1,251,1
0,1,251,1
-3,0,251,1
1,0,252,1
0,0,252,1
0,0,252,1
2,0,252,1
3,0,252,1
3,1,252,1
1,0,252,1
0,0,252,1
1,1,252,1
1,1,252,1
-1,1,252,1
1,1,252,1
5,1,252,1
-1,0,252,1
2,1,252,1
1,0,252,1
0,1,252,1
5,1,252,1
4,1,252,1
2,1,252,1
-1,0,254,1
-1,1,254,1
-1,1,254,1
0,0,254,1
-2,1,254,1
-2,1,254,1
-4,0,254,1
4,1,254,1
-2,0,254,1
0,0,254,1
-2,0,254,1
-3,1,254,1
0,0,254,1
4,1,254,1
3,1,254,1
0,0,254,1
1,0,254,1
1,0,254,1
4,1,254,1
-3,0,255,1
4,0,255,1
-1,0,255,1
1,0,255,1
-1,1,255,1
-3,1,255,1
2,1,255,1
3,1,255,1
2,0,255,1
-2,0,255,1
1,0,255,1
-2,1,255,1
-2,0,255,1
1,0,255,1
2,1,255,1
-4,1,255,1
-4,0,255,1
-1,0,255,1
0,0,255,1
-2,0,255,1
5,1,256,1
-1,0,256,1
4,1,256,1
-4,1,256,1
3,0,256,1
-1,1,256,1
-2,1,256,1
1,1,256,1
1,0,256,1
-1,1,256,1
-1,1,256,1
5,1,256,1
4,1,256,1
5,1,256,1
-1,1,256,1
1,0,256,1
-2,0,256,1
2,1,256,1
4,1,256,1
1,1,256,1
2,0,257,1
2,0,257,1
0,0,257,1
0,0,257,1
3,1,257,1
-3,1,257,1
0,1,257,1
-1,1,257,1
0,1,257,1
2,1,257,1
0,1,257,1
-4,1,257,1
0,1,257,1
-3,0,257,1
3,0,257,1
1,1,257,1
-2,1,257,1
-1,1,257,1
-1,1,257,1
-1,1,257,1
0,1,258,1
-4,1,258,1
-1,1,258,1
2,1,258,1
3,0,258,1
2,1,258,1
-1,1,258,1
1,1,258,1
-1,0,258,1
4,0,258,1
-2,0,258,1
-3,1,258,1
-2,1,258,1
1,1,258,1
-2,1,258,1
-3,0,258,1
-3,0,258,1
-3,1,258,1
-2,1,258,1
0,1,258,1
4,0,259,1
2,0,259,1
3,0,259,1
-2,0,259,1
-2,0,259,1
2,0,259,1
5,0,259,1
1,1,259,1
4,1,259,1
-2,1,259,1
-3,0,259,1
-2,0,259,1
0,0,259,1
5,0,259,1
-3,0,259,1
4,0,259,1
-4,0,259,1
0,0,259,1
-1,1,259,1
1,1,260,1
-3,0,260,1
4,1,260,1
-1,0,260,1
3,1,260,1
3,0,260,1
4,0,260,1
-2,1,260,1
0,1,260,1
3,0,260,1
4,0,260,1
-4,1,260,1
-1,1,260,1
2,1,260,1
-2,0,260,1
0,1,260,1
3,1,260,1
1,1,260,1
-3,1,260,1
4,1,261,1
3,1,261,1
-3,0,261,1
2,0,261,1
0,0,261,1
5,0,261,1
-4,0,261,1
4,0,261,1
0,1,261,1
0,0,261,1
-4,0,261,1
-3,1,261,1
-1,0,261,1
5,0,261,1
2,0,261,1
-1,1,261,1
-1,1,262,1
3,0,262,1
-2,1,262,1
4,0,262,1
5,0,262,1
4,0,262,1
-3,0,262,1
1,0,262,1
-2,0,262,1
-3,0,262,1
-1,0,262,1
3,0,262,1
0,0,262,1
-3,0,262,1
-2,1,262,1
-2,0,262,1
-2,0,262,1
4,0,262,1
-3,1,262,1
-2,1,262,1
1,1,263,1
5,1,263,1
2,0,263,1
3,1,263,1
4,1,263,1
-2,1,263,1
4,1,263,1
4,1,263,1
-1,1,263,1
1,1,263,1
3,1,263,1
-2,0,263,1
-2,1,263,1
-1,1,263,1
0,1,263,1
2,0,263,1
-1,0,263,1
-4,1,263,1
5,0,263,1
-2,1,263,1
3,1,264,1
0,1,264,1
4,0,264,1
3,0,264,1
-2,0,264,1
-1,0,264,1
-2,0,264,1
-1,0,264,1
-3,0,264,1
-2,1,264,1
2,1,264,1
1,0,264,1
3,1,264,1
-1,0,264,1
0,1,264,1
3,1,264,1
-2,1,264,1
2,1,264,1
1,1,264,1
-3,1,264,1
3,1,265,1
-2,1,265,1
2,1,265,1
-3,1,265,1
2,1,265,1
4,0,265,1
-3,1,265,1
-1,0,265,1
3,1,265,1
1,0,265,1
4,1,265,1
2,1,265,1
-1,1,265,1
0,0,265,1
5,1,265,1
4,1,265,1
-4,1,265,1
4,1,265,1
-1,1,265,1
-1,1,266,1
-2,0,266,1
-2,1,266,1
-1,0,266,1
-1,1,266,1
4,0,266,1
-1,1,266,1
4,1,266,1
0,0,266,1
-1,1,266,1
-1,1,266,1
1,1,266,1
0,0,266,1
-3,0,266,1
1,0,266,1
4,0,266,1
-2,1,266,1
-4,0,266,1
2,0,266,1
-2,1,266,1
-4,0,267,1
-3,1,267,1
-3,1,267,1
4,1,267,1
5,1,267,1
1,1,267,1
0,0,267,1
2,1,267,1
3,1,267,1
-2,0,267,1
2,1,267,1
3,1,267,1
4,1,267,1
4,1,267,1
1,1,267,1
4,1,267,1
-3,0,267,1
4,0,267,1
4,0,267,1
3,1,267,1
3,0,268,1
2,0,268,1
-3,0,268,1
-1,0,268,1
-3,1,268,1
-4,1,268,1
2,0,268,1
2,1,268,1
-4,0,268,1
-2,1,268,1
2,1,268,1
4,1,268,1
-4,1,268,1
-1,0,268,1
-4,1,268,1
-3,1,268,1
3,1,268,1
1,0,268,1
3,0,268,1
3,0,268,1
3,0,270,1
-2,0,270,1
-1,0,270,1
-2,0,270,1
-3,0,270,1
-3,0,270,1
3,0,270,1
0,0,270,1
2,0,270,1
0,0,270,1
4,0,270,1
3,1,270,1
4,0,270,1
2,0,270,1
-2,0,270,1
3,0,270,1
2,0,270,1
3,0,270,1
5,0,270,1
2,0,270,1
4,0,272,1
-2,1,272,1
-2,0,272,1
-2,0,272,1
-1,0,272,1
-1,0,272,1
-2,0,272,1
3,1,272,1
1,0,272,1
0,0,272,1
2,0,272,1
-3,0,272,1
-3,0,272,1
-2,0,272,1
3,1,272,1
5,1,272,1
3,0,272,1
1,1,272,1
2,0,272,1
-3,1,272,1
4,0,273,1
4,0,273,1
4,0,273,1
-3,0,273,1
1,0,273,1
3,0,273,1
-3,0,273,1
-1,0,273,1
-3,1,273,1
4,0,273,1
2,0,273,1
-2,0,273,1
-1,1,273,1
-3,0,273,1
-4,0,273,1
-1,0,273,1
1,0,273,1
5,0,273,1
0,0,273,1
-1,0,273,1
4,1,274,1
-3,1,274,1
-1,1,274,1
-3,1,274,1
-1,1,274,1
1,1,274,1
2,1,274,1
-3,0,274,1
-2,0,274,1
-2,1,274,1
-2,1,274,1
0,1,274,1
-1,1,274,1
0,1,274,1
-1,1,274,1
1,1,274,1
1,0,274,1
-3,1,274,1
-2,1,274,1
3,0,274,1
3,1,275,1
2,1,275,1
5,0,275,1
5,0,275,1
2,0,275,1
5,0,275,1
5,0,275,1
3,1,275,1
5,0,275,1
2,1,275,1
-3,1,275,1
1,1,275,1
-3,1,275,1
-1,1,275,1
-1,1,275,1
-2,0,275,1
-2,0,275,1
4,1,275,1
2,0,275,1
0,1,275,1
-1,1,276,1
4,1,276,1
3,1,276,1
-4,1,276,1
-3,1,276,1
2,0,276,1
-4,1,276,1
5,1,276,1
-1,1,276,1
1,1,276,1
2,1,276,1
1,1,276,1
4,1,276,1
2,1,276,1
2,1,276,1
1,1,276,1
4,1,276,1
4,1,276,1
3,0,276,1
-3,0,276,1
0,1,279,1
-1,0,279,1
4,1,279,1
0,1,279,1
0,1,279,1
5,1,279,1
3,0,279,1
5,0,279,1
-4,0,279,1
2,0,279,1
2,1,279,1
4,1,279,1
2,0,279,1
-2,1,279,1
4,1,281,1
4,1,281,1
3,1,281,1
-2,0,281,1
0,1,281,1
1,1,281,1
2,1,281,1
4,1,281,1
4,1,281,1
-2,1,281,1
-3,1,281,1
0,1,281,1
0,1,281,1
2,1,281,1
3,1,281,1
-1,1,281,1
-2,1,281,1
3,1,281,1
5,0,282,1
-2,0,282,1
0,1,282,1
2,1,282,1
4,0,282,1
4,0,282,1
-2,0,282,1
4,1,282,1
2,1,282,1
-3,0,282,1
-3,1,282,1
3,1,282,1
-1,0,282,1
3,0,282,1
2,1,282,1
3,1,282,1
1,0,282,1
3,1,282,1
0,0,282,1
0,1,282,1
-1,1,284,1
-2,1,284,1
-1,1,284,1
0,1,284,1
4,1,284,1
-3,0,284,1
3,1,284,1
-2,1,284,1
-2,0,284,1
-3,1,284,1
-2,1,284,1
-3,1,284,1
4,1,284,1
3,1,284,1
3,1,284,1
1,1,284,1
0,1,284,1
-1,1,284,1
-1,1,284,1
1,1,284,1
2,0,285,1
3,0,285,1
5,1,285,1
-2,1,285,1
-1,1,285,1
-4,1,285,1
1,0,285,1
1,0,285,1
-3,1,285,1
1,0,285,1
-3,1,285,1
-2,1,285,1
-1,0,285,1
-2,1,285,1
0,1,285,1
2,0,285,1
-4,1,285,1
0,0,285,1
-3,1,285,1
-4,0,285,1
3,1,286,1
0,1,286,1
-3,0,286,1
0,1,286,1
2,1,286,1
4,1,286,1
4,1,286,1
4,1,286,1
5,1,286,1
4,1,286,1
4,1,286,1
5,1,286,1
3,1,286,1
0,1,286,1
2,1,286,1
-2,1,286,1
5,1,286,1
-2,1,286,1
3,1,286,1
3,0,287,1
-3,1,287,1
-2,1,287,1
-3,1,287,1
1,1,287,1
-2,1,287,1
-1,1,287,1
3,1,287,1
3,1,287,1
1,0,287,1
3,1,287,1
0,0,287,1
0,0,287,1
-2,0,287,1
-1,1,287,1
-1,0,287,1
2,1,287,1
2,1,287,1
3,1,287,1
4,1,287,1
-1,0,288,1
3,0,288,1
-3,0,288,1
-4,0,288,1
-4,1,288,1
1,0,288,1
-2,0,288,1
3,0,288,1
3,1,288,1
1,0,288,1
-1,0,288,1
-3,1,288,1
0,0,288,1
-1,0,288,1
3,0,288,1
3,1,288,1
5,1,288,1
4,1,288,1
